url_length,domain_length,path_length,query_length,tld_length,count_dots,count_hyphens,count_underscores,count_slashes,count_double_slashes,count_at,count_question_marks,count_equals,count_percent,count_ampersand,count_digits,digit_ratio,letter_ratio,special_char_ratio,uppercase_ratio,url_entropy,domain_entropy,has_ip_address,subdomain_count,has_https,https_in_domain,suspicious_tld,is_shortened,keyword_count,has_punycode,has_port,has_client_server_token,label,url
61,15,38,0,3,3,0,2,5,0,0,0,0,0,0,1,0.0164,0.8033,0.1803,0.0,4.3083,3.6402,0,1,1,0,0,0,0,0,0,0,0,https://api.netflix.com/library/archive/research_paper_v3.pdf
49,13,28,0,3,1,0,0,5,0,0,0,0,0,0,0,0.0,0.8571,0.1429,0.0,3.9089,3.027,0,0,1,0,0,1,0,0,0,0,0,https://microsoft.com/products/enterprise/pricing
21,6,8,0,2,1,0,0,3,0,0,0,0,0,0,1,0.0476,0.7143,0.2381,0.1905,3.7849,1.9183,0,0,0,0,0,1,0,0,0,0,1,http://goo.gl/JYLp6Pe
57,17,32,0,3,2,1,0,5,0,0,0,0,0,0,0,0.0,0.8421,0.1579,0.0,4.2365,3.7345,0,1,1,0,0,0,1,0,0,0,0,https://m.theguardian.com/news/technology/science-updates
64,14,7,34,3,2,0,0,3,0,0,1,2,0,1,1,0.0156,0.7969,0.1875,0.0,4.4849,3.2359,0,1,1,0,0,0,0,0,0,0,0,https://m.linkedin.com/search?q=machine+learning+tutorial&page=2
59,37,15,0,5,3,1,0,3,0,0,0,0,0,0,2,0.0339,0.8305,0.1356,0.0,4.0512,3.99,0,2,0,0,1,0,2,0,0,0,1,http://chase.com.authentication-efb4a8.trade/authentication
53,14,6,24,3,2,0,1,3,0,0,1,2,0,1,5,0.0943,0.6981,0.2075,0.0,4.5531,3.3788,0,1,1,0,0,0,0,0,0,0,0,https://api.gitlab.com/about?session_id=38982&lang=en
49,27,15,0,3,1,2,0,4,0,0,0,0,0,0,0,0.0,0.8367,0.1633,0.0,4.1071,3.8562,0,0,0,0,1,0,2,0,0,0,1,http://facebook-support-center.fit/support/verify
64,25,18,13,4,1,2,0,5,0,0,1,1,0,0,5,0.0781,0.75,0.1719,0.0,4.6462,3.9737,0,0,0,0,1,0,3,0,0,0,1,http://customer-service-dhl.buzz/webscr/pay/submit?session=27643
86,17,10,50,3,2,1,0,3,0,0,1,2,0,1,18,0.2093,0.6628,0.1279,0.0,4.8663,3.5725,0,0,1,0,0,0,2,0,0,0,1,https://unlock-portal.com/index.php?token=f5c1e1b01e74d4e348310acff28fe3c3&target=usps
44,29,8,0,3,3,1,0,3,0,0,0,0,0,0,5,0.1136,0.7045,0.1818,0.0,4.3222,4.1852,0,2,0,0,1,0,2,0,0,0,1,http://google.com.payment-38529a.win/payment
62,14,40,0,2,6,1,0,5,0,0,0,0,0,0,3,0.0484,0.7419,0.2097,0.0,4.3025,3.182,0,1,1,0,0,0,0,0,0,0,0,https://docs.twitch.tv/downloads/releases/version-4.1.2.tar.gz
74,30,23,13,4,1,2,0,5,0,0,1,1,0,0,5,0.0676,0.7838,0.1486,0.0,4.4081,3.6859,0,0,0,0,1,0,3,0,0,0,1,http://customer-service-metamask.date/webscr/security/submit?session=11435
59,15,13,22,3,2,0,0,4,0,0,1,2,0,1,6,0.1017,0.7119,0.1864,0.0,4.6364,3.3736,0,1,1,0,0,1,0,0,0,0,0,https://m.pinterest.com/profile/user?id=104928&tab=activity
48,14,26,0,3,2,1,0,5,0,0,0,0,0,0,0,0.0,0.8125,0.1875,0.0,4.0963,3.0391,0,1,1,0,0,0,1,0,0,0,0,https://docs.chase.com/help/faq/account-settings
53,30,16,0,4,1,2,0,4,0,0,0,0,0,0,0,0.0,0.8491,0.1509,0.0,4.2356,3.9232,0,0,0,0,1,0,2,0,0,0,1,http://microsoft-password-center.loan/password/verify
80,32,27,13,6,1,2,0,5,0,0,1,1,0,0,5,0.0625,0.8,0.1375,0.0,4.4823,3.9528,0,0,0,0,1,0,3,0,0,0,1,http://customer-service-facebook.racing/webscr/verification/submit?session=72344
70,26,23,13,5,1,2,0,5,0,0,1,1,0,0,5,0.0714,0.7714,0.1571,0.0,4.5449,3.9791,0,0,0,0,1,0,3,0,0,0,1,http://customer-service-dhl.faith/webscr/validate/submit?session=93744
44,28,9,0,2,3,1,0,3,0,0,0,0,0,0,4,0.0909,0.7273,0.1818,0.0,4.2999,4.1106,0,2,0,0,1,0,1,0,0,0,1,http://apple.com.security-e41f42.ml/security
28,14,6,0,3,2,0,0,3,0,0,0,0,0,0,0,0.0,0.7857,0.2143,0.0,3.8693,2.8424,0,1,1,0,0,0,0,0,0,0,0,https://www.google.com/about
42,19,6,9,3,1,1,0,3,0,0,1,1,0,0,1,0.0238,0.7857,0.1905,0.0,4.2694,3.5369,0,0,0,0,1,0,3,0,0,0,1,http://m3tamask-wallet.fit/login?auth=true
52,16,28,0,3,2,0,0,5,0,0,0,0,0,0,0,0.0,0.8462,0.1538,0.0,3.9707,3.625,0,1,1,0,0,0,0,0,0,0,0,https://api.stanford.edu/products/enterprise/pricing
34,13,13,0,1,4,0,0,4,0,0,0,0,0,0,10,0.2941,0.4412,0.2647,0.0,3.881,2.4493,1,0,1,0,0,0,1,0,0,0,1,https://168.221.156.6/dhl/pay.html
62,12,7,34,3,2,0,0,3,0,0,1,2,0,1,1,0.0161,0.7903,0.1935,0.0,4.3993,2.9183,0,1,1,0,0,0,0,0,0,0,0,https://m.oracle.com/search?q=machine+learning+tutorial&page=2
56,9,15,24,3,1,1,1,3,0,0,1,2,0,1,5,0.0893,0.7143,0.1964,0.0,4.7622,2.9477,0,0,0,0,0,0,0,0,0,0,0,http://quora.com/privacy-policy?session_id=73135&lang=en
47,32,8,0,7,3,1,0,3,0,0,0,0,0,0,3,0.0638,0.766,0.1702,0.0,4.4878,4.3903,0,2,0,0,1,0,1,0,0,0,1,http://apple.com.banking-d0b36f.country/banking
50,19,24,0,3,4,0,0,4,0,0,0,0,0,0,15,0.3,0.5,0.2,0.0,4.4333,2.6456,1,0,0,0,0,0,1,0,1,0,1,http://64.240.161.169:8080/coinbase/ebayisapi.html
64,18,38,0,3,3,0,2,5,0,0,0,0,0,0,1,0.0156,0.8125,0.1719,0.0,4.3101,3.7255,0,1,1,0,0,0,1,0,0,0,0,https://support.gitlab.com/library/archive/research_paper_v3.pdf
53,12,8,24,3,2,0,1,3,0,0,1,2,0,1,5,0.0943,0.6981,0.2075,0.0,4.4943,3.2516,0,1,1,0,0,0,0,0,0,0,0,https://m.gitlab.com/contact?session_id=67692&lang=en
40,12,21,0,2,4,0,0,4,0,0,0,0,0,0,9,0.225,0.55,0.225,0.0,4.1842,2.6258,1,0,0,0,0,0,2,0,0,0,1,http://90.22.240.37/binance/payment.html
48,13,28,0,3,2,0,0,5,0,0,0,0,0,0,0,0.0,0.8333,0.1667,0.0,4.1059,3.027,0,1,0,0,0,0,0,0,0,0,0,http://www.quora.com/products/enterprise/pricing
28,14,6,0,3,2,0,0,3,0,0,0,0,0,0,0,0.0,0.7857,0.2143,0.0,3.8424,3.182,0,1,1,0,0,0,0,0,0,0,0,https://m.coursera.org/about
39,20,11,0,3,1,2,0,4,0,0,0,0,0,0,0,0.0,0.7949,0.2051,0.0,4.0798,3.7842,0,0,1,0,1,0,2,0,0,0,1,https://chase-pay-center.kim/pay/verify
57,17,32,0,3,2,1,0,5,0,0,0,0,0,0,0,0.0,0.8421,0.1579,0.0,4.2266,3.3372,0,1,1,0,0,0,2,0,0,0,0,https://support.quora.com/news/technology/science-updates
63,16,39,0,3,2,2,0,6,0,0,0,0,0,0,6,0.0952,0.7302,0.1746,0.0,4.459,3.5,0,1,1,0,0,0,0,0,0,0,0,https://docs.archive.org/blog/2024/05/machine-learning-advances
74,12,29,24,3,3,1,1,5,0,0,1,2,0,1,6,0.0811,0.7162,0.2027,0.0,4.5656,3.2516,0,1,1,0,0,0,0,0,0,0,0,https://m.gitlab.com/docs/v2/getting-started.html?session_id=10661&lang=en
80,34,24,13,3,1,2,0,5,0,0,1,1,0,0,5,0.0625,0.8,0.1375,0.0,4.4873,3.8925,0,0,1,0,1,0,3,0,0,0,1,https://customer-service-bankofamerica.men/webscr/ebayisapi/submit?session=79460
58,14,13,22,3,1,0,0,4,0,0,1,2,0,1,6,0.1034,0.7241,0.1724,0.0,4.6832,3.3788,0,0,1,0,0,0,0,0,0,0,0,https://cloudflare.com/profile/user?id=104928&tab=activity
43,29,7,0,4,3,1,0,3,0,0,0,0,0,0,6,0.1395,0.6744,0.186,0.0,4.2602,4.0473,0,2,0,0,1,0,1,0,0,0,1,http://amazon.com.secure-816965.rest/secure
41,27,7,0,3,3,1,0,3,0,0,0,0,0,0,5,0.122,0.6829,0.1951,0.0,4.1227,4.0043,0,2,0,0,1,0,1,0,0,0,1,http://apple.com.wallet-5365e4.bid/wallet
76,14,29,24,3,3,1,1,5,0,0,1,2,0,1,6,0.0789,0.7237,0.1974,0.0,4.6801,3.182,0,1,1,0,0,0,0,0,0,0,0,https://www.tumblr.com/docs/v2/getting-started.html?session_id=55172&lang=en
60,12,40,0,3,5,1,0,5,0,0,0,0,0,0,3,0.05,0.75,0.2,0.0,4.27,3.0221,0,0,1,0,0,0,0,0,0,0,0,https://coursera.org/downloads/releases/version-4.1.2.tar.gz
43,17,19,0,3,4,0,0,4,0,0,0,0,0,0,13,0.3023,0.4651,0.2326,0.0,4.2108,2.4591,1,0,0,0,0,0,2,0,1,0,1,http://47.17.55.153:8888/paypal/secure.html
64,15,7,34,3,2,0,0,3,0,0,1,2,0,1,1,0.0156,0.7969,0.1875,0.0,4.5234,3.3736,0,1,0,0,0,0,0,0,0,0,0,http://docs.tumblr.com/search?q=machine+learning+tutorial&page=2
20,5,8,0,2,1,0,0,3,0,0,0,0,0,0,0,0.0,0.75,0.25,0.15,3.9842,2.3219,0,0,0,0,0,1,0,0,0,0,1,http://rb.gy/ilzuAWO
18,10,0,0,3,1,0,0,2,0,0,0,0,0,0,0,0.0,0.7778,0.2222,0.0,3.7947,3.3219,0,0,1,0,0,0,0,0,0,0,0,https://gitlab.com
73,30,22,13,2,1,2,0,5,0,0,1,1,0,0,5,0.0685,0.7808,0.1507,0.0,4.5341,3.9232,0,0,0,0,1,0,3,0,0,0,1,http://customer-service-wellsfargo.ga/webscr/invoice/submit?session=54688
21,6,8,0,2,1,0,0,3,0,0,0,0,0,0,2,0.0952,0.6667,0.2381,0.1905,3.8442,2.585,0,0,0,0,0,1,0,0,0,0,1,http://bit.do/EJH67Ev
47,26,14,0,4,1,2,0,4,0,0,0,0,0,0,0,0.0,0.8298,0.1702,0.0,4.1,3.7633,0,0,0,0,1,0,2,0,0,0,1,http://netflix-secure-center.work/secure/verify
68,12,23,24,3,1,0,1,5,0,0,1,2,0,1,8,0.1176,0.7059,0.1765,0.0,4.5984,3.2516,0,0,1,0,0,0,0,0,0,0,0,https://linkedin.com/courses/cs101/syllabus?session_id=37930&lang=en
55,15,32,0,3,2,1,0,5,0,0,0,0,0,0,0,0.0,0.8364,0.1636,0.0,4.2378,3.0566,0,1,1,0,0,0,1,0,0,0,0,https://www.harvard.edu/news/technology/science-updates
49,13,28,0,2,2,0,0,5,0,0,0,0,0,0,0,0.0,0.8367,0.1633,0.0,3.926,3.027,0,1,1,0,0,0,0,0,0,0,0,https://api.twitch.tv/products/enterprise/pricing
46,18,21,0,3,4,0,0,4,0,0,0,0,0,0,14,0.3043,0.4783,0.2174,0.0,4.3147,2.7193,1,0,0,0,0,0,1,0,1,0,1,http://160.37.61.230:8888/microsoft/alert.html
89,17,10,54,3,2,1,0,3,0,0,1,2,0,1,18,0.2022,0.6742,0.1236,0.0,4.8187,3.6169,0,0,0,0,1,0,2,0,0,0,1,http://verify-portal.top/index.php?token=e860b17e40545c28beae31febc0ff991&target=facebook
44,19,17,0,3,2,2,0,3,0,0,0,0,0,0,0,0.0,0.8182,0.1818,0.0,4.0704,3.3661,0,1,1,0,0,0,2,0,0,0,0,https://support.dropbox.com/terms-of-service
71,27,23,13,4,1,2,0,5,0,0,1,1,0,0,5,0.0704,0.7746,0.1549,0.0,4.3924,3.6764,0,0,0,0,1,0,3,0,0,0,1,http://customer-service-apple.rest/webscr/security/submit?session=12470
27,13,6,0,3,2,0,0,3,0,0,0,0,0,0,0,0.0,0.7778,0.2222,0.0,3.708,3.027,0,1,1,0,0,0,0,0,0,0,0,https://api.yahoo.com/about
20,12,0,0,3,2,0,0,2,0,0,0,0,0,0,0,0.0,0.75,0.25,0.0,3.5842,2.9183,0,1,1,0,0,0,1,0,0,0,0,https://m.paypal.com
48,12,29,0,3,3,1,0,5,0,0,0,0,0,0,1,0.0208,0.7708,0.2083,0.0,4.1969,3.2516,0,1,0,0,0,0,0,0,0,0,0,http://m.github.com/docs/v2/getting-started.html
60,20,32,0,3,2,1,0,5,0,0,0,0,0,0,0,0.0,0.85,0.15,0.0,4.2033,3.8219,0,1,1,0,0,0,1,0,0,0,0,https://docs.theguardian.com/news/technology/science-updates
71,27,22,13,3,1,2,0,5,0,0,1,1,0,0,5,0.0704,0.7746,0.1549,0.0,4.5014,3.7043,0,0,1,0,1,0,3,0,0,0,1,https://customer-service-google.men/webscr/banking/submit?session=25029
43,14,22,0,3,4,0,0,4,0,0,0,0,0,0,11,0.2558,0.5349,0.2093,0.0,4.1909,2.7534,1,0,0,0,0,0,1,0,0,0,1,http://150.77.128.250/metamask/support.html
45,31,7,0,7,3,1,0,3,0,0,0,0,0,0,5,0.1111,0.7111,0.1778,0.0,4.35,4.1958,0,2,0,0,1,0,1,0,0,0,1,http://chase.com.unlock-a03249.country/unlock
74,9,32,24,3,1,1,1,5,0,0,1,2,0,1,5,0.0676,0.7568,0.1757,0.0,4.5311,2.6416,0,0,1,0,0,0,1,0,0,0,0,https://yahoo.com/news/technology/science-updates?session_id=39427&lang=en
48,10,30,0,3,1,2,0,4,0,0,0,0,0,0,0,0.0,0.8333,0.1667,0.0,4.0042,2.9219,0,0,1,0,0,0,0,0,0,0,0,https://oracle.com/projects/open-source-software
43,15,6,13,3,2,0,0,3,0,0,1,1,0,0,2,0.0465,0.7674,0.186,0.093,4.4723,3.3736,0,1,1,0,0,0,0,0,0,0,0,https://docs.kaggle.com/watch?v=dQw4w9WgXcQ
48,11,29,0,3,2,0,1,4,0,0,0,0,0,0,0,0.0,0.8333,0.1667,0.0208,4.2015,2.8454,0,1,1,0,0,0,0,0,0,0,0,https://www.edx.org/wiki/Artificial_intelligence
86,17,10,50,2,2,1,0,3,0,0,1,2,0,1,16,0.186,0.686,0.1279,0.0,4.7603,3.5725,0,0,1,0,0,0,2,0,0,0,1,https://billing-portal.cc/index.php?token=6ee8ec6fd96c84d2b8fe4ab65dcd4849&target=usps
20,5,8,0,2,1,0,0,3,0,0,0,0,0,0,1,0.05,0.7,0.25,0.15,3.8842,2.3219,0,0,0,0,0,1,0,0,0,0,1,http://is.gd/xJHf1Ef
57,17,32,0,3,1,1,0,5,0,0,0,0,0,0,0,0.0,0.8596,0.1404,0.0,4.2835,3.6901,0,0,1,0,0,0,1,0,0,0,0,https://stackoverflow.com/news/technology/science-updates
21,6,8,0,2,1,0,0,3,0,0,0,0,0,0,0,0.0,0.7619,0.2381,0.1905,4.0707,2.585,0,0,0,0,0,1,0,0,0,0,1,http://adf.ly/LwMrkXA
89,18,10,52,3,2,1,0,3,0,0,1,2,0,1,21,0.236,0.6404,0.1236,0.0,4.8957,3.4194,0,0,1,0,0,0,2,0,0,0,1,https://account-portal.com/index.php?token=c524d8e627d395c77bb290f2487c8be7&target=amazon
49,26,16,0,3,1,2,0,4,0,0,0,0,0,0,0,0.0,0.8367,0.1633,0.0,4.1425,3.7483,0,0,0,0,1,0,2,0,0,0,1,http://google-security-center.gdn/security/verify
62,12,17,24,2,2,2,1,3,0,0,1,2,0,1,5,0.0806,0.7097,0.2097,0.0,4.6979,3.0221,0,1,1,0,0,0,1,0,0,0,0,https://blog.zoom.us/terms-of-service?session_id=21257&lang=en
87,17,10,52,3,2,1,0,3,0,0,1,2,0,1,21,0.2414,0.6322,0.1264,0.0,4.7445,3.1751,0,0,0,0,1,0,2,0,0,0,1,http://wallet-portal.top/index.php?token=60e48641b601f7fa38de64ff0a82f026&target=amazon
51,28,16,0,3,1,2,0,4,0,0,0,0,0,0,0,0.0,0.8431,0.1569,0.0,4.1003,3.8074,0,0,0,0,1,0,2,0,0,0,1,http://metamask-security-center.top/security/verify
21,6,8,0,2,1,0,0,3,0,0,0,0,0,0,0,0.0,0.7619,0.2381,0.1905,3.6897,1.9183,0,0,0,0,0,1,0,0,0,0,1,http://goo.gl/jpLyOCL
38,12,19,0,1,4,0,0,4,0,0,0,0,0,0,9,0.2368,0.5263,0.2368,0.0,4.2936,2.7925,1,0,0,0,0,0,2,0,0,0,1,http://148.93.107.1/paypal/webscr.html
52,14,30,0,3,2,2,0,4,0,0,0,0,0,0,0,0.0,0.8269,0.1731,0.0,4.064,3.2359,0,1,1,0,0,0,0,0,0,0,0,https://docs.apple.com/projects/open-source-software
74,31,22,13,10,1,2,0,5,0,0,1,1,0,0,5,0.0676,0.7838,0.1486,0.0,4.4468,3.9378,0,0,0,0,1,0,3,0,0,0,1,http://customer-service-dhl.accountant/webscr/account/submit?session=96298
40,17,6,9,5,1,1,0,3,0,0,1,1,0,0,1,0.025,0.775,0.2,0.0,4.1776,3.5725,0,0,0,0,1,0,3,0,0,0,1,http://chas3-alert.party/login?auth=true
87,16,10,53,2,2,1,0,3,0,0,1,2,0,1,23,0.2644,0.6092,0.1264,0.0,4.8765,3.5778,0,0,0,0,0,0,2,0,0,0,1,http://webscr-portal.cc/index.php?token=5362dd85712551bd903221dec3c2f764&target=binance
43,13,23,0,2,4,0,0,4,0,0,0,0,0,0,10,0.2326,0.5581,0.2093,0.0,4.432,2.8731,1,0,0,0,0,0,1,0,0,0,1,http://129.203.98.84/facebook/validate.html
64,14,7,34,3,2,0,0,3,0,0,1,2,0,1,1,0.0156,0.7969,0.1875,0.0,4.4357,3.3788,0,1,1,0,0,1,0,0,0,0,0,https://api.reddit.com/search?q=machine+learning+tutorial&page=2
50,34,8,0,6,3,1,0,3,0,0,0,0,0,0,4,0.08,0.76,0.16,0.0,4.2011,4.0209,0,2,1,0,1,0,1,0,0,0,1,https://coinbase.com.account-ff9115.stream/account
51,13,30,0,3,2,2,0,4,0,0,0,0,0,0,0,0.0,0.8235,0.1765,0.0,4.1679,3.0851,0,1,1,0,0,0,0,0,0,0,0,https://m.harvard.edu/projects/open-source-software
61,14,39,0,3,2,2,0,6,0,0,0,0,0,0,6,0.0984,0.7213,0.1803,0.0,4.4524,2.9852,0,1,1,0,0,0,1,0,0,0,0,https://api.paypal.com/blog/2024/05/machine-learning-advances
48,12,28,0,3,2,0,0,5,0,0,0,0,0,0,0,0.0,0.8333,0.1667,0.0,3.8717,2.6258,0,1,1,0,0,0,0,0,0,0,0,https://www.ieee.org/products/enterprise/pricing
52,15,29,0,3,2,0,1,4,0,0,0,0,0,0,0,0.0,0.8462,0.1538,0.0192,4.3104,3.1899,0,1,1,0,0,0,0,0,0,0,0,https://docs.ubuntu.com/wiki/Artificial_intelligence
55,17,30,0,3,2,2,0,4,0,0,0,0,0,0,0,0.0,0.8364,0.1636,0.0,4.0564,3.3372,0,1,1,0,0,1,0,0,0,0,0,https://api.microsoft.com/projects/open-source-software
34,9,17,0,3,2,2,0,3,0,0,0,0,0,0,0,0.0,0.7647,0.2353,0.0,3.962,2.7255,0,1,1,0,0,0,1,0,0,0,0,https://m.mit.edu/terms-of-service
52,13,6,24,3,1,0,1,3,0,0,1,2,0,1,5,0.0962,0.7115,0.1923,0.0,4.6334,3.027,0,0,1,0,0,1,0,0,0,0,0,https://microsoft.com/about?session_id=85670&lang=en
21,12,1,0,2,2,0,0,3,0,0,0,0,0,0,0,0.0,0.7143,0.2857,0.0,3.5226,2.8554,0,1,1,0,0,0,0,0,0,0,0,https://docs.zoom.us/
89,16,10,54,2,2,1,0,3,0,0,1,2,0,1,20,0.2247,0.6517,0.1236,0.0,4.8274,3.5,0,0,1,0,0,0,2,0,0,0,1,https://update-portal.cc/index.php?token=443bc0668ed1be3bf17e9b28832e89e3&target=metamask
20,5,8,0,2,1,0,0,3,0,0,0,0,0,0,2,0.1,0.65,0.25,0.15,3.8842,2.3219,0,0,0,0,0,1,0,0,0,0,1,http://rb.gy/6y5IHWi
44,21,6,9,3,1,1,0,3,0,0,1,1,0,0,3,0.0682,0.75,0.1818,0.0,4.4534,3.9754,0,0,0,0,1,0,3,0,0,0,1,http://fac3b00k-validate.top/login?auth=true
38,12,19,0,1,4,0,0,4,0,0,0,0,0,0,9,0.2368,0.5263,0.2368,0.0,4.241,2.4591,1,0,0,0,0,0,1,0,0,0,1,http://98.179.197.6/fedex/invoice.html
40,16,17,0,3,2,2,0,3,0,0,0,0,0,0,0,0.0,0.8,0.2,0.0,4.2342,3.625,0,1,0,0,0,0,1,0,0,0,0,http://blog.netflix.com/terms-of-service
48,18,22,0,2,4,0,0,4,0,0,0,0,0,0,14,0.2917,0.5,0.2083,0.0,4.4544,2.6612,1,0,1,0,0,0,1,0,1,0,1,https://120.29.197.41:8000/coinbase/recover.html
24,15,1,0,3,2,0,0,3,0,0,0,0,0,0,0,0.0,0.75,0.25,0.0,3.9387,3.3232,0,1,1,0,0,0,0,0,0,0,0,https://blog.medium.com/
48,14,27,0,3,4,0,0,4,0,0,0,0,0,0,11,0.2292,0.5833,0.1875,0.0,4.4387,2.4138,1,0,0,0,0,0,1,0,0,0,1,http://129.162.41.219/bankofamerica/service.html
88,15,40,24,3,6,1,1,5,0,0,1,2,0,1,8,0.0909,0.7045,0.2045,0.0,4.6678,3.6402,0,1,1,0,0,0,0,0,0,0,0,https://blog.nature.com/downloads/releases/version-4.1.2.tar.gz?session_id=75299&lang=en
47,13,14,11,3,2,0,0,5,0,0,1,1,0,0,1,0.0213,0.766,0.2128,0.0,4.1431,3.0851,0,1,1,0,0,0,0,0,0,0,0,https://docs.nasa.gov/api/v1/status?format=json
20,5,8,0,2,1,0,0,3,0,0,0,0,0,0,1,0.05,0.7,0.25,0.15,3.7842,2.3219,0,0,0,0,0,1,0,0,0,0,1,http://is.gd/Si8pQVq
32,16,8,0,3,2,0,0,3,0,0,0,0,0,0,0,0.0,0.8125,0.1875,0.0,3.7386,3.125,0,1,1,0,0,0,0,0,0,0,0,https://docs.dropbox.com/contact
86,15,10,53,3,2,1,0,3,0,0,1,2,0,1,16,0.186,0.686,0.1279,0.0,4.7379,3.5069,0,0,0,0,0,0,2,0,0,0,1,http://auth-portal.com/index.php?token=01d4717fe717e9fdf48ed5a8ad9acc3d&target=netflix
45,22,6,9,4,1,1,0,3,0,0,1,1,0,0,4,0.0889,0.7333,0.1778,0.0,4.3916,3.6635,0,0,0,0,0,0,3,0,0,0,1,http://w311sfarg0-signin.info/login?auth=true
65,18,40,0,3,6,1,0,5,0,0,0,0,0,0,3,0.0462,0.7538,0.2,0.0,4.4307,3.7255,0,1,0,0,0,0,1,0,0,0,0,http://support.gitlab.com/downloads/releases/version-4.1.2.tar.gz
45,14,23,0,3,2,0,0,5,0,0,0,0,0,0,3,0.0667,0.7556,0.1778,0.0,4.189,3.3788,0,1,1,0,0,1,0,0,0,0,0,https://api.reddit.com/courses/cs101/syllabus
52,18,1,24,3,2,0,1,3,0,0,1,2,0,1,5,0.0962,0.6923,0.2115,0.0,4.5918,3.4613,0,1,1,0,0,0,1,0,0,0,0,https://support.medium.com/?session_id=60827&lang=en
20,11,1,0,3,1,0,0,3,0,0,0,0,0,0,0,0.0,0.75,0.25,0.0,3.8464,3.4594,0,0,1,0,0,0,0,0,0,0,0,https://netflix.com/
39,13,18,0,3,4,0,0,4,0,0,0,0,0,0,10,0.2564,0.5128,0.2308,0.0,4.4455,3.027,1,0,1,0,0,0,1,0,0,0,1,https://29.83.177.145/facebook/pay.html
71,27,23,13,3,1,2,0,5,0,0,1,1,0,0,5,0.0704,0.7746,0.1549,0.0,4.6178,4.1343,0,0,0,0,1,0,4,0,0,0,1,http://customer-service-paypal.gdn/webscr/password/submit?session=24809
50,28,15,0,5,1,2,0,4,0,0,0,0,0,0,0,0.0,0.84,0.16,0.0,4.0035,3.6375,0,0,0,0,1,0,2,0,0,0,1,http://binance-billing-center.faith/billing/verify
87,17,10,52,3,2,1,0,3,0,0,1,2,0,1,23,0.2644,0.6092,0.1264,0.0,4.9481,3.4548,0,0,0,0,0,0,2,0,0,0,1,http://wallet-portal.com/index.php?token=4cf1e4bb579351b987d32b4947a68085&target=amazon
44,30,7,0,5,3,1,0,3,0,0,0,0,0,0,3,0.0682,0.75,0.1818,0.0,3.9517,3.7647,0,2,0,0,1,0,2,0,0,0,1,http://paypal.com.wallet-e4ef33.space/wallet
96,19,10,59,3,2,1,0,3,0,0,1,2,0,1,20,0.2083,0.6771,0.1146,0.0,4.8199,3.6819,0,0,0,0,0,0,2,0,0,0,1,http://validate-portal.com/index.php?token=9b4fe24f0b8264e625fdc20dba218904&target=bankofamerica
59,12,39,0,3,2,2,0,6,0,0,0,0,0,0,6,0.1017,0.7119,0.1864,0.0,4.5094,2.9183,0,1,1,0,0,0,0,0,0,0,0,https://m.docker.com/blog/2024/05/machine-learning-advances
48,12,28,0,3,2,0,0,5,0,0,0,0,0,0,0,0.0,0.8333,0.1667,0.0,4.0124,3.2516,0,1,1,0,0,0,0,0,0,0,0,https://m.github.com/products/enterprise/pricing
67,26,20,13,2,1,2,0,5,0,0,1,1,0,0,5,0.0746,0.7612,0.1642,0.0,4.5155,3.7193,0,0,0,0,1,0,3,0,0,0,1,http://customer-service-google.ga/webscr/login/submit?session=72964
61,13,40,0,3,6,1,0,5,0,0,0,0,0,0,3,0.0492,0.7377,0.2131,0.0,4.3691,3.1808,0,1,1,0,0,0,0,0,0,0,0,https://m.nytimes.com/downloads/releases/version-4.1.2.tar.gz
42,19,15,0,3,2,1,0,3,0,0,0,0,0,0,0,0.0,0.8333,0.1667,0.0,4.2704,3.2211,0,1,1,0,0,0,0,0,0,0,0,https://blog.duckduckgo.com/privacy-policy
50,16,14,11,3,2,0,0,5,0,0,1,1,0,0,1,0.02,0.78,0.2,0.0,4.2522,3.1556,0,1,1,0,0,0,0,0,0,0,0,https://www.coursera.org/api/v1/status?format=json
43,12,23,0,3,2,0,0,5,0,0,0,0,0,0,3,0.0698,0.7442,0.186,0.0,4.1848,3.4183,0,1,1,0,0,0,0,0,0,0,0,https://blog.mit.edu/courses/cs101/syllabus
36,13,15,0,3,1,1,0,3,0,0,0,0,0,0,0,0.0,0.8333,0.1667,0.0,3.9749,3.027,0,0,1,0,0,1,0,0,0,0,0,https://microsoft.com/privacy-policy
68,18,7,34,3,2,0,0,3,0,0,1,2,0,1,1,0.0147,0.8088,0.1765,0.0,4.541,3.5724,0,1,1,0,0,0,0,0,0,0,0,https://blog.wikipedia.org/search?q=machine+learning+tutorial&page=2
51,28,16,0,4,1,2,0,4,0,0,0,0,0,0,0,0.0,0.8431,0.1569,0.0,3.9239,3.5801,0,0,0,0,1,0,2,0,0,0,1,http://netflix-validate-center.date/validate/verify
40,12,20,0,2,4,0,0,4,0,0,0,0,0,0,9,0.225,0.55,0.225,0.0,4.3031,2.5221,1,0,1,0,0,0,1,0,0,0,1,https://107.81.31.21/netflix/unlock.html
67,12,23,23,3,2,0,1,5,0,0,1,2,0,1,7,0.1045,0.7015,0.194,0.0,4.612,3.085,0,1,1,0,0,1,0,0,0,0,0,https://m.reddit.com/courses/cs101/syllabus?session_id=4250&lang=en
45,29,9,0,3,3,1,0,3,0,0,0,0,0,0,5,0.1111,0.7111,0.1778,0.0,4.2801,4.1423,0,2,0,0,1,0,1,0,0,0,1,http://chase.com.validate-8443a5.gdn/validate
64,14,7,34,3,2,0,0,3,0,0,1,2,0,1,1,0.0156,0.7969,0.1875,0.0,4.5048,2.8963,0,1,1,0,0,0,0,0,0,0,0,https://www.amazon.com/search?q=machine+learning+tutorial&page=2
49,15,26,0,3,2,1,0,5,0,0,0,0,0,0,0,0.0,0.8163,0.1837,0.0,4.3058,3.5069,0,1,1,0,0,1,1,0,0,0,0,https://blog.reddit.com/help/faq/account-settings
59,15,13,22,3,2,0,0,4,0,0,1,2,0,1,6,0.1017,0.7119,0.1864,0.0,4.6872,3.2402,0,1,1,0,0,0,1,0,0,0,0,https://support.cnn.com/profile/user?id=104928&tab=activity
55,19,29,0,3,4,0,0,4,0,0,0,0,0,0,15,0.2727,0.5455,0.1818,0.0,4.6218,2.6456,1,0,0,0,0,0,1,0,1,0,1,http://141.202.72.143:8888/bankofamerica/suspended.html
59,19,32,0,3,2,1,0,5,0,0,0,0,0,0,0,0.0,0.8475,0.1525,0.0,4.3048,3.5369,0,1,1,0,0,0,1,0,0,0,0,https://blog.cloudflare.com/news/technology/science-updates
44,21,6,9,6,1,1,0,3,0,0,1,1,0,0,2,0.0455,0.7727,0.1818,0.0,4.5615,4.1066,0,0,0,0,1,0,3,0,0,0,1,http://dr0pb0x-unlock.webcam/login?auth=true
44,30,7,0,5,3,1,0,3,0,0,0,0,0,0,4,0.0909,0.7273,0.1818,0.0,4.4131,4.1899,0,2,0,0,1,0,1,0,0,0,1,http://amazon.com.webscr-b8301f.trade/webscr
25,16,1,0,3,2,0,0,3,0,0,0,0,0,0,0,0.0,0.76,0.24,0.0,3.7533,3.3278,0,1,1,0,0,0,0,0,0,0,0,https://docs.youtube.com/
84,14,10,51,3,2,1,0,3,0,0,1,2,0,1,17,0.2024,0.6667,0.131,0.0,4.6942,3.0391,0,0,1,0,1,0,2,0,0,0,1,https://pay-portal.top/index.php?token=4fc4e80bed04ba26d42bf46228bec1d1&target=fedex
39,12,19,0,3,4,0,0,4,0,0,0,0,0,0,9,0.2308,0.5385,0.2308,0.0,4.2917,2.8554,1,0,1,0,0,0,1,0,0,0,1,https://90.22.64.198/netflix/login.html
46,29,10,0,2,3,1,0,3,0,0,0,0,0,0,4,0.087,0.7391,0.1739,0.0,4.0827,3.9228,0,2,0,0,1,0,1,0,0,0,1,http://fedex.com.suspended-c601e6.tk/suspended
45,22,6,9,4,1,1,0,3,0,0,1,1,0,0,2,0.0444,0.7778,0.1778,0.0,4.3835,3.8797,0,0,0,0,1,0,3,0,0,0,1,http://micr0s0ft-recover.loan/login?auth=true
46,9,30,0,3,1,2,0,4,0,0,0,0,0,0,0,0.0,0.8261,0.1739,0.0,3.986,2.9477,0,0,0,0,0,0,0,0,0,0,0,http://chase.com/projects/open-source-software
21,6,8,0,2,1,0,0,3,0,0,0,0,0,0,1,0.0476,0.7143,0.2381,0.0952,3.4226,1.9183,0,0,0,0,0,1,0,0,0,0,1,http://goo.gl/ow1oRoW
44,21,15,0,3,2,1,0,3,0,0,0,0,0,0,0,0.0,0.8409,0.1591,0.0,4.1575,3.368,0,1,1,0,0,1,0,0,0,0,0,https://www.sciencedirect.com/privacy-policy
87,16,10,52,2,2,1,0,3,0,0,1,2,0,1,20,0.2299,0.6437,0.1264,0.0,4.9232,3.4528,0,0,1,0,0,0,2,0,0,0,1,https://secure-portal.cc/index.php?token=562d2f3babd55ec0086cbf79908c9146&target=google
57,10,39,0,3,1,2,0,6,0,0,0,0,0,0,6,0.1053,0.7193,0.1754,0.0,4.4638,2.9219,0,0,1,0,0,0,1,0,0,0,0,https://paypal.com/blog/2024/05/machine-learning-advances
46,12,26,0,3,2,1,0,5,0,0,0,0,0,0,0,0.0,0.8043,0.1957,0.0,4.2304,3.085,0,1,1,0,0,0,1,0,0,0,0,https://docs.edx.org/help/faq/account-settings
46,12,26,0,3,2,1,0,5,0,0,0,0,0,0,0,0.0,0.8043,0.1957,0.0,4.1456,2.8554,0,1,1,0,0,0,1,0,0,0,0,https://m.ubuntu.com/help/faq/account-settings
53,36,10,0,6,3,1,0,3,0,0,0,0,0,0,3,0.0566,0.7925,0.1509,0.0,4.2937,4.1626,0,2,0,0,1,0,1,0,0,0,1,http://metamask.com.ebayisapi-bc782d.review/ebayisapi
46,24,15,0,3,1,2,0,4,0,0,0,0,0,0,0,0.0,0.8261,0.1739,0.0,4.0259,3.7202,0,0,0,0,1,0,3,0,0,0,1,http://chase-payment-center.icu/payment/verify
20,5,8,0,2,1,0,0,3,0,0,0,0,0,0,1,0.05,0.7,0.25,0.2,3.9842,2.3219,0,0,0,0,0,1,0,0,0,0,1,http://ow.ly/jmCX3HS
73,31,21,13,4,1,2,0,5,0,0,1,1,0,0,5,0.0685,0.7808,0.1507,0.0,4.4726,3.7199,0,0,0,0,1,0,3,0,0,0,1,http://customer-service-microsoft.work/webscr/wallet/submit?session=55129
65,18,39,0,3,2,2,0,6,0,0,0,0,0,0,6,0.0923,0.7385,0.1692,0.0,4.5524,3.6144,0,1,1,0,0,0,1,0,0,0,0,https://support.github.com/blog/2024/05/machine-learning-advances
72,13,26,24,3,2,1,1,5,0,0,1,2,0,1,5,0.0694,0.7361,0.1944,0.0,4.6054,3.2389,0,1,1,0,0,0,1,0,0,0,0,https://m.spotify.com/help/faq/account-settings?session_id=74342&lang=en
58,18,32,0,3,2,1,0,5,0,0,0,0,0,0,0,0.0,0.8448,0.1552,0.0,4.2399,3.7255,0,1,1,0,0,0,2,0,0,0,0,https://support.kaggle.com/news/technology/science-updates
80,30,29,13,6,1,2,0,5,0,0,1,1,0,0,5,0.0625,0.8,0.1375,0.0,4.4435,3.8729,0,0,0,0,1,0,4,0,0,0,1,http://customer-service-amazon.racing/webscr/authentication/submit?session=91322
45,21,17,0,3,2,2,0,3,0,0,0,0,0,0,0,0.0,0.8222,0.1778,0.0,3.9944,3.4633,0,1,0,0,0,1,1,0,0,0,0,http://api.sciencedirect.com/terms-of-service
66,19,39,0,3,2,2,0,6,0,0,0,0,0,0,6,0.0909,0.7424,0.1667,0.0,4.5933,3.4316,0,1,1,0,0,0,1,0,0,0,0,https://support.spotify.com/blog/2024/05/machine-learning-advances
21,6,8,0,2,1,0,0,3,0,0,0,0,0,0,2,0.0952,0.6667,0.2381,0.1905,3.8442,2.585,0,0,0,0,0,1,0,0,0,0,1,http://bit.ly/CDBW47i
47,25,14,0,5,1,2,0,4,0,0,0,0,0,0,0,0.0,0.8298,0.1702,0.0,4.0176,3.5893,0,0,1,0,1,0,2,0,0,0,1,https://fedex-signin-center.trade/signin/verify
55,17,6,24,3,2,0,1,3,0,0,1,2,0,1,5,0.0909,0.7091,0.2,0.0,4.5127,3.7345,0,1,0,0,0,0,0,0,0,0,0,http://blog.stanford.edu/about?session_id=55651&lang=en
64,16,40,0,3,6,1,0,5,0,0,0,0,0,0,3,0.0469,0.75,0.2031,0.0,4.284,3.3278,0,1,1,0,0,0,0,0,0,0,0,https://docs.harvard.edu/downloads/releases/version-4.1.2.tar.gz
45,11,26,0,3,2,1,0,5,0,0,0,0,0,0,0,0.0,0.8,0.2,0.0,4.1423,2.4817,0,1,1,0,0,0,1,0,0,0,0,https://www.cnn.com/help/faq/account-settings
90,18,10,53,3,2,1,0,3,0,0,1,2,0,1,18,0.2,0.6778,0.1222,0.0,4.8144,3.8366,0,0,1,0,0,0,2,0,0,0,1,https://banking-portal.com/index.php?token=35bd72d58ba8545d3cefcfe82c68e876&target=dropbox
70,28,21,13,3,1,2,0,5,0,0,1,1,0,0,5,0.0714,0.7714,0.1571,0.0,4.3652,3.8249,0,0,0,0,1,0,3,0,0,0,1,http://customer-service-netflix.fit/webscr/secure/submit?session=22484
70,28,21,13,4,1,2,0,5,0,0,1,1,0,0,5,0.0714,0.7714,0.1571,0.0,4.4915,3.8518,0,0,0,0,1,0,2,0,0,0,1,http://customer-service-amazon.date/webscr/webscr/submit?session=91265
77,35,21,13,7,1,2,0,5,0,0,1,1,0,0,5,0.0649,0.7922,0.1429,0.0,4.5701,4.036,0,0,0,0,1,0,3,0,0,0,1,http://customer-service-wellsfargo.country/webscr/wallet/submit?session=67512
46,23,15,0,3,1,2,0,4,0,0,0,0,0,0,0,0.0,0.8261,0.1739,0.0,4.2348,4.0018,0,0,1,0,1,0,2,0,0,0,1,https://usps-confirm-center.xyz/confirm/verify
63,13,7,34,3,2,0,0,3,0,0,1,2,0,1,1,0.0159,0.7937,0.1905,0.0,4.5345,3.027,0,1,1,0,0,0,0,0,0,0,0,https://www.arxiv.org/search?q=machine+learning+tutorial&page=2
70,28,20,13,3,1,2,0,5,0,0,1,1,0,0,5,0.0714,0.7714,0.1571,0.0,4.5408,3.8693,0,0,1,0,1,0,3,0,0,0,1,https://customer-service-dropbox.bid/webscr/login/submit?session=38617
20,5,8,0,2,1,0,0,3,0,0,0,0,0,0,0,0.0,0.75,0.25,0.2,3.6842,1.9219,0,0,0,0,0,1,0,0,0,0,1,http://bc.vc/WhZCbrE
47,23,6,9,7,1,1,0,3,0,0,1,1,0,0,1,0.0213,0.8085,0.1702,0.0,4.3223,3.7623,0,0,1,0,1,0,3,0,0,0,1,https://m3tamask-update.cricket/login?auth=true
77,15,29,24,3,2,0,2,4,0,0,1,2,0,1,5,0.0649,0.7662,0.1688,0.013,4.5232,3.3736,0,1,1,0,0,1,0,0,0,0,0,https://m.pinterest.com/wiki/Artificial_intelligence?session_id=72319&lang=en
54,18,28,0,3,2,0,0,5,0,0,0,0,0,0,0,0.0,0.8519,0.1481,0.0,3.9046,3.5033,0,1,1,0,0,0,1,0,0,0,0,https://support.nature.com/products/enterprise/pricing
57,14,13,22,3,2,0,0,4,0,0,1,2,0,1,6,0.1053,0.7018,0.193,0.0,4.7341,3.3249,0,1,0,0,0,0,0,0,0,0,0,http://www.gitlab.com/profile/user?id=104928&tab=activity
34,23,4,0,3,3,1,0,3,0,0,0,0,0,0,3,0.0882,0.6765,0.2353,0.0,4.1751,3.969,0,2,0,0,1,0,1,0,0,0,1,http://usps.com.pay-98abd6.xyz/pay
40,17,6,9,3,1,1,0,3,0,0,1,1,0,0,1,0.025,0.775,0.2,0.0,4.3342,3.4104,0,0,0,0,1,0,3,0,0,0,1,http://amaz0n-signin.bid/login?auth=true
82,14,10,49,3,2,1,0,3,0,0,1,2,0,1,18,0.2195,0.6463,0.1341,0.0,4.9092,3.3788,0,0,1,0,0,0,2,0,0,0,1,https://pay-portal.com/index.php?token=85fbb6e710cbd2ae8dd3129f1eb59983&target=dhl
35,12,16,0,2,4,0,0,4,0,0,0,0,0,0,9,0.2571,0.4857,0.2571,0.0,4.0576,2.4591,1,0,0,0,0,0,1,0,0,0,1,http://30.119.53.91/usps/login.html
49,9,32,0,3,1,1,0,5,0,0,0,0,0,0,0,0.0,0.8367,0.1633,0.0,4.0917,2.9477,0,0,1,0,0,0,1,0,0,0,0,https://apple.com/news/technology/science-updates
53,15,30,0,3,2,2,0,4,0,0,0,0,0,0,0,0.0,0.8302,0.1698,0.0,4.1081,3.3736,0,1,1,0,0,0,0,0,0,0,0,https://api.spotify.com/projects/open-source-software
47,26,14,0,7,1,2,0,4,0,0,0,0,0,0,0,0.0,0.8298,0.1702,0.0,3.9346,3.7193,0,0,0,0,1,0,1,0,0,0,1,http://usps-verify-center.cricket/verify/verify
40,12,6,13,3,2,0,0,3,0,0,1,1,0,0,2,0.05,0.75,0.2,0.1,4.4464,2.8554,0,1,1,0,0,0,0,0,0,0,0,https://api.ieee.org/watch?v=dQw4w9WgXcQ
40,17,6,9,3,1,1,0,3,0,0,1,1,0,0,2,0.05,0.75,0.2,0.0,4.2251,3.5725,0,0,0,0,1,0,3,0,0,0,1,http://app13-billing.fit/login?auth=true
87,18,10,50,2,2,1,0,3,0,0,1,2,0,1,19,0.2184,0.6552,0.1264,0.0,4.8446,3.5724,0,0,1,0,0,0,2,0,0,0,1,https://validate-portal.cc/index.php?token=b33c32d626085b8a1dcc1e0cc6e99f13&target=usps
28,14,6,0,3,2,0,0,3,0,0,0,0,0,0,0,0.0,0.7857,0.2143,0.0,3.8963,3.5216,0,1,1,0,0,0,0,0,0,0,0,https://api.nature.com/about
47,9,30,0,2,1,2,0,4,0,0,0,0,0,0,0,0.0,0.8298,0.1702,0.0,4.0245,2.6416,0,0,1,0,0,0,0,0,0,0,0,https://twitch.tv/projects/open-source-software
41,13,6,13,3,2,0,0,3,0,0,1,1,0,0,2,0.0488,0.7561,0.1951,0.0976,4.4362,3.027,0,1,1,0,0,0,0,0,0,0,0,https://docs.ieee.org/watch?v=dQw4w9WgXcQ
22,7,8,0,2,1,0,0,3,0,0,0,0,0,0,1,0.0455,0.7273,0.2273,0.1818,3.7888,2.5216,0,0,0,0,0,1,0,0,0,0,1,http://cutt.ly/G8sRONl
77,33,22,13,6,1,2,0,5,0,0,1,1,0,0,5,0.0649,0.7922,0.1429,0.0,4.4007,3.8997,0,0,1,0,1,0,3,0,0,0,1,https://customer-service-instagram.webcam/webscr/account/submit?session=60224
74,28,24,13,5,1,2,0,5,0,0,1,1,0,0,5,0.0676,0.7838,0.1486,0.0,4.4639,3.9502,0,0,1,0,1,0,3,0,0,0,1,https://customer-service-apple.faith/webscr/ebayisapi/submit?session=14060
79,35,23,13,4,1,2,0,5,0,0,1,1,0,0,5,0.0633,0.7975,0.1392,0.0,4.6075,4.036,0,0,0,0,1,0,3,0,0,0,1,http://customer-service-bankofamerica.buzz/webscr/validate/submit?session=12542
28,19,1,0,3,2,0,0,3,0,0,0,0,0,0,0,0.0,0.7857,0.2143,0.0,3.682,3.3661,0,1,1,0,0,0,1,0,0,0,0,https://support.dropbox.com/
36,22,6,0,3,2,0,0,3,0,0,0,0,0,0,0,0.0,0.8333,0.1667,0.0,4.107,3.6069,0,1,1,0,0,1,0,0,0,0,0,https://blog.sciencedirect.com/about
47,13,1,24,3,2,0,1,3,0,0,1,2,0,1,5,0.1064,0.6596,0.234,0.0,4.5625,3.027,0,1,1,0,0,0,0,0,0,0,0,https://m.twitter.com/?session_id=48735&lang=en
20,5,8,0,2,1,0,0,3,0,0,0,0,0,0,1,0.05,0.7,0.25,0.2,3.8842,2.3219,0,0,0,0,0,1,0,0,0,0,1,http://is.gd/RdDn8NB
45,22,6,9,7,1,1,0,3,0,0,1,1,0,0,3,0.0667,0.7556,0.1778,0.0,4.428,3.8454,0,0,0,0,1,0,3,0,0,0,1,http://fac3b00k-alert.science/login?auth=true
45,11,14,11,3,1,0,0,5,0,0,1,1,0,0,1,0.0222,0.7778,0.2,0.0,4.2779,3.4594,0,0,1,0,0,0,0,0,0,0,0,https://netflix.com/api/v1/status?format=json
49,27,14,0,4,1,2,0,4,0,0,0,0,0,0,0,0.0,0.8367,0.1633,0.0,4.3037,3.736,0,0,1,0,1,0,2,0,0,0,1,https://metamask-unlock-center.date/unlock/verify
24,9,8,0,2,1,0,0,3,0,0,0,0,0,0,2,0.0833,0.7083,0.2083,0.1667,3.8868,2.7255,0,0,0,0,0,1,0,0,0,0,1,http://shorte.st/4SB5PqX
63,15,40,0,3,6,1,0,5,0,0,0,0,0,0,3,0.0476,0.746,0.2063,0.0,4.2914,2.9232,0,1,1,0,0,0,0,0,0,0,0,https://www.twitter.com/downloads/releases/version-4.1.2.tar.gz
21,6,8,0,2,1,0,0,3,0,0,0,0,0,0,1,0.0476,0.7143,0.2381,0.1429,3.8802,2.585,0,0,0,0,0,1,0,0,0,0,1,http://adf.ly/ELc0Mal
41,18,6,9,2,1,1,0,3,0,0,1,1,0,0,1,0.0244,0.7805,0.1951,0.0,4.385,3.9477,0,0,0,0,1,0,3,0,0,0,1,http://amaz0n-security.ml/login?auth=true
62,39,15,0,5,3,1,0,3,0,0,0,0,0,0,6,0.0968,0.7742,0.129,0.0,4.2796,4.2243,0,2,1,0,1,0,2,0,0,0,1,https://netflix.com.authentication-811639.trade/authentication
38,13,17,0,3,1,2,0,3,0,0,0,0,0,0,0,0.0,0.8158,0.1842,0.0,3.8328,3.027,0,0,1,0,0,1,1,0,0,0,0,https://microsoft.com/terms-of-service
45,22,6,9,3,1,2,0,3,0,0,1,1,0,0,0,0.0,0.8,0.2,0.0,4.2167,3.5726,0,0,0,0,0,0,4,0,0,0,1,http://usps-secure-unlock.org/login?auth=true
40,16,6,9,3,1,1,0,3,0,0,1,1,0,0,1,0.025,0.775,0.2,0.0,4.3087,3.75,0,0,1,0,1,0,3,0,0,0,1,https://dh1-security.fit/login?auth=true
39,16,15,0,3,2,1,0,3,0,0,0,0,0,0,0,0.0,0.8205,0.1795,0.0,4.1823,3.3278,0,1,1,0,0,0,0,0,0,0,0,https://docs.youtube.com/privacy-policy
61,17,13,22,3,2,0,0,4,0,0,1,2,0,1,6,0.0984,0.7213,0.1803,0.0,4.6294,3.3816,0,1,1,0,0,0,1,0,0,0,0,https://support.yahoo.com/profile/user?id=104928&tab=activity
68,12,23,24,3,2,0,1,5,0,0,1,2,0,1,8,0.1176,0.6912,0.1912,0.0,4.5549,3.0221,0,1,1,0,0,0,0,0,0,0,0,https://api.nasa.gov/courses/cs101/syllabus?session_id=35517&lang=en
20,5,8,0,2,1,0,0,3,0,0,0,0,0,0,0,0.0,0.75,0.25,0.2,3.8842,2.3219,0,0,0,0,0,1,0,0,0,0,1,http://rb.gy/LNaVoaR
39,13,19,0,2,4,0,0,4,0,0,0,0,0,0,10,0.2564,0.5128,0.2308,0.0,4.0285,2.4493,1,0,0,0,0,0,1,0,0,0,1,http://212.63.233.96/amazon/wallet.html
40,13,19,0,3,4,0,0,4,0,0,0,0,0,0,10,0.25,0.525,0.225,0.0,4.3342,2.8151,1,0,1,0,0,0,1,0,0,0,1,https://74.62.198.121/coinbase/auth.html
49,27,15,0,3,1,2,0,4,0,0,0,0,0,0,0,0.0,0.8367,0.1633,0.0,4.1325,3.8101,0,0,0,0,1,0,2,0,0,0,1,http://metamask-support-center.icu/support/verify
46,31,8,0,2,3,1,0,3,0,0,0,0,0,0,3,0.0652,0.7609,0.1739,0.0,4.0064,3.7844,0,2,0,0,1,0,1,0,0,0,1,http://instagram.com.account-a019aa.cf/account
36,13,15,0,3,2,1,0,3,0,0,0,0,0,0,0,0.0,0.8056,0.1944,0.0,3.8984,3.027,0,1,1,0,0,0,0,0,0,0,0,https://api.yahoo.com/privacy-policy
44,21,6,9,6,1,1,0,3,0,0,1,1,0,0,4,0.0909,0.7273,0.1818,0.0,4.3908,3.6897,0,0,0,0,1,0,3,0,0,0,1,http://g00g13-confirm.racing/login?auth=true
27,13,6,0,3,2,0,0,3,0,0,0,0,0,0,0,0.0,0.7778,0.2222,0.0,3.708,3.027,0,1,1,0,0,0,0,0,0,0,0,https://api.yahoo.com/about
70,30,19,13,3,1,2,0,5,0,0,1,1,0,0,5,0.0714,0.7714,0.1571,0.0,4.42,3.7647,0,0,0,0,1,0,3,0,0,0,1,http://customer-service-instagram.men/webscr/auth/submit?session=36229
21,6,8,0,2,1,0,0,3,0,0,0,0,0,0,1,0.0476,0.7143,0.2381,0.2381,3.7849,1.9183,0,0,0,0,0,1,0,0,0,0,1,http://goo.gl/KhVQX8C
53,13,32,0,3,2,1,0,5,0,0,0,0,0,0,0,0.0,0.8302,0.1698,0.0,4.2987,3.0851,0,1,1,0,0,0,1,0,0,0,0,https://api.arxiv.org/news/technology/science-updates
55,11,13,22,3,1,0,0,4,0,0,1,2,0,1,6,0.1091,0.7091,0.1818,0.0,4.7065,3.0272,0,0,1,0,0,0,0,0,0,0,0,https://dropbox.com/profile/user?id=104928&tab=activity
54,14,32,0,3,2,1,0,5,0,0,0,0,0,0,0,0.0,0.8333,0.1667,0.0,4.2252,3.5216,0,1,1,0,0,0,1,0,0,0,0,https://api.github.com/news/technology/science-updates
45,22,6,9,2,1,1,0,3,0,0,1,1,0,0,2,0.0444,0.7778,0.1778,0.0,4.4448,3.8797,0,0,0,0,1,0,3,0,0,0,1,http://micr0s0ft-ebayisapi.ml/login?auth=true
64,14,7,34,3,2,0,0,3,0,0,1,2,0,1,1,0.0156,0.7969,0.1875,0.0,4.4799,3.182,0,1,1,0,0,0,0,0,0,0,0,https://docs.quora.com/search?q=machine+learning+tutorial&page=2
59,15,13,22,3,2,0,0,4,0,0,1,2,0,1,6,0.1017,0.7119,0.1864,0.0,4.6938,3.5069,0,1,1,0,0,0,0,0,0,0,0,https://docs.gitlab.com/profile/user?id=104928&tab=activity
51,19,25,0,2,4,0,0,4,0,0,0,0,0,0,15,0.2941,0.5098,0.1961,0.0,4.3975,2.6456,1,0,0,0,0,0,1,0,1,0,1,http://100.206.169.13:8000/microsoft/ebayisapi.html
35,10,17,0,3,1,2,0,3,0,0,0,0,0,0,0,0.0,0.8,0.2,0.0,3.9789,2.8464,0,0,1,0,0,0,1,0,0,0,0,https://medium.com/terms-of-service
50,26,16,0,4,1,2,0,4,0,0,0,0,0,0,0,0.0,0.84,0.16,0.0,4.062,3.6133,0,0,1,0,1,0,2,0,0,0,1,https://apple-password-center.rest/password/verify
43,20,6,9,4,1,1,0,3,0,0,1,1,0,0,3,0.0698,0.7442,0.186,0.0,4.4059,3.6842,0,0,0,0,1,0,3,0,0,0,1,http://fac3b00k-secure.rest/login?auth=true
59,12,39,0,2,2,2,0,6,0,0,0,0,0,0,6,0.1017,0.7119,0.1864,0.0,4.5516,3.0221,0,1,1,0,0,0,0,0,0,0,0,https://blog.zoom.us/blog/2024/05/machine-learning-advances
47,16,23,0,3,2,0,0,5,0,0,0,0,0,0,3,0.0638,0.766,0.1702,0.0,4.0783,3.375,0,1,1,0,0,0,1,0,0,0,0,https://support.nasa.gov/courses/cs101/syllabus
49,18,23,0,3,2,0,0,5,0,0,0,0,0,0,3,0.0612,0.7755,0.1633,0.0,4.3212,3.5724,0,1,1,0,0,0,0,0,0,0,0,https://blog.wikipedia.org/courses/cs101/syllabus
47,10,29,0,3,1,0,1,4,0,0,0,0,0,0,0,0.0,0.8511,0.1489,0.0213,4.2051,2.7219,0,0,1,0,0,0,0,0,0,0,0,https://amazon.com/wiki/Artificial_intelligence
60,11,7,34,3,2,0,0,3,0,0,1,2,0,1,1,0.0167,0.7833,0.2,0.0,4.5444,2.8454,0,1,0,0,0,0,0,0,0,0,0,http://www.edx.org/search?q=machine+learning+tutorial&page=2
55,31,16,0,6,1,2,0,4,0,0,0,0,0,0,0,0.0,0.8545,0.1455,0.0,4.1399,3.8615,0,0,1,0,1,0,2,0,0,0,1,https://facebook-security-center.stream/security/verify
23,15,0,0,3,2,0,0,2,0,0,0,0,0,0,0,0.0,0.7826,0.2174,0.0,4.056,3.6402,0,1,1,0,0,0,0,0,0,0,0,https://blog.nature.com
39,11,6,13,3,1,0,0,3,0,0,1,1,0,0,2,0.0513,0.7692,0.1795,0.1026,4.5094,3.0958,0,0,1,0,0,0,0,0,0,0,0,https://youtube.com/watch?v=dQw4w9WgXcQ
43,14,22,0,3,4,0,0,4,0,0,0,0,0,0,11,0.2558,0.5349,0.2093,0.0,4.4495,2.7534,1,0,0,0,0,0,1,0,0,0,1,http://164.123.17.188/dropbox/security.html
76,32,22,13,6,1,2,0,5,0,0,1,1,0,0,5,0.0658,0.7895,0.1447,0.0,4.4009,3.8011,0,0,1,0,1,0,4,0,0,0,1,https://customer-service-coinbase.webcam/webscr/payment/submit?session=91224
58,36,15,0,4,3,1,0,3,0,0,0,0,0,0,4,0.069,0.7931,0.1379,0.0,4.0675,3.9959,0,2,0,0,1,0,2,0,0,0,1,http://chase.com.authentication-67e7e3.club/authentication
64,17,39,0,3,2,2,0,6,0,0,0,0,0,0,6,0.0938,0.7344,0.1719,0.0,4.5055,3.6169,0,1,1,0,0,0,1,0,0,0,0,https://support.intel.com/blog/2024/05/machine-learning-advances
49,25,16,0,3,1,2,0,4,0,0,0,0,0,0,0,0.0,0.8367,0.1633,0.0,4.2121,3.8635,0,0,1,0,1,0,2,0,0,0,1,https://apple-password-center.icu/password/verify
47,14,26,0,3,4,0,0,4,0,0,0,0,0,0,11,0.234,0.5745,0.1915,0.0,4.4369,2.4488,1,0,0,0,0,0,1,0,0,0,1,http://114.27.241.246/bankofamerica/secure.html
57,13,13,22,3,2,0,0,4,0,0,1,2,0,1,6,0.1053,0.7018,0.193,0.0,4.684,3.2389,0,1,1,0,0,0,0,0,0,0,0,https://api.quora.com/profile/user?id=104928&tab=activity
24,9,8,0,2,1,0,0,3,0,0,0,0,0,0,1,0.0417,0.75,0.2083,0.0417,3.8035,2.7255,0,0,0,0,0,1,0,0,0,0,1,http://shorte.st/Fqdxb3o
46,9,29,0,3,1,0,1,4,0,0,0,0,0,0,0,0.0,0.8478,0.1522,0.0217,4.107,2.9477,0,0,1,0,0,0,0,0,0,0,0,https://apple.com/wiki/Artificial_intelligence
58,14,13,22,3,2,0,0,4,0,0,1,2,0,1,6,0.1034,0.7069,0.1897,0.0,4.6945,3.182,0,1,1,0,0,0,0,0,0,0,0,https://api.google.com/profile/user?id=104928&tab=activity
36,13,15,0,3,2,1,0,3,0,0,0,0,0,0,0,0.0,0.8056,0.1944,0.0,4.1206,3.3927,0,1,1,0,0,0,0,0,0,0,0,https://m.archive.org/privacy-policy
57,13,13,22,3,2,0,0,4,0,0,1,2,0,1,6,0.1053,0.7018,0.193,0.0,4.6121,3.027,0,1,1,0,0,0,0,0,0,0,0,https://api.apple.com/profile/user?id=104928&tab=activity
71,28,22,13,5,1,2,0,5,0,0,1,1,0,0,5,0.0704,0.7746,0.1549,0.0,4.3005,3.607,0,0,0,0,1,0,3,0,0,0,1,http://customer-service-chase.space/webscr/recover/submit?session=17126
43,20,6,9,3,1,1,0,3,0,0,1,1,0,0,2,0.0465,0.7674,0.186,0.0,4.3395,3.5219,0,0,0,0,1,0,3,0,0,0,1,http://micr0s0ft-signin.kim/login?auth=true
86,15,10,53,2,2,1,0,3,0,0,1,2,0,1,17,0.1977,0.6744,0.1279,0.0,4.7032,3.2402,0,0,0,0,0,0,2,0,0,0,1,http://alert-portal.cc/index.php?token=94ce9cdfe1dc3cc69f09082a76ea238f&target=binance
79,36,22,13,5,1,2,0,5,0,0,1,1,0,0,5,0.0633,0.7975,0.1392,0.0,4.4219,3.9166,0,0,0,0,1,0,3,0,0,0,1,http://customer-service-bankofamerica.space/webscr/recover/submit?session=95097
19,11,0,0,3,2,0,0,2,0,0,0,0,0,0,0,0.0,0.7368,0.2632,0.0,3.7216,2.914,0,1,1,0,0,0,0,0,0,0,0,https://m.quora.com
62,25,29,0,3,2,0,1,4,0,0,0,0,0,0,0,0.0,0.871,0.129,0.0161,4.1666,3.5737,0,1,1,0,0,1,1,0,0,0,0,https://support.sciencedirect.com/wiki/Artificial_intelligence
62,14,40,0,3,6,1,0,5,0,0,0,0,0,0,3,0.0484,0.7419,0.2097,0.0,4.4421,2.9852,0,1,1,0,0,0,0,0,0,0,0,https://www.ubuntu.com/downloads/releases/version-4.1.2.tar.gz
46,13,25,0,3,4,0,0,4,0,0,0,0,0,0,10,0.2174,0.587,0.1957,0.0,4.3546,2.4493,1,0,1,0,0,0,2,0,0,0,1,https://72.118.72.215/paypal/verification.html
42,23,11,0,2,1,2,0,4,0,0,0,0,0,0,0,0.0,0.8095,0.1905,0.0,4.1299,3.7951,0,0,1,0,1,0,2,0,0,0,1,https://instagram-pay-center.gq/pay/verify
38,15,6,9,5,1,1,0,3,0,0,1,1,0,0,2,0.0526,0.7368,0.2105,0.0,4.3237,3.5069,0,0,0,0,1,0,3,0,0,0,1,http://f3d3x-pay.trade/login?auth=true
20,5,8,0,2,1,0,0,3,0,0,0,0,0,0,3,0.15,0.6,0.25,0.05,3.7842,1.9219,0,0,0,0,0,1,0,0,0,0,1,http://bc.vc/fm0u9B0
76,21,23,23,3,2,0,1,5,0,0,1,2,0,1,7,0.0921,0.7368,0.1711,0.0,4.5288,3.4633,0,1,1,0,0,1,1,0,0,0,0,https://support.pinterest.com/courses/cs101/syllabus?session_id=9968&lang=en
46,25,14,0,4,1,2,0,4,0,0,0,0,0,0,0,0.0,0.8261,0.1739,0.0,4.197,3.6537,0,0,0,0,1,0,2,0,0,0,1,http://google-webscr-center.club/webscr/verify
47,23,6,9,6,1,1,0,3,0,0,1,1,0,0,2,0.0426,0.7872,0.1702,0.0,4.4369,3.969,0,0,1,0,1,0,3,0,0,0,1,https://dr0pb0x-security.stream/login?auth=true
43,18,17,0,3,2,2,0,3,0,0,0,0,0,0,0,0.0,0.814,0.186,0.0,4.0072,3.4613,0,1,1,0,0,0,2,0,0,0,0,https://support.medium.com/terms-of-service
52,36,8,0,6,3,1,0,3,0,0,0,0,0,0,3,0.0577,0.7885,0.1538,0.0,4.2193,3.954,0,2,1,0,1,0,1,0,0,0,1,https://wellsfargo.com.service-7e82cf.review/service
53,15,30,0,3,2,2,0,4,0,0,0,0,0,0,0,0.0,0.8302,0.1698,0.0,4.2121,3.6402,0,1,1,0,0,0,0,0,0,0,0,https://api.netflix.com/projects/open-source-software
44,20,6,9,2,1,1,0,3,0,0,1,1,0,0,3,0.0682,0.75,0.1818,0.0,4.5615,3.8842,0,0,1,0,1,0,3,0,0,0,1,https://fac3b00k-password.ga/login?auth=true
34,11,15,0,3,2,1,0,3,0,0,0,0,0,0,0,0.0,0.7941,0.2059,0.0,4.1607,3.2776,0,1,1,0,0,0,0,0,0,0,0,https://api.edx.org/privacy-policy
40,14,19,0,3,4,0,0,4,0,0,0,0,0,0,11,0.275,0.5,0.225,0.0,4.1439,2.3527,1,0,0,0,0,0,2,0,0,0,1,http://87.192.172.111/paypal/webscr.html
36,11,17,0,3,2,2,0,3,0,0,0,0,0,0,0,0.0,0.7778,0.2222,0.0,4.0095,2.6635,0,1,1,0,0,0,1,0,0,0,0,https://m.yahoo.com/terms-of-service
50,28,15,0,3,1,2,0,4,0,0,0,0,0,0,0,0.0,0.84,0.16,0.0,4.0562,3.8424,0,0,0,0,1,0,2,0,0,0,1,http://microsoft-invoice-center.xyz/invoice/verify
44,23,14,0,3,1,2,0,4,0,0,0,0,0,0,0,0.0,0.8182,0.1818,0.0,3.9423,3.4642,0,0,0,0,1,0,2,0,0,0,1,http://apple-secure-center.top/secure/verify
59,12,15,23,3,2,1,1,3,0,0,1,2,0,1,4,0.0678,0.7288,0.2034,0.0,4.7633,3.0221,0,1,1,0,0,0,0,0,0,0,0,https://m.tumblr.com/privacy-policy?session_id=5791&lang=en
59,18,8,24,3,2,0,1,3,0,0,1,2,0,1,5,0.0847,0.7288,0.1864,0.0,4.5627,3.086,0,1,1,0,0,0,0,0,0,0,0,https://www.duckduckgo.com/contact?session_id=76067&lang=en
47,16,23,0,3,2,0,0,5,0,0,0,0,0,0,3,0.0638,0.766,0.1702,0.0,4.0432,3.2028,0,1,1,0,0,0,1,0,0,0,0,https://support.ieee.org/courses/cs101/syllabus
57,35,15,0,3,3,1,0,3,0,0,0,0,0,0,5,0.0877,0.7719,0.1404,0.0,4.0679,4.0069,0,2,0,0,1,0,2,0,0,0,1,http://chase.com.authentication-b07444.win/authentication
47,25,15,0,2,1,2,0,4,0,0,0,0,0,0,0,0.0,0.8298,0.1702,0.0,4.0253,3.5435,0,0,0,0,1,0,2,0,0,0,1,http://binance-billing-center.tk/billing/verify
30,16,6,0,3,2,0,0,3,0,0,0,0,0,0,0,0.0,0.8,0.2,0.0,3.8477,3.1556,0,1,1,0,0,0,0,0,0,0,0,https://www.coursera.org/about
83,21,29,24,3,2,0,2,4,0,0,1,2,0,1,5,0.0602,0.7831,0.1566,0.012,4.4472,3.4633,0,1,1,0,0,1,0,0,0,0,0,https://api.sciencedirect.com/wiki/Artificial_intelligence?session_id=29930&lang=en
48,18,23,0,2,4,0,0,4,0,0,0,0,0,0,14,0.2917,0.5,0.2083,0.0,4.2938,3.1808,1,0,0,0,0,0,1,0,1,0,1,http://209.39.167.85:8888/metamask/validate.html
43,20,6,9,2,1,1,0,3,0,0,1,1,0,0,4,0.093,0.7209,0.186,0.0,4.6005,4.0219,0,0,0,0,1,0,3,0,0,0,1,http://w311sfarg0-verify.ml/login?auth=true
21,6,8,0,2,1,0,0,3,0,0,0,0,0,0,0,0.0,0.7619,0.2381,0.1429,3.5945,1.9183,0,0,0,0,0,1,0,0,0,0,1,http://goo.gl/qKKLzhq
54,14,32,0,3,2,1,0,5,0,0,0,0,0,0,0,0.0,0.8333,0.1667,0.0,4.1719,3.0391,0,1,1,0,0,0,2,0,0,0,0,https://www.paypal.com/news/technology/science-updates
67,19,40,0,3,6,1,0,5,0,0,0,0,0,0,3,0.0448,0.7612,0.194,0.0,4.3928,3.7871,0,1,1,0,0,0,0,0,0,0,0,https://api.theguardian.com/downloads/releases/version-4.1.2.tar.gz
41,26,8,0,3,3,1,0,3,0,0,0,0,0,0,4,0.0976,0.7073,0.1951,0.0,4.2874,4.056,0,2,0,0,1,0,1,0,0,0,1,http://dhl.com.invoice-406cc2.xyz/invoice
51,13,30,0,3,2,2,0,4,0,0,0,0,0,0,0,0.0,0.8235,0.1765,0.0,4.1551,3.2389,0,1,1,0,0,0,0,0,0,0,0,https://api.adobe.com/projects/open-source-software
83,15,10,50,2,2,1,0,3,0,0,1,2,0,1,23,0.2771,0.5904,0.1325,0.0,4.8713,3.2402,0,0,0,0,0,0,2,0,0,0,1,http://alert-portal.cc/index.php?token=fed635e83594a780a023b77b830a9296&target=usps
91,19,10,54,2,2,1,0,3,0,0,1,2,0,1,21,0.2308,0.6484,0.1209,0.0,4.8273,3.6819,0,0,0,0,0,0,2,0,0,0,1,http://ebayisapi-portal.cc/index.php?token=ee21ca065b627c3e1224f3c3f56e6768&target=metamask
52,29,15,0,7,1,2,0,4,0,0,0,0,0,0,0,0.0,0.8462,0.1538,0.0,3.9619,3.5385,0,0,1,0,1,0,2,0,0,0,1,https://amazon-service-center.science/service/verify
53,14,32,0,3,2,1,0,5,0,0,0,0,0,0,0,0.0,0.8302,0.1698,0.0,4.2047,3.0391,0,1,0,0,0,0,1,0,0,0,0,http://api.amazon.com/news/technology/science-updates
54,17,29,0,3,2,0,1,4,0,0,0,0,0,0,0,0.0,0.8519,0.1481,0.0185,4.2379,3.2928,0,1,1,0,0,0,0,0,0,0,0,https://blog.coursera.org/wiki/Artificial_intelligence
39,24,7,0,2,3,1,0,3,0,0,0,0,0,0,5,0.1282,0.6667,0.2051,0.0,4.2017,3.9387,0,2,1,0,1,0,1,0,0,0,1,https://dhl.com.secure-9765c2.ml/secure
78,15,30,24,3,2,2,1,4,0,0,1,2,0,1,5,0.0641,0.7564,0.1795,0.0,4.6436,3.3232,0,1,1,0,0,0,0,0,0,0,0,https://blog.docker.com/projects/open-source-software?session_id=89686&lang=en
21,6,8,0,2,1,0,0,3,0,0,0,0,0,0,2,0.0952,0.6667,0.2381,0.1429,4.0707,2.585,0,0,0,0,0,1,0,0,0,0,1,http://adf.ly/ILkg46S
52,18,1,24,3,2,0,1,3,0,0,1,2,0,1,5,0.0962,0.6923,0.2115,0.0,4.6133,3.3502,0,1,1,0,0,0,0,0,0,0,0,https://api.duckduckgo.com/?session_id=84345&lang=en
43,28,7,0,3,3,1,0,3,0,0,0,0,0,0,6,0.1395,0.6744,0.186,0.0,4.1558,3.8424,0,2,1,0,1,0,1,0,0,0,1,https://google.com.signin-575312.men/signin
24,9,8,0,2,1,0,0,3,0,0,0,0,0,0,2,0.0833,0.7083,0.2083,0.125,3.8868,2.7255,0,0,0,0,0,1,0,0,0,0,1,http://shorte.st/X3IuHk4
36,12,16,0,2,4,0,0,4,0,0,0,0,0,0,9,0.25,0.5,0.25,0.0,4.128,2.3554,1,0,1,0,0,0,1,0,0,0,1,https://74.26.244.45/dhl/verify.html
40,26,7,0,3,3,1,0,3,0,0,0,0,0,0,3,0.075,0.725,0.2,0.0,4.3776,4.1329,0,2,0,0,1,0,1,0,0,0,1,http://usps.com.unlock-534efd.bid/unlock
21,6,8,0,2,1,0,0,3,0,0,0,0,0,0,1,0.0476,0.7143,0.2381,0.0952,3.6897,1.9183,0,0,0,0,0,1,0,0,0,0,1,http://goo.gl/iTpGff2
51,14,29,0,3,2,0,1,4,0,0,0,0,0,0,0,0.0,0.8431,0.1569,0.0196,4.1498,3.0391,0,1,1,0,0,0,0,0,0,0,0,https://www.oracle.com/wiki/Artificial_intelligence
34,22,4,0,2,3,1,0,3,0,0,0,0,0,0,4,0.1176,0.6471,0.2353,0.0,4.1163,3.9706,0,2,1,0,1,0,1,0,0,0,1,https://usps.com.pay-cb5124.tk/pay
23,9,6,0,2,1,0,0,3,0,0,0,0,0,0,0,0.0,0.7826,0.2174,0.0,3.5555,2.6416,0,0,1,0,0,0,0,0,0,0,0,https://twitch.tv/about
41,14,19,0,2,4,0,0,4,0,0,0,0,0,0,11,0.2683,0.5122,0.2195,0.0,4.2476,2.8963,1,0,1,0,0,0,1,0,0,0,1,https://166.249.234.59/chase/account.html
81,19,29,24,3,2,0,2,4,0,0,1,2,0,1,5,0.0617,0.7778,0.1605,0.0123,4.5821,3.0106,0,1,1,0,0,0,0,0,0,0,0,https://docs.duckduckgo.com/wiki/Artificial_intelligence?session_id=66774&lang=en
61,13,40,0,3,6,1,0,5,0,0,0,0,0,0,3,0.0492,0.7377,0.2131,0.0,4.2421,2.8731,0,1,1,0,0,0,0,0,0,0,0,https://blog.ieee.org/downloads/releases/version-4.1.2.tar.gz
46,23,6,9,4,1,1,0,3,0,0,1,1,0,0,4,0.087,0.7391,0.1739,0.0,4.5121,3.882,0,0,0,0,0,0,3,0,0,0,1,http://w311sfarg0-confirm.info/login?auth=true
77,34,21,13,3,1,2,0,5,0,0,1,1,0,0,5,0.0649,0.7922,0.1429,0.0,4.5719,4.0797,0,0,1,0,1,0,3,0,0,0,1,https://customer-service-bankofamerica.gdn/webscr/unlock/submit?session=33358
44,21,6,9,4,1,1,0,3,0,0,1,1,0,0,3,0.0682,0.75,0.1818,0.0,4.4989,3.6897,0,0,0,0,1,0,3,0,0,0,1,http://fac3b00k-recover.work/login?auth=true
52,18,14,11,3,2,0,0,5,0,0,1,1,0,0,1,0.0192,0.7885,0.1923,0.0,4.2437,3.3921,0,1,1,0,0,1,0,0,0,0,0,https://blog.microsoft.com/api/v1/status?format=json
19,11,0,0,3,1,0,0,2,0,0,0,0,0,0,0,0.0,0.7895,0.2105,0.0,3.6819,3.2776,0,0,1,0,0,0,0,0,0,0,0,https://nytimes.com
91,18,10,55,3,2,1,0,3,0,0,1,2,0,1,17,0.1868,0.6923,0.1209,0.0,4.8281,3.6835,0,0,0,0,0,0,2,0,0,0,1,http://billing-portal.com/index.php?token=cee4b42d547d5c2d2d5db0b16ee6f732&target=instagram
51,11,32,0,3,1,1,0,5,0,0,0,0,0,0,0,0.0,0.8431,0.1569,0.0,4.2039,2.914,0,0,1,0,0,0,1,0,0,0,0,https://harvard.edu/news/technology/science-updates
48,17,23,0,3,2,0,0,5,0,0,0,0,0,0,3,0.0625,0.7708,0.1667,0.0,4.2904,3.7345,0,1,1,0,0,0,0,0,0,0,0,https://m.theguardian.com/courses/cs101/syllabus
20,12,0,0,3,1,0,0,2,0,0,0,0,0,0,0,0.0,0.8,0.2,0.0,3.6842,3.0221,0,0,1,0,0,0,0,0,0,0,0,https://coursera.org
52,29,15,0,6,1,2,0,4,0,0,0,0,0,0,0,0.0,0.8462,0.1538,0.0,3.9403,3.4232,0,0,1,0,1,0,2,0,0,0,1,https://binance-recover-center.racing/recover/verify
62,14,40,0,3,6,1,0,5,0,0,0,0,0,0,3,0.0484,0.7419,0.2097,0.0,4.3237,3.3788,0,1,1,0,0,1,0,0,0,0,0,https://api.reddit.com/downloads/releases/version-4.1.2.tar.gz
81,16,32,24,3,2,1,1,5,0,0,1,2,0,1,5,0.0617,0.7654,0.1728,0.0,4.5035,3.3278,0,1,1,0,0,0,1,0,0,0,0,https://docs.twitter.com/news/technology/science-updates?session_id=28294&lang=en
45,16,22,0,3,4,0,0,4,0,0,0,0,0,0,12,0.2667,0.5111,0.2222,0.0,4.3195,2.4131,1,0,0,0,0,0,2,0,1,0,1,http://58.48.1.121:8080/coinbase/payment.html
72,29,22,13,4,1,2,0,5,0,0,1,1,0,0,5,0.0694,0.7778,0.1528,0.0,4.3832,3.8235,0,0,0,0,1,0,3,0,0,0,1,http://customer-service-binance.club/webscr/recover/submit?session=76414
40,22,11,0,5,1,2,0,4,0,0,0,0,0,0,0,0.0,0.8,0.2,0.0,3.9153,3.6635,0,0,0,0,1,0,2,0,0,0,1,http://chase-pay-center.faith/pay/verify
68,20,40,0,3,6,1,0,5,0,0,0,0,0,0,3,0.0441,0.7647,0.1912,0.0,4.4165,3.8219,0,1,1,0,0,0,1,0,0,0,0,https://support.linkedin.com/downloads/releases/version-4.1.2.tar.gz
57,34,6,9,10,1,1,0,3,0,0,1,1,0,0,4,0.0702,0.7895,0.1404,0.0,4.4112,4.0575,0,0,0,0,1,0,4,0,0,0,1,http://w311sfarg0-verification.accountant/login?auth=true
37,12,17,0,3,2,2,0,3,0,0,0,0,0,0,0,0.0,0.7838,0.2162,0.0,3.9927,2.6887,0,1,1,0,0,0,1,0,0,0,0,https://m.google.com/terms-of-service
24,9,8,0,2,1,0,0,3,0,0,0,0,0,0,2,0.0833,0.7083,0.2083,0.125,3.7364,2.7255,0,0,0,0,0,1,0,0,0,0,1,http://shorte.st/6mt5JOT
44,21,6,9,6,1,1,0,3,0,0,1,1,0,0,2,0.0455,0.7727,0.1818,0.0,4.3088,3.7849,0,0,0,0,1,0,3,0,0,0,1,http://c0inbas3-alert.racing/login?auth=true
72,29,22,13,3,1,2,0,5,0,0,1,1,0,0,5,0.0694,0.7778,0.1528,0.0,4.5394,3.7975,0,0,0,0,1,0,3,0,0,0,1,http://customer-service-facebook.icu/webscr/billing/submit?session=88541
49,25,6,9,6,1,1,0,3,0,0,1,1,0,0,4,0.0816,0.7551,0.1633,0.0,4.5506,4.1639,0,0,1,0,1,0,3,0,0,0,1,https://w311sfarg0-invoice.stream/login?auth=true
51,29,15,0,3,1,2,0,4,0,0,0,0,0,0,0,0.0,0.8431,0.1569,0.0,4.254,3.9783,0,0,0,0,1,0,2,0,0,0,1,http://wellsfargo-support-center.gdn/support/verify
62,18,13,22,3,2,0,0,4,0,0,1,2,0,1,6,0.0968,0.7258,0.1774,0.0,4.6801,3.3921,0,1,1,0,0,1,0,0,0,0,0,https://blog.microsoft.com/profile/user?id=104928&tab=activity
51,29,15,0,4,1,2,0,4,0,0,0,0,0,0,0,0.0,0.8431,0.1569,0.0,4.0207,3.7194,0,0,0,0,1,0,2,0,0,0,1,http://microsoft-invoice-center.loan/invoice/verify
65,15,7,34,3,2,0,0,3,0,0,1,2,0,1,1,0.0154,0.8,0.1846,0.0,4.5141,3.1899,0,1,1,0,0,0,0,0,0,0,0,https://www.mozilla.org/search?q=machine+learning+tutorial&page=2
48,27,14,0,5,1,2,0,4,0,0,0,0,0,0,0,0.0,0.8333,0.1667,0.0,4.0145,3.6899,0,0,0,0,1,0,2,0,0,0,1,http://netflix-signin-center.space/signin/verify
51,17,1,24,3,2,0,1,3,0,0,1,2,0,1,5,0.098,0.6863,0.2157,0.0,4.4856,3.1751,0,1,1,0,0,0,0,0,0,0,0,https://docs.coursera.org/?session_id=72987&lang=en
67,17,7,34,3,2,0,0,3,0,0,1,2,0,1,1,0.0149,0.806,0.1791,0.0,4.4183,3.1751,0,1,1,0,0,0,0,0,0,0,0,https://docs.coursera.org/search?q=machine+learning+tutorial&page=2
41,14,20,0,3,4,0,0,4,0,0,0,0,0,0,11,0.2683,0.5122,0.2195,0.0,4.2963,2.7534,1,0,0,0,0,0,1,0,0,0,1,http://128.189.69.233/google/service.html
40,12,6,13,3,2,0,0,3,0,0,1,1,0,0,2,0.05,0.75,0.2,0.1,4.5464,3.085,0,1,1,0,0,0,0,0,0,0,0,https://blog.edx.org/watch?v=dQw4w9WgXcQ
27,13,6,0,3,2,0,0,3,0,0,0,0,0,0,0,0.0,0.7778,0.2222,0.0,3.8101,3.027,0,1,1,0,0,0,0,0,0,0,0,https://m.dropbox.com/about
41,28,6,0,4,3,1,0,3,0,0,0,0,0,0,6,0.1463,0.6585,0.1951,0.0,4.0859,3.9677,0,2,0,0,1,0,2,0,0,0,1,http://paypal.com.alert-339794.rest/alert
48,10,30,0,3,1,2,0,4,0,0,0,0,0,0,0,0.0,0.8333,0.1667,0.0,4.179,3.3219,0,0,1,0,0,0,0,0,0,0,0,https://github.com/projects/open-source-software
45,11,26,0,3,2,1,0,5,0,0,0,0,0,0,0,0.0,0.8,0.2,0.0,4.1977,2.914,0,1,1,0,0,0,1,0,0,0,0,https://m.quora.com/help/faq/account-settings
69,26,22,13,3,1,2,0,5,0,0,1,1,0,0,5,0.0725,0.7681,0.1594,0.0,4.4565,3.8731,0,0,0,0,1,0,3,0,0,0,1,http://customer-service-chase.xyz/webscr/invoice/submit?session=27527
49,37,5,0,10,3,1,0,3,0,0,0,0,0,0,3,0.0612,0.7755,0.1633,0.0,4.1516,4.006,0,2,0,0,1,0,2,0,0,0,1,http://wellsfargo.com.auth-1a8a1e.accountant/auth
92,21,38,24,3,3,0,3,5,0,0,1,2,0,1,6,0.0652,0.7609,0.1739,0.0,4.7129,3.8802,0,1,1,0,0,0,0,0,0,0,0,https://api.stackoverflow.com/library/archive/research_paper_v3.pdf?session_id=81356&lang=en
24,15,1,0,3,2,0,0,3,0,0,0,0,0,0,0,0.0,0.75,0.25,0.0,3.6531,3.3232,0,1,1,0,0,0,0,0,0,0,0,https://api.twitter.com/
41,17,6,9,2,1,1,0,3,0,0,1,1,0,0,3,0.0732,0.7317,0.1951,0.0,4.5402,3.8522,0,0,1,0,1,0,2,0,0,0,1,https://fac3b00k-login.gq/login?auth=true
84,12,39,24,3,1,2,1,6,0,0,1,2,0,1,11,0.131,0.6905,0.1786,0.0,4.6446,3.2516,0,0,1,0,0,0,0,0,0,0,0,https://linkedin.com/blog/2024/05/machine-learning-advances?session_id=79250&lang=en
38,10,6,13,3,1,0,0,3,0,0,1,1,0,0,2,0.0526,0.7632,0.1842,0.1053,4.4316,2.8464,0,0,1,0,0,0,0,0,0,0,0,https://ubuntu.com/watch?v=dQw4w9WgXcQ
56,19,29,0,3,3,1,0,5,0,0,0,0,0,0,1,0.0179,0.8036,0.1786,0.0,4.2004,3.0106,0,1,1,0,0,0,0,0,0,0,0,https://docs.duckduckgo.com/docs/v2/getting-started.html
64,14,17,24,3,2,2,1,3,0,0,1,2,0,1,5,0.0781,0.7188,0.2031,0.0,4.7284,3.3249,0,1,1,0,0,0,1,0,0,0,0,https://api.ubuntu.com/terms-of-service?session_id=97810&lang=en
56,29,20,0,3,1,2,0,4,0,0,0,0,0,0,0,0.0,0.8571,0.1429,0.0,3.9288,3.6764,0,0,0,0,1,0,2,0,0,0,1,http://apple-verification-center.top/verification/verify
82,20,29,24,3,3,1,1,5,0,0,1,2,0,1,6,0.0732,0.7439,0.1829,0.0,4.6232,3.9219,0,1,1,0,0,0,0,0,0,0,0,https://blog.theguardian.com/docs/v2/getting-started.html?session_id=38247&lang=en
41,18,6,9,6,1,1,0,3,0,0,1,1,0,0,1,0.0244,0.7805,0.1951,0.0,4.2018,3.6835,0,0,0,0,1,0,3,0,0,0,1,http://paypa1-auth.review/login?auth=true
50,28,15,0,4,1,2,0,4,0,0,0,0,0,0,0,0.0,0.84,0.16,0.0,4.0933,3.6245,0,0,0,0,1,0,2,0,0,0,1,http://coinbase-account-center.club/account/verify
48,19,22,0,3,4,0,0,4,0,0,0,0,0,0,15,0.3125,0.4792,0.2083,0.0,4.4285,2.6106,1,0,0,0,0,0,1,0,1,0,1,http://127.247.13.161:8080/facebook/account.html
78,22,23,24,3,2,0,1,5,0,0,1,2,0,1,8,0.1026,0.7308,0.1667,0.0,4.5113,3.5726,0,1,1,0,0,0,1,0,0,0,0,https://support.salesforce.com/courses/cs101/syllabus?session_id=19212&lang=en
45,19,19,0,3,4,0,0,4,0,0,0,0,0,0,15,0.3333,0.4444,0.2222,0.0,4.2139,2.5567,1,0,0,0,0,0,1,0,1,0,1,http://169.101.44.143:8000/instagram/pay.html
26,10,8,0,3,1,0,0,3,0,0,0,0,0,0,0,0.0,0.8077,0.1923,0.0,3.7343,3.3219,0,0,1,0,0,0,0,0,0,0,0,https://gitlab.com/contact
41,16,17,0,3,2,2,0,3,0,0,0,0,0,0,0,0.0,0.8049,0.1951,0.0,4.0644,3.5,0,1,1,0,0,0,1,0,0,0,0,https://docs.archive.org/terms-of-service
62,16,38,0,3,3,0,2,5,0,0,0,0,0,0,1,0.0161,0.8065,0.1774,0.0,4.2687,3.3278,0,1,1,0,0,0,0,0,0,0,0,https://docs.spotify.com/library/archive/research_paper_v3.pdf
21,6,8,0,2,1,0,0,3,0,0,0,0,0,0,1,0.0476,0.7143,0.2381,0.1429,4.0707,2.585,0,0,0,0,0,1,0,0,0,0,1,http://adf.ly/u9nYrVZ
68,20,40,0,3,6,1,0,5,0,0,0,0,0,0,3,0.0441,0.7647,0.1912,0.0,4.2828,3.5219,0,1,1,0,0,0,1,0,0,0,0,https://support.stanford.edu/downloads/releases/version-4.1.2.tar.gz
81,19,29,24,3,2,0,2,4,0,0,1,2,0,1,5,0.0617,0.7778,0.1605,0.0123,4.5334,3.4714,0,1,1,0,0,0,0,0,0,0,0,https://blog.salesforce.com/wiki/Artificial_intelligence?session_id=12442&lang=en
50,34,9,0,3,3,1,0,3,0,0,0,0,0,0,3,0.06,0.78,0.16,0.0,4.4431,4.2561,0,2,0,0,1,0,1,0,0,0,1,http://wellsfargo.com.security-2bbb89.icu/security
74,29,24,13,3,1,2,0,5,0,0,1,1,0,0,5,0.0676,0.7838,0.1486,0.0,4.4465,3.8144,0,0,0,0,1,0,3,0,0,0,1,http://customer-service-coinbase.kim/webscr/ebayisapi/submit?session=45867
76,34,21,13,7,1,2,0,5,0,0,1,1,0,0,5,0.0658,0.7895,0.1447,0.0,4.3525,3.7267,0,0,0,0,1,1,2,0,0,0,1,http://customer-service-microsoft.country/webscr/webscr/submit?session=35239
81,22,26,24,3,2,1,1,5,0,0,1,2,0,1,5,0.0617,0.7654,0.1728,0.0,4.6532,3.4474,0,1,1,0,0,0,2,0,0,0,0,https://support.duckduckgo.com/help/faq/account-settings?session_id=37989&lang=en
49,15,14,11,3,2,0,0,5,0,0,1,1,0,0,1,0.0204,0.7755,0.2041,0.0,4.2067,3.3232,0,1,1,0,0,0,0,0,0,0,0,https://www.spotify.com/api/v1/status?format=json
72,26,24,13,5,1,2,0,5,0,0,1,1,0,0,5,0.0694,0.7778,0.1528,0.0,4.5235,3.9791,0,0,1,0,1,0,3,0,0,0,1,https://customer-service-dhl.faith/webscr/ebayisapi/submit?session=52372
88,16,10,53,2,2,1,0,3,0,0,1,2,0,1,21,0.2386,0.6364,0.125,0.0,4.7986,3.5778,0,0,1,0,0,0,2,0,0,0,1,https://webscr-portal.cc/index.php?token=2466dcb8670c40c465c5e9c453cc02d5&target=netflix
97,23,10,55,3,2,1,0,3,0,0,1,2,0,1,23,0.2371,0.6495,0.1134,0.0,4.8884,3.7623,0,0,1,0,0,0,2,0,0,0,1,https://verification-portal.com/index.php?token=6078b1f8b33500914973531cc8ac0b8a&target=microsoft
59,12,39,0,3,2,2,0,6,0,0,0,0,0,0,6,0.1017,0.7119,0.1864,0.0,4.4016,2.8554,0,1,1,0,0,0,0,0,0,0,0,https://api.ieee.org/blog/2024/05/machine-learning-advances
20,5,8,0,2,1,0,0,3,0,0,0,0,0,0,2,0.1,0.65,0.25,0.0,3.9842,2.3219,0,0,0,0,0,1,0,0,0,0,1,http://is.gd/6n1akub
55,18,29,0,3,2,0,1,4,0,0,0,0,0,0,0,0.0,0.8545,0.1455,0.0182,4.1699,3.7255,0,1,1,0,0,1,0,0,0,0,0,https://blog.pinterest.com/wiki/Artificial_intelligence
40,22,11,0,2,1,2,0,4,0,0,0,0,0,0,0,0.0,0.8,0.2,0.0,4.1964,3.8797,0,0,0,0,1,0,2,0,0,0,1,http://facebook-pay-center.ml/pay/verify
50,13,29,0,3,2,0,1,4,0,0,0,0,0,0,0,0.0,0.84,0.16,0.02,4.2402,3.0851,0,1,1,0,0,0,0,0,0,0,0,https://docs.nasa.gov/wiki/Artificial_intelligence
47,19,6,13,3,2,0,0,3,0,0,1,1,0,0,2,0.0426,0.7872,0.1702,0.0851,4.6901,3.8269,0,1,1,0,0,0,1,0,0,0,0,https://support.netflix.com/watch?v=dQw4w9WgXcQ
59,12,15,23,3,2,1,1,3,0,0,1,2,0,1,4,0.0678,0.7288,0.2034,0.0,4.6261,2.9183,0,1,1,0,0,0,1,0,0,0,0,https://m.paypal.com/privacy-policy?session_id=3872&lang=en
19,4,8,0,2,1,0,0,3,0,0,0,0,0,0,2,0.1053,0.6316,0.2632,0.0526,3.6421,2.0,0,0,0,0,0,1,0,0,0,0,1,http://t.co/dowW51n
68,25,22,13,3,1,2,0,5,0,0,1,1,0,0,5,0.0735,0.7647,0.1618,0.0,4.4141,3.7337,0,0,0,0,1,0,4,0,0,0,1,http://customer-service-usps.win/webscr/payment/submit?session=34922
74,15,26,24,3,2,1,1,5,0,0,1,2,0,1,5,0.0676,0.7432,0.1892,0.0,4.6249,3.3736,0,1,1,0,0,0,1,0,0,0,0,https://blog.github.com/help/faq/account-settings?session_id=74241&lang=en
85,15,10,51,2,2,1,0,3,0,0,1,2,0,1,20,0.2353,0.6353,0.1294,0.0,4.7833,3.2402,0,0,1,0,0,0,2,0,0,0,1,https://alert-portal.cc/index.php?token=e7ec8e4514e6c2ff12308568c99fd1f5&target=chase
43,9,14,11,2,2,0,0,5,0,0,1,1,0,0,1,0.0233,0.7442,0.2326,0.0,4.0696,2.5033,0,1,1,0,0,0,0,0,0,0,0,https://m.zoom.us/api/v1/status?format=json
26,12,6,0,3,2,0,0,3,0,0,0,0,0,0,0,0.0,0.7692,0.2308,0.0,3.921,3.085,0,1,1,0,0,0,0,0,0,0,0,https://docs.edx.org/about
49,35,7,0,7,3,1,0,3,0,0,0,0,0,0,3,0.0612,0.7755,0.1633,0.0,4.2803,4.1072,0,2,0,0,1,0,1,0,0,0,1,http://instagram.com.secure-e124ba.country/secure
52,29,16,0,3,1,2,0,4,0,0,0,0,0,0,0,0.0,0.8462,0.1538,0.0,4.0495,3.7623,0,0,0,0,1,0,2,0,0,0,1,http://microsoft-security-center.win/security/verify
46,26,13,0,4,1,2,0,4,0,0,0,0,0,0,0,0.0,0.8261,0.1739,0.0,4.1022,3.6714,0,0,0,0,1,0,2,0,0,0,1,http://facebook-alert-center.club/alert/verify
89,18,38,24,3,3,0,3,5,0,0,1,2,0,1,6,0.0674,0.7528,0.1798,0.0,4.6813,3.3502,0,1,1,0,0,0,0,0,0,0,0,https://www.salesforce.com/library/archive/research_paper_v3.pdf?session_id=90780&lang=en
53,32,14,0,4,1,2,0,4,0,0,0,0,0,0,0,0.0,0.8491,0.1509,0.0,4.3594,3.9681,0,0,0,0,1,0,2,0,0,0,1,http://bankofamerica-unlock-center.buzz/unlock/verify
55,19,29,0,3,3,1,0,5,0,0,0,0,0,0,1,0.0182,0.8,0.1818,0.0,4.1744,3.2866,0,1,0,0,0,0,0,0,0,0,0,http://docs.salesforce.com/docs/v2/getting-started.html
53,19,1,24,3,2,0,1,3,0,0,1,2,0,1,5,0.0943,0.6981,0.2075,0.0,4.5932,3.4316,0,1,1,0,0,0,0,0,0,0,0,https://docs.cloudflare.com/?session_id=36744&lang=en
38,10,6,13,3,1,0,0,3,0,0,1,1,0,0,2,0.0526,0.7632,0.1842,0.1053,4.4118,2.7219,0,0,1,0,0,0,0,0,0,0,0,https://amazon.com/watch?v=dQw4w9WgXcQ
58,34,6,9,7,1,1,0,3,0,0,1,1,0,0,2,0.0345,0.8276,0.1379,0.0,4.4288,3.8414,0,0,1,0,1,0,3,0,0,0,1,https://bank0fam3rica-verification.cricket/login?auth=true
42,19,6,9,2,1,2,0,3,0,0,1,1,0,0,0,0.0,0.7857,0.2143,0.0,4.1485,3.5369,0,0,0,0,1,0,3,0,0,0,1,http://usps-secure-auth.gq/login?auth=true
87,17,10,51,3,2,1,0,3,0,0,1,2,0,1,22,0.2529,0.6207,0.1264,0.0,4.8347,3.6169,0,0,1,0,0,0,2,0,0,0,1,https://secure-portal.com/index.php?token=d0eb516bac67d242641435a1714e08a1&target=chase
80,18,29,24,3,2,0,2,4,0,0,1,2,0,1,5,0.0625,0.775,0.1625,0.0125,4.5914,3.5033,0,1,1,0,0,0,1,0,0,0,0,https://support.nature.com/wiki/Artificial_intelligence?session_id=36818&lang=en
75,14,28,24,3,2,0,1,5,0,0,1,2,0,1,5,0.0667,0.76,0.1733,0.0,4.5691,3.3249,0,1,1,0,0,0,0,0,0,0,0,https://www.github.com/products/enterprise/pricing?session_id=28152&lang=en
75,10,32,24,3,1,1,1,5,0,0,1,2,0,1,5,0.0667,0.76,0.1733,0.0,4.5171,3.1219,0,0,1,0,0,1,1,0,0,0,0,https://reddit.com/news/technology/science-updates?session_id=41048&lang=en
51,14,29,0,3,3,1,0,5,0,0,0,0,0,0,1,0.0196,0.7843,0.1961,0.0,4.2108,3.2359,0,1,1,0,0,0,0,0,0,0,0,https://m.linkedin.com/docs/v2/getting-started.html
89,18,10,53,3,2,1,0,3,0,0,1,2,0,1,16,0.1798,0.6966,0.1236,0.0,4.654,3.5724,0,0,0,0,1,0,2,0,0,0,1,http://invoice-portal.top/index.php?token=a8adc1cd0d06bd9d093c928e3e8e64ee&target=dropbox
33,10,15,0,3,1,1,0,3,0,0,0,0,0,0,0,0.0,0.8182,0.1818,0.0,4.0815,3.3219,0,0,1,0,0,0,0,0,0,0,0,https://gitlab.com/privacy-policy
85,13,40,23,3,6,1,1,5,0,0,1,2,0,1,7,0.0824,0.7059,0.2118,0.0,4.6285,3.0851,0,1,1,0,0,0,0,0,0,0,0,https://m.harvard.edu/downloads/releases/version-4.1.2.tar.gz?session_id=7380&lang=en
41,10,23,0,3,1,0,0,5,0,0,0,0,0,0,3,0.0732,0.7561,0.1707,0.0,3.9859,2.8464,0,0,1,0,0,0,0,0,0,0,0,https://ubuntu.com/courses/cs101/syllabus
51,29,15,0,3,1,2,0,4,0,0,0,0,0,0,0,0.0,0.8431,0.1569,0.0,4.2225,3.9354,0,0,0,0,1,0,2,0,0,0,1,http://wellsfargo-support-center.men/support/verify
55,16,6,24,3,2,0,1,3,0,0,1,2,0,1,5,0.0909,0.7091,0.2,0.0,4.5491,3.375,0,1,1,0,0,0,0,0,0,0,0,https://docs.nytimes.com/about?session_id=17027&lang=en
49,12,29,0,3,2,0,1,4,0,0,0,0,0,0,0,0.0,0.8367,0.1633,0.0204,4.2366,3.0221,0,1,1,0,0,0,0,0,0,0,0,https://m.tumblr.com/wiki/Artificial_intelligence
20,5,8,0,2,1,0,0,3,0,0,0,0,0,0,2,0.1,0.65,0.25,0.1,3.8842,1.9219,0,0,0,0,0,1,0,0,0,0,1,http://bc.vc/sKHg6a8
51,14,29,0,3,3,1,0,5,0,0,0,0,0,0,1,0.0196,0.7843,0.1961,0.0,4.2307,3.182,0,1,1,0,0,0,0,0,0,0,0,https://docs.quora.com/docs/v2/getting-started.html
90,17,10,54,3,2,1,0,3,0,0,1,2,0,1,19,0.2111,0.6667,0.1222,0.0,4.8158,3.1751,0,0,1,0,1,0,2,0,0,0,1,https://wallet-portal.top/index.php?token=51aec2e22668b0b3a16d28aabf049c91&target=metamask
48,11,29,0,3,3,1,0,5,0,0,0,0,0,0,1,0.0208,0.7708,0.2083,0.0,4.2143,2.8454,0,1,1,0,0,0,0,0,0,0,0,https://www.edx.org/docs/v2/getting-started.html
52,18,14,11,3,2,0,0,5,0,0,1,1,0,0,1,0.0192,0.7885,0.1923,0.0,4.3932,3.4613,0,1,1,0,0,0,0,0,0,0,0,https://www.cloudflare.com/api/v1/status?format=json
50,13,30,0,1,4,0,0,4,0,0,0,0,0,0,10,0.2,0.62,0.18,0.0,4.2704,2.6612,1,0,0,0,0,0,2,0,0,0,1,http://120.196.107.2/instagram/authentication.html
46,18,6,13,3,2,0,0,3,0,0,1,1,0,0,2,0.0435,0.7826,0.1739,0.087,4.4415,3.3502,0,1,1,0,0,0,0,0,0,0,0,https://www.salesforce.com/watch?v=dQw4w9WgXcQ
73,31,21,13,7,1,2,0,5,0,0,1,1,0,0,5,0.0685,0.7808,0.1507,0.0,4.467,3.8976,0,0,0,0,1,0,4,0,0,0,1,http://customer-service-paypal.cricket/webscr/portal/submit?session=19989
41,15,19,0,3,4,0,0,4,0,0,0,0,0,0,12,0.2927,0.4878,0.2195,0.0,4.0828,2.6062,1,0,0,0,0,0,1,0,0,0,1,http://123.211.209.238/amazon/wallet.html
57,29,20,0,4,1,2,0,4,0,0,0,0,0,0,0,0.0,0.8596,0.1404,0.0,4.1724,3.9783,0,0,1,0,1,0,2,0,0,0,1,https://usps-verification-center.buzz/verification/verify
51,17,14,11,2,3,0,0,5,0,0,1,1,0,0,1,0.0196,0.7647,0.2157,0.0,4.202,3.2195,0,2,1,0,0,0,1,0,0,0,0,https://support.bbc.co.uk/api/v1/status?format=json
48,33,8,0,4,3,1,0,3,0,0,0,0,0,0,3,0.0625,0.7708,0.1667,0.0,4.2925,4.1421,0,2,0,0,1,1,2,0,0,0,1,http://microsoft.com.payment-62bcd7.rest/payment
22,14,0,0,3,2,0,0,2,0,0,0,0,0,0,0,0.0,0.7727,0.2273,0.0,3.8797,3.182,0,1,1,0,0,0,0,0,0,0,0,https://blog.adobe.com
88,16,10,53,2,2,1,0,3,0,0,1,2,0,1,21,0.2386,0.6364,0.125,0.0,4.8401,3.5778,0,0,1,0,0,0,2,0,0,0,1,https://webscr-portal.cc/index.php?token=056ac7eee935974a03e4480f766fc4d8&target=dropbox
52,15,29,0,3,3,1,0,5,0,0,0,0,0,0,1,0.0192,0.7885,0.1923,0.0,4.1805,3.0566,0,1,1,0,0,0,0,0,0,0,0,https://docs.amazon.com/docs/v2/getting-started.html
20,5,8,0,2,1,0,0,3,0,0,0,0,0,0,1,0.05,0.7,0.25,0.15,3.9842,2.3219,0,0,0,0,0,1,0,0,0,0,1,http://rb.gy/m6BJKdz
65,15,7,34,3,2,0,0,3,0,0,1,2,0,1,1,0.0154,0.8,0.1846,0.0,4.4969,3.5069,0,1,1,0,0,0,0,0,0,0,0,https://docs.gitlab.com/search?q=machine+learning+tutorial&page=2
57,41,9,0,7,3,1,0,3,0,0,0,0,0,0,5,0.0877,0.7719,0.1404,0.0,4.4291,4.2411,0,2,0,0,1,0,1,0,0,0,1,http://bankofamerica.com.security-0771d7.country/security
30,14,8,0,3,2,0,0,3,0,0,0,0,0,0,0,0.0,0.8,0.2,0.0,3.6981,3.2359,0,1,1,0,0,0,0,0,0,0,0,https://docs.apple.com/contact
90,17,10,54,3,2,1,0,3,0,0,1,2,0,1,20,0.2222,0.6556,0.1222,0.0,4.7779,3.2195,0,0,1,0,0,0,1,0,0,0,1,https://portal-portal.com/index.php?token=7254853bed399c174b92ece1c19b5e1b&target=facebook
49,15,26,0,3,2,1,0,5,0,0,0,0,0,0,0,0.0,0.8163,0.1837,0.0,4.1987,3.1899,0,1,1,0,0,1,1,0,0,0,0,https://docs.reddit.com/help/faq/account-settings
74,31,22,13,7,1,2,0,5,0,0,1,1,0,0,5,0.0676,0.7838,0.1486,0.0,4.4385,3.8457,0,0,0,0,1,0,4,0,0,0,1,http://customer-service-paypal.science/webscr/account/submit?session=51713
96,25,10,53,3,2,1,0,3,0,0,1,2,0,1,17,0.1771,0.7083,0.1146,0.0,4.6901,3.5591,0,0,0,0,1,0,3,0,0,0,1,http://authentication-portal.top/index.php?token=aadc9d51be1350f25ed26aec5b8788a5&target=netflix
91,16,10,56,2,2,1,0,3,0,0,1,2,0,1,22,0.2418,0.6374,0.1209,0.0,5.0174,3.75,0,0,1,0,0,0,2,0,0,0,1,https://verify-portal.cc/index.php?token=d7d497da9a50f1887423dc446b6211c6&target=wellsfargo
20,5,8,0,2,1,0,0,3,0,0,0,0,0,0,1,0.05,0.7,0.25,0.2,3.8842,2.3219,0,0,0,0,0,1,0,0,0,0,1,http://is.gd/VgDWn7H
62,15,39,0,3,2,2,0,6,0,0,0,0,0,0,6,0.0968,0.7258,0.1774,0.0,4.5099,3.3736,0,1,1,0,0,0,0,0,0,0,0,https://blog.github.com/blog/2024/05/machine-learning-advances
57,33,6,9,3,1,2,0,3,0,0,1,1,0,0,0,0.0,0.8421,0.1579,0.0,4.2716,3.8243,0,0,1,0,1,0,4,0,0,0,1,https://instagram-secure-verification.men/login?auth=true
41,10,23,0,3,2,0,0,5,0,0,0,0,0,0,3,0.0732,0.7317,0.1951,0.0,4.1107,2.6464,0,1,1,0,0,0,0,0,0,0,0,https://m.ieee.org/courses/cs101/syllabus
24,10,6,0,3,1,0,0,3,0,0,0,0,0,0,0,0.0,0.7917,0.2083,0.0,3.8035,3.3219,0,0,1,0,0,0,0,0,0,0,0,https://gitlab.com/about
72,10,29,24,3,2,1,1,5,0,0,1,2,0,1,6,0.0833,0.7222,0.1944,0.0,4.574,2.9219,0,0,1,0,0,0,0,0,0,0,0,https://oracle.com/docs/v2/getting-started.html?session_id=56058&lang=en
43,15,21,0,2,4,0,0,4,0,0,0,0,0,0,11,0.2558,0.5116,0.2326,0.0,4.3503,2.4464,1,0,0,0,0,0,1,0,1,0,1,http://119.5.3.58:8000/binance/recover.html
45,14,23,0,3,2,0,0,5,0,0,0,0,0,0,3,0.0667,0.7556,0.1778,0.0,4.0357,3.182,0,1,1,0,0,0,0,0,0,0,0,https://m.coursera.org/courses/cs101/syllabus
46,31,8,0,3,3,1,0,3,0,0,0,0,0,0,3,0.0652,0.7609,0.1739,0.0,4.2083,3.9536,0,2,0,0,1,0,1,0,0,0,1,http://metamask.com.invoice-0dca69.icu/invoice
39,11,6,13,3,1,0,0,3,0,0,1,1,0,0,2,0.0513,0.7692,0.1795,0.1026,4.5094,3.2776,0,0,1,0,0,0,0,0,0,0,0,https://nytimes.com/watch?v=dQw4w9WgXcQ
50,16,26,0,3,2,1,0,5,0,0,0,0,0,0,0,0.0,0.82,0.18,0.0,4.264,3.375,0,1,1,0,0,0,1,0,0,0,0,https://m.cloudflare.com/help/faq/account-settings
40,15,17,0,3,4,0,0,4,0,0,0,0,0,0,12,0.3,0.475,0.225,0.0,4.2719,2.7899,1,0,1,0,0,0,1,0,0,0,1,https://116.245.169.174/netflix/pay.html
43,20,6,9,3,1,1,0,3,0,0,1,1,0,0,2,0.0465,0.7674,0.186,0.0,4.5455,3.8219,0,0,0,0,1,0,3,0,0,0,1,http://micr0s0ft-verify.xyz/login?auth=true
22,7,8,0,2,1,0,0,3,0,0,0,0,0,0,1,0.0455,0.7273,0.2273,0.1364,3.7544,2.5216,0,0,0,0,0,1,0,0,0,0,1,http://tiny.cc/8TQxhnD
64,17,40,0,3,6,1,0,5,0,0,0,0,0,0,3,0.0469,0.75,0.2031,0.0,4.3092,3.2639,0,1,0,0,0,0,0,0,0,0,0,http://api.wikipedia.org/downloads/releases/version-4.1.2.tar.gz
87,16,38,24,3,3,0,3,5,0,0,1,2,0,1,6,0.069,0.7471,0.1839,0.0,4.6842,3.5778,0,1,1,0,0,0,0,0,0,0,0,https://blog.spotify.com/library/archive/research_paper_v3.pdf?session_id=32310&lang=en
49,15,26,0,2,2,1,0,5,0,0,0,0,0,0,0,0.0,0.8163,0.1837,0.0,4.1559,3.0566,0,1,1,0,0,0,2,0,0,0,0,https://support.zoom.us/help/faq/account-settings
46,31,8,0,5,3,1,0,3,0,0,0,0,0,0,3,0.0652,0.7609,0.1739,0.0,4.2512,4.0181,0,2,0,0,1,0,1,0,0,0,1,http://amazon.com.invoice-c5d32b.trade/invoice
58,14,13,22,3,2,0,0,4,0,0,1,2,0,1,6,0.1034,0.7069,0.1897,0.0,4.6945,3.3788,0,1,1,0,0,0,0,0,0,0,0,https://docs.arxiv.org/profile/user?id=104928&tab=activity
69,22,39,0,3,2,2,0,6,0,0,0,0,0,0,6,0.087,0.7536,0.1594,0.0,4.5745,3.6978,0,1,1,0,0,0,0,0,0,0,0,https://docs.stackoverflow.com/blog/2024/05/machine-learning-advances
44,16,21,0,2,4,0,0,4,0,0,0,0,0,0,12,0.2727,0.5,0.2273,0.0,4.3059,2.6635,1,0,0,0,0,0,1,0,1,0,1,http://24.2.180.19:3000/facebook/wallet.html
35,7,6,13,3,1,0,0,3,0,0,1,1,0,0,2,0.0571,0.7429,0.2,0.1143,4.3573,2.8074,0,0,1,0,0,0,0,0,0,0,0,https://nih.gov/watch?v=dQw4w9WgXcQ
87,17,10,52,3,2,1,0,3,0,0,1,2,0,1,22,0.2529,0.6207,0.1264,0.0,4.9337,3.8522,0,0,0,0,0,0,2,0,0,0,1,http://verify-portal.com/index.php?token=841311bcfad7a8bd849e9795e2718656&target=google
48,14,26,0,2,2,1,0,5,0,0,0,0,0,0,0,0.0,0.8125,0.1875,0.0,4.1709,3.3249,0,1,1,0,0,0,1,0,0,0,0,https://blog.twitch.tv/help/faq/account-settings
93,20,10,55,3,2,1,0,3,0,0,1,2,0,1,20,0.2151,0.6667,0.1183,0.0,4.8868,3.5464,0,0,0,0,1,0,2,0,0,0,1,http://ebayisapi-portal.top/index.php?token=aaf321db15b89c073467421b98ae7be9&target=microsoft
31,22,1,0,3,2,0,0,3,0,0,0,0,0,0,0,0.0,0.8065,0.1935,0.0,3.7758,3.4474,0,1,1,0,0,0,1,0,0,0,0,https://support.duckduckgo.com/
63,13,17,24,2,2,2,1,3,0,0,1,2,0,1,5,0.0794,0.7143,0.2063,0.0,4.61,2.5654,0,1,1,0,0,0,1,0,0,0,0,https://www.twitch.tv/terms-of-service?session_id=81856&lang=en
46,31,7,0,6,3,1,0,3,0,0,0,0,0,0,5,0.1087,0.7174,0.1739,0.0,4.4415,4.2603,0,2,1,0,1,0,2,0,0,0,1,https://paypal.com.signin-1f8328.webcam/signin
43,29,7,0,7,3,1,0,3,0,0,0,0,0,0,1,0.0233,0.7907,0.186,0.0,4.0804,3.9523,0,2,0,0,1,0,1,0,0,0,1,http://dhl.com.update-bd0bec.cricket/update
48,19,22,0,3,4,0,0,4,0,0,0,0,0,0,15,0.3125,0.4792,0.2083,0.0,4.2147,2.4488,1,0,0,0,0,0,1,0,1,0,1,http://203.31.234.112:3000/dropbox/password.html
42,17,17,0,3,2,2,0,3,0,0,0,0,0,0,0,0.0,0.8095,0.1905,0.0,4.3024,3.4992,0,1,1,0,0,0,1,0,0,0,0,https://blog.linkedin.com/terms-of-service
54,14,32,0,3,2,1,0,5,0,0,0,0,0,0,0,0.0,0.8333,0.1667,0.0,4.19,3.3788,0,1,1,0,0,1,1,0,0,0,0,https://api.reddit.com/news/technology/science-updates
49,18,23,0,3,2,0,0,5,0,0,0,0,0,0,3,0.0612,0.7755,0.1633,0.0,4.3212,3.5724,0,1,1,0,0,0,0,0,0,0,0,https://blog.wikipedia.org/courses/cs101/syllabus
45,19,19,0,3,4,0,0,4,0,0,0,0,0,0,15,0.3333,0.4444,0.2222,0.0,4.1803,2.6995,1,0,0,0,0,0,1,0,1,0,1,http://163.219.36.206:3000/usps/password.html
48,11,29,0,3,3,1,0,5,0,0,0,0,0,0,1,0.0208,0.7708,0.2083,0.0,4.1051,2.914,0,1,1,0,0,0,0,0,0,0,0,https://m.chase.com/docs/v2/getting-started.html
26,10,8,0,3,1,0,0,3,0,0,0,0,0,0,0,0.0,0.8077,0.1923,0.0,3.7962,3.1219,0,0,1,0,0,0,0,0,0,0,0,https://kaggle.com/contact
59,13,38,0,3,3,0,2,5,0,0,0,0,0,0,1,0.0169,0.7966,0.1864,0.0,4.3003,3.027,0,1,1,0,0,0,0,0,0,0,0,https://www.adobe.com/library/archive/research_paper_v3.pdf
47,25,15,0,4,1,2,0,4,0,0,0,0,0,0,0,0.0,0.8298,0.1702,0.0,4.1592,3.8439,0,0,0,0,1,0,2,0,0,0,1,http://fedex-support-center.club/support/verify
60,31,22,0,3,1,2,0,4,0,0,0,0,0,0,0,0.0,0.8667,0.1333,0.0,4.0547,3.8732,0,0,0,0,1,0,3,0,0,0,1,http://apple-authentication-center.xyz/authentication/verify
63,15,40,0,3,6,1,0,5,0,0,0,0,0,0,3,0.0476,0.746,0.2063,0.0,4.4459,3.3232,0,1,1,0,0,0,0,0,0,0,0,https://blog.medium.com/downloads/releases/version-4.1.2.tar.gz
21,6,8,0,2,1,0,0,3,0,0,0,0,0,0,2,0.0952,0.6667,0.2381,0.0952,3.6897,2.585,0,0,0,0,0,1,0,0,0,0,1,http://bit.do/IHtc11g
64,17,39,0,3,2,2,0,6,0,0,0,0,0,0,6,0.0938,0.7344,0.1719,0.0,4.5428,3.7345,0,1,1,0,0,0,0,0,0,0,0,https://blog.stanford.edu/blog/2024/05/machine-learning-advances
23,9,6,0,3,2,0,0,3,0,0,0,0,0,0,0,0.0,0.7391,0.2609,0.0,3.8492,2.9477,0,1,1,0,0,0,0,0,0,0,0,https://m.nih.gov/about
47,24,6,9,7,1,1,0,3,0,0,1,1,0,0,2,0.0426,0.7872,0.1702,0.0,4.3223,3.9387,0,0,0,0,1,0,3,0,0,0,1,http://micr0s0ft-portal.country/login?auth=true
49,12,29,0,3,3,1,0,5,0,0,0,0,0,0,1,0.0204,0.7755,0.2041,0.0,4.1733,3.2516,0,1,1,0,0,0,0,0,0,0,0,https://m.nature.com/docs/v2/getting-started.html
58,14,13,22,3,2,0,0,4,0,0,1,2,0,1,6,0.1034,0.7069,0.1897,0.0,4.7138,3.0391,0,1,1,0,0,0,1,0,0,0,0,https://www.paypal.com/profile/user?id=104928&tab=activity
47,13,26,0,3,4,0,0,4,0,0,0,0,0,0,10,0.2128,0.5957,0.1915,0.0,4.4747,2.8731,1,0,1,0,0,0,1,0,0,0,1,https://172.80.45.145/binance/verification.html
46,24,15,0,3,1,2,0,4,0,0,0,0,0,0,0,0.0,0.8261,0.1739,0.0,4.0395,3.7202,0,0,0,0,1,0,2,0,0,0,1,http://apple-confirm-center.fit/confirm/verify
46,15,23,0,3,2,0,0,5,0,0,0,0,0,0,3,0.0652,0.7609,0.1739,0.0,4.1262,3.3736,0,1,1,0,0,0,0,0,0,0,0,https://api.spotify.com/courses/cs101/syllabus
56,12,13,22,3,2,0,0,4,0,0,1,2,0,1,6,0.1071,0.6964,0.1964,0.0,4.7159,2.6887,0,1,1,0,0,0,0,0,0,0,0,https://docs.cnn.com/profile/user?id=104928&tab=activity
55,15,32,0,3,2,1,0,5,0,0,0,0,0,0,0,0.0,0.8364,0.1636,0.0,4.1585,3.3736,0,1,1,0,0,0,2,0,0,0,0,https://support.mit.edu/news/technology/science-updates
90,20,10,51,3,2,1,0,3,0,0,1,2,0,1,21,0.2333,0.6444,0.1222,0.0,4.7573,3.5464,0,0,1,0,1,0,2,0,0,0,1,https://ebayisapi-portal.top/index.php?token=8a0110ed51e5bf4195e7524c2e21e68a&target=fedex
50,16,26,0,3,2,1,0,5,0,0,0,0,0,0,0,0.0,0.82,0.18,0.0,4.1762,3.625,0,1,1,0,0,0,1,0,0,0,0,https://api.stanford.edu/help/faq/account-settings
70,27,22,13,4,1,2,0,5,0,0,1,1,0,0,5,0.0714,0.7714,0.1571,0.0,4.5982,3.8525,0,0,0,0,1,0,3,0,0,0,1,http://customer-service-fedex.club/webscr/banking/submit?session=76711
54,17,29,0,3,2,0,1,4,0,0,0,0,0,0,0,0.0,0.8519,0.1481,0.0185,4.2757,3.4548,0,1,1,0,0,0,1,0,0,0,0,https://support.arxiv.org/wiki/Artificial_intelligence
52,14,6,24,3,2,0,1,3,0,0,1,2,0,1,5,0.0962,0.6923,0.2115,0.0,4.6373,3.3788,0,1,0,0,0,1,0,0,0,0,0,http://api.reddit.com/about?session_id=53187&lang=en
49,15,26,0,3,2,1,0,5,0,0,0,0,0,0,0,0.0,0.8163,0.1837,0.0,4.1779,3.6402,0,1,1,0,0,0,1,0,0,0,0,https://api.netflix.com/help/faq/account-settings
42,11,23,0,3,2,0,0,5,0,0,0,0,0,0,3,0.0714,0.7381,0.1905,0.0,4.0916,2.914,0,1,1,0,0,0,0,0,0,0,0,https://m.adobe.com/courses/cs101/syllabus
21,12,1,0,3,2,0,0,3,0,0,0,0,0,0,0,0.0,0.7143,0.2857,0.0,3.7849,3.085,0,1,1,0,0,0,0,0,0,0,0,https://blog.edx.org/
21,13,0,0,3,2,0,0,2,0,0,0,0,0,0,0,0.0,0.7619,0.2381,0.0,3.8209,3.2389,0,1,1,0,0,0,0,0,0,0,0,https://api.quora.com
70,22,15,24,3,2,1,1,3,0,0,1,2,0,1,5,0.0714,0.7571,0.1714,0.0,4.7019,3.6978,0,1,1,0,0,0,0,0,0,0,0,https://docs.stackoverflow.com/privacy-policy?session_id=35737&lang=en
47,8,32,0,3,1,1,0,5,0,0,0,0,0,0,0,0.0,0.8298,0.1702,0.0,4.1188,2.75,0,0,0,0,0,0,1,0,0,0,0,http://nasa.gov/news/technology/science-updates
73,23,17,24,3,2,2,1,3,0,0,1,2,0,1,5,0.0685,0.7534,0.1781,0.0,4.6688,3.9149,0,1,1,0,0,0,2,0,0,0,0,https://support.theguardian.com/terms-of-service?session_id=64827&lang=en
51,13,30,0,3,2,2,0,4,0,0,0,0,0,0,0,0.0,0.8235,0.1765,0.0,4.1087,3.0851,0,1,1,0,0,0,0,0,0,0,0,https://m.youtube.com/projects/open-source-software
59,13,39,0,3,1,2,0,6,0,0,0,0,0,0,6,0.1017,0.7288,0.1695,0.0,4.4838,3.027,0,0,0,0,0,1,0,0,0,0,0,http://microsoft.com/blog/2024/05/machine-learning-advances
66,16,17,24,3,2,2,1,3,0,0,1,2,0,1,5,0.0758,0.7273,0.197,0.0,4.61,3.625,0,1,1,0,0,0,1,0,0,0,0,https://blog.nytimes.com/terms-of-service?session_id=11252&lang=en
52,14,30,0,3,2,2,0,4,0,0,0,0,0,0,0,0.0,0.8269,0.1731,0.0,4.1574,2.9852,0,1,1,0,0,0,0,0,0,0,0,https://www.medium.com/projects/open-source-software
83,12,38,24,3,3,0,3,5,0,0,1,2,0,1,6,0.0723,0.7349,0.1928,0.0,4.7314,2.6887,0,1,1,0,0,0,0,0,0,0,0,https://m.amazon.com/library/archive/research_paper_v3.pdf?session_id=56028&lang=en
48,25,6,9,4,1,1,0,3,0,0,1,1,0,0,2,0.0417,0.7917,0.1667,0.0,4.5118,3.9133,0,0,0,0,1,0,3,0,0,0,1,http://bank0fam3rica-signin.work/login?auth=true
22,7,8,0,2,1,0,0,3,0,0,0,0,0,0,0,0.0,0.7727,0.2273,0.0909,3.6635,2.5216,0,0,0,0,0,1,0,0,0,0,1,http://cutt.ly/pOivpGz
60,13,40,0,3,6,1,0,5,0,0,0,0,0,0,3,0.05,0.7333,0.2167,0.0,4.3094,3.0851,0,1,0,0,0,0,0,0,0,0,0,http://api.arxiv.org/downloads/releases/version-4.1.2.tar.gz
66,37,22,0,8,1,2,0,4,0,0,0,0,0,0,0,0.0,0.8788,0.1212,0.0,4.1082,3.7942,0,0,0,0,1,0,3,0,0,0,1,http://google-authentication-center.download/authentication/verify
24,9,8,0,2,1,0,0,3,0,0,0,0,0,0,1,0.0417,0.75,0.2083,0.125,3.7202,2.7255,0,0,0,0,0,1,0,0,0,0,1,http://shorte.st/oC9xpJB
19,11,0,0,3,2,0,0,2,0,0,0,0,0,0,0,0.0,0.7368,0.2632,0.0,3.8269,3.2776,0,1,1,0,0,0,0,0,0,0,0,https://api.edx.org
61,11,17,24,3,2,2,1,3,0,0,1,2,0,1,5,0.082,0.7049,0.2131,0.0,4.6498,3.0958,0,1,1,0,0,0,1,0,0,0,0,https://api.mit.edu/terms-of-service?session_id=49815&lang=en
60,14,38,0,3,3,0,2,5,0,0,0,0,0,0,1,0.0167,0.8,0.1833,0.0,4.2924,3.3788,0,1,1,0,0,0,0,0,0,0,0,https://api.kaggle.com/library/archive/research_paper_v3.pdf
34,18,8,0,3,2,0,0,3,0,0,0,0,0,0,0,0.0,0.8235,0.1765,0.0,3.8781,3.3502,0,1,1,0,0,0,0,0,0,0,0,https://api.duckduckgo.com/contact
86,14,39,24,3,2,2,1,6,0,0,1,2,0,1,11,0.1279,0.686,0.186,0.0,4.7619,3.3249,0,1,1,0,0,0,0,0,0,0,0,https://api.ubuntu.com/blog/2024/05/machine-learning-advances?session_id=69585&lang=en
45,9,28,0,3,1,0,0,5,0,0,0,0,0,0,0,0.0,0.8444,0.1556,0.0,3.95,2.9477,0,0,1,0,0,0,0,0,0,0,0,https://apple.com/products/enterprise/pricing
92,18,10,56,3,2,1,0,3,0,0,1,2,0,1,18,0.1957,0.6848,0.1196,0.0,4.8846,3.4194,0,0,0,0,0,0,2,0,0,0,1,http://account-portal.com/index.php?token=bb125f2a99846db8af4c115b9d1cb0b1&target=wellsfargo
62,25,29,0,3,3,1,0,5,0,0,0,0,0,0,1,0.0161,0.8226,0.1613,0.0,4.1559,3.5737,0,1,1,0,0,1,1,0,0,0,0,https://support.sciencedirect.com/docs/v2/getting-started.html
52,16,29,0,3,3,1,0,5,0,0,0,0,0,0,1,0.0192,0.7885,0.1923,0.0,4.1649,3.4528,0,1,0,0,0,0,0,0,0,0,0,http://blog.twitter.com/docs/v2/getting-started.html
58,13,38,0,3,3,0,2,5,0,0,0,0,0,0,1,0.0172,0.7931,0.1897,0.0,4.2476,3.2389,0,1,0,0,0,0,0,0,0,0,0,http://api.quora.com/library/archive/research_paper_v3.pdf
59,14,38,0,3,3,0,2,5,0,0,0,0,0,0,1,0.0169,0.7966,0.1864,0.0,4.376,3.3249,0,1,0,0,0,0,0,0,0,0,0,http://www.github.com/library/archive/research_paper_v3.pdf
76,32,23,13,5,1,2,0,5,0,0,1,1,0,0,5,0.0658,0.7895,0.1447,0.0,4.4476,3.8042,0,0,0,0,1,0,3,0,0,0,1,http://customer-service-instagram.trade/webscr/security/submit?session=15746
45,22,6,9,3,1,1,0,3,0,0,1,1,0,0,3,0.0667,0.7556,0.1778,0.0,4.5336,3.7322,0,0,0,0,1,0,3,0,0,0,1,http://fac3b00k-ebayisapi.cam/login?auth=true
69,26,21,13,2,1,2,0,5,0,0,1,1,0,0,5,0.0725,0.7681,0.1594,0.0,4.5336,3.9791,0,0,1,0,1,0,2,0,0,0,1,https://customer-service-amazon.gq/webscr/webscr/submit?session=39850
49,21,6,13,3,2,0,0,3,0,0,1,1,0,0,2,0.0408,0.7959,0.1633,0.0816,4.4611,3.4633,0,1,1,0,0,1,0,0,0,0,0,https://api.sciencedirect.com/watch?v=dQw4w9WgXcQ
59,12,40,0,3,6,1,0,5,0,0,0,0,0,0,3,0.0508,0.7288,0.2203,0.0,4.2453,2.8554,0,1,0,0,0,0,0,0,0,0,0,http://www.nasa.gov/downloads/releases/version-4.1.2.tar.gz
20,5,8,0,2,1,0,0,3,0,0,0,0,0,0,1,0.05,0.7,0.25,0.1,3.7464,2.3219,0,0,0,0,0,1,0,0,0,0,1,http://ow.ly/rQwZ0dt
48,25,6,9,3,1,2,0,3,0,0,1,1,0,0,0,0.0,0.8125,0.1875,0.0,4.1455,3.3493,0,0,0,0,0,0,4,0,0,0,1,http://usps-secure-suspended.org/login?auth=true
96,24,10,54,2,2,1,0,3,0,0,1,2,0,1,16,0.1667,0.7188,0.1146,0.0,4.75,3.6054,0,0,0,0,0,0,3,0,0,0,1,http://authentication-portal.cc/index.php?token=eff9efe12462fcaf5bf19c0e62d348e7&target=coinbase
46,30,9,0,4,3,1,0,3,0,0,0,0,0,0,4,0.087,0.7391,0.1739,0.0,4.1447,3.9362,0,2,0,0,1,0,1,0,0,0,1,http://chase.com.validate-077ca3.loan/validate
90,17,10,54,3,2,1,0,3,0,0,1,2,0,1,19,0.2111,0.6667,0.1222,0.0,4.7303,2.8954,0,0,1,0,1,0,1,0,0,0,1,https://portal-portal.top/index.php?token=4105c2cac8e694aba294ea5ca677574f&target=coinbase
19,4,8,0,2,1,0,0,3,0,0,0,0,0,0,1,0.0526,0.6842,0.2632,0.1053,3.3264,2.0,0,0,0,0,0,1,0,0,0,0,1,http://t.co/thh9SkB
49,17,25,0,2,4,0,0,4,0,0,0,0,0,0,13,0.2653,0.5306,0.2041,0.0,4.4156,2.6887,1,0,0,0,0,0,1,0,1,0,1,http://42.235.41.99:8888/instagram/suspended.html
48,33,8,0,5,3,1,0,3,0,0,0,0,0,0,4,0.0833,0.75,0.1667,0.0,4.3737,4.2485,0,2,0,0,1,0,1,0,0,0,1,http://coinbase.com.service-145d3d.party/service
40,20,12,0,2,1,2,0,4,0,0,0,0,0,0,0,0.0,0.8,0.2,0.0,4.0439,3.5464,0,0,1,0,1,0,2,0,0,0,1,https://apple-auth-center.ga/auth/verify
68,26,21,13,3,1,2,0,5,0,0,1,1,0,0,5,0.0735,0.7647,0.1618,0.0,4.5303,3.7193,0,0,0,0,1,0,3,0,0,0,1,http://customer-service-fedex.men/webscr/portal/submit?session=34319
45,17,6,13,3,2,0,0,3,0,0,1,1,0,0,2,0.0444,0.7778,0.1778,0.0889,4.447,3.2639,0,1,1,0,0,0,0,0,0,0,0,https://api.wikipedia.org/watch?v=dQw4w9WgXcQ
88,18,10,51,3,2,1,0,3,0,0,1,2,0,1,20,0.2273,0.6477,0.125,0.0,4.9377,3.5724,0,0,1,0,0,0,2,0,0,0,1,https://confirm-portal.com/index.php?token=c10b989388bc4df2af5f18fc90b04376&target=chase
53,33,13,0,2,3,1,0,3,0,0,0,0,0,0,5,0.0943,0.7547,0.1509,0.0,4.3507,4.1879,0,2,0,0,1,0,1,0,0,0,1,http://google.com.verification-82679e.tk/verification
39,16,6,9,2,1,1,0,3,0,0,1,1,0,0,1,0.0256,0.7692,0.2051,0.0,4.1949,3.625,0,0,0,0,1,0,3,0,0,0,1,http://chas3-support.tk/login?auth=true
24,9,8,0,2,1,0,0,3,0,0,0,0,0,0,0,0.0,0.7917,0.2083,0.0417,3.7364,2.7255,0,0,0,0,0,1,0,0,0,0,1,http://shorte.st/tzGgnvf
47,13,1,24,3,2,0,1,3,0,0,1,2,0,1,5,0.1064,0.6596,0.234,0.0,4.5967,3.3927,0,1,1,0,0,0,0,0,0,0,0,https://m.archive.org/?session_id=27607&lang=en
22,7,8,0,2,1,0,0,3,0,0,0,0,0,0,2,0.0909,0.6818,0.2273,0.0909,3.8797,2.5216,0,0,0,0,0,1,0,0,0,0,1,http://cutt.ly/6v9HiaL
77,16,29,23,3,3,1,1,5,0,0,1,2,0,1,5,0.0649,0.7403,0.1948,0.0,4.5879,3.3278,0,1,1,0,0,0,0,0,0,0,0,https://www.linkedin.com/docs/v2/getting-started.html?session_id=3757&lang=en
48,14,27,0,3,4,0,0,4,0,0,0,0,0,0,11,0.2292,0.5833,0.1875,0.0,4.3711,2.4138,1,0,0,0,0,0,1,0,0,0,1,http://69.159.139.159/facebook/verification.html
83,11,40,23,3,5,1,1,5,0,0,1,2,0,1,7,0.0843,0.7108,0.2048,0.0,4.6702,3.4594,0,0,1,0,0,0,0,0,0,0,0,https://netflix.com/downloads/releases/version-4.1.2.tar.gz?session_id=9526&lang=en
47,25,15,0,4,1,2,0,4,0,0,0,0,0,0,0,0.0,0.8298,0.1702,0.0,4.0866,3.7639,0,0,0,0,1,0,2,0,0,0,1,http://chase-invoice-center.club/invoice/verify
68,26,21,13,3,1,2,0,5,0,0,1,1,0,0,5,0.0735,0.7647,0.1618,0.0,4.5395,3.8731,0,0,0,0,1,0,3,0,0,0,1,http://customer-service-chase.gdn/webscr/verify/submit?session=31603
21,6,8,0,2,1,0,0,3,0,0,0,0,0,0,1,0.0476,0.7143,0.2381,0.1429,3.7849,1.9183,0,0,0,0,0,1,0,0,0,0,1,http://goo.gl/PlnU3yX
49,19,23,0,2,4,0,0,4,0,0,0,0,0,0,15,0.3061,0.4898,0.2041,0.0,4.3828,2.4956,1,0,0,0,0,0,1,0,1,0,1,http://119.110.148.85:8080/coinbase/security.html
45,14,23,0,3,4,0,0,4,0,0,0,0,0,0,11,0.2444,0.5556,0.2,0.0,4.2779,2.9852,1,0,1,0,0,0,1,0,0,0,1,https://187.139.16.206/microsoft/support.html
64,17,39,0,3,2,2,0,6,0,0,0,0,0,0,6,0.0938,0.7344,0.1719,0.0,4.4978,3.3372,0,1,1,0,0,1,0,0,0,0,0,https://api.microsoft.com/blog/2024/05/machine-learning-advances
49,12,29,0,3,3,1,0,5,0,0,0,0,0,0,1,0.0204,0.7755,0.2041,0.0,4.1476,2.7516,0,1,1,0,0,0,0,0,0,0,0,https://m.medium.com/docs/v2/getting-started.html
21,6,8,0,2,1,0,0,3,0,0,0,0,0,0,1,0.0476,0.7143,0.2381,0.0476,3.7849,2.585,0,0,0,0,0,1,0,0,0,0,1,http://bit.ly/jt0eOam
45,13,24,0,2,4,0,0,4,0,0,0,0,0,0,10,0.2222,0.5778,0.2,0.0,4.3581,2.6032,1,0,1,0,0,0,1,0,0,0,1,https://167.121.97.75/chase/verification.html
20,5,8,0,2,1,0,0,3,0,0,0,0,0,0,4,0.2,0.55,0.25,0.05,3.7842,1.9219,0,0,0,0,0,1,0,0,0,0,1,http://bc.vc/Fua0662
49,15,26,0,3,2,1,0,5,0,0,0,0,0,0,0,0.0,0.8163,0.1837,0.0,4.1704,3.3736,0,1,1,0,0,0,2,0,0,0,0,https://support.mit.edu/help/faq/account-settings
86,18,10,49,3,2,1,0,3,0,0,1,2,0,1,21,0.2442,0.6279,0.1279,0.0,4.808,3.4613,0,0,1,0,1,0,2,0,0,0,1,https://billing-portal.top/index.php?token=46376371fe6dbb0534e4dc63e6025dd9&target=dhl
55,38,9,0,10,3,1,0,3,0,0,0,0,0,0,4,0.0727,0.7818,0.1455,0.0,4.3324,4.1158,0,2,1,0,1,0,2,0,0,0,1,https://netflix.com.validate-e48f19.accountant/validate
29,15,6,0,3,2,0,0,3,0,0,0,0,0,0,0,0.0,0.7931,0.2069,0.0,3.8144,3.3736,0,1,1,0,0,0,0,0,0,0,0,https://blog.github.com/about
22,7,8,0,2,1,0,0,3,0,0,0,0,0,0,0,0.0,0.7727,0.2273,0.1364,3.6069,2.5216,0,0,0,0,0,1,0,0,0,0,1,http://cutt.ly/JRyuAlb
44,18,18,0,3,4,0,0,4,0,0,0,0,0,0,14,0.3182,0.4545,0.2273,0.0,4.2716,2.6032,1,0,1,0,0,0,1,0,1,0,1,https://42.155.65.227:8888/dropbox/auth.html
79,15,32,24,3,2,1,1,5,0,0,1,2,0,1,5,0.0633,0.7595,0.1772,0.0,4.6157,3.1899,0,1,0,0,0,0,1,0,0,0,0,http://blog.kaggle.com/news/technology/science-updates?session_id=92361&lang=en
22,7,8,0,2,1,0,0,3,0,0,0,0,0,0,2,0.0909,0.6818,0.2273,0.0909,3.9706,2.5216,0,0,0,0,0,1,0,0,0,0,1,http://buff.ly/sieQ44F
48,25,16,0,5,1,2,0,4,0,0,0,0,0,0,0,0.0,0.8333,0.1667,0.0,4.0561,3.8137,0,0,0,0,1,0,2,0,0,0,1,http://dhl-security-center.space/security/verify
53,15,30,0,3,2,2,0,4,0,0,0,0,0,0,0,0.0,0.8302,0.1698,0.0,4.1142,3.0566,0,1,1,0,0,0,0,0,0,0,0,https://docs.amazon.com/projects/open-source-software
60,13,39,0,3,1,2,0,6,0,0,0,0,0,0,6,0.1,0.7333,0.1667,0.0,4.5155,3.3347,0,0,1,0,0,0,0,0,0,0,0,https://wikipedia.org/blog/2024/05/machine-learning-advances
61,14,15,24,3,2,1,1,3,0,0,1,2,0,1,5,0.082,0.7213,0.1967,0.0,4.6294,3.2359,0,1,0,0,0,0,0,0,0,0,0,http://api.oracle.com/privacy-policy?session_id=63296&lang=en
48,26,15,0,4,1,2,0,4,0,0,0,0,0,0,0,0.0,0.8333,0.1667,0.0,4.1476,3.7193,0,0,0,0,1,0,2,0,0,0,1,http://google-confirm-center.work/confirm/verify
88,15,40,24,3,6,1,1,5,0,0,1,2,0,1,8,0.0909,0.7045,0.2045,0.0,4.6272,3.2402,0,1,1,0,0,0,0,0,0,0,0,https://blog.gitlab.com/downloads/releases/version-4.1.2.tar.gz?session_id=94948&lang=en
41,10,23,0,3,1,0,0,5,0,0,0,0,0,0,3,0.0732,0.7561,0.1707,0.0,4.0555,3.3219,0,0,1,0,0,0,0,0,0,0,0,https://nature.com/courses/cs101/syllabus
50,28,15,0,6,1,2,0,4,0,0,0,0,0,0,0,0.0,0.84,0.16,0.0,4.0909,3.8518,0,0,0,0,1,0,3,0,0,0,1,http://paypal-invoice-center.stream/invoice/verify
42,14,20,0,3,4,0,0,4,0,0,0,0,0,0,11,0.2619,0.5238,0.2143,0.0,4.2908,2.5567,1,0,1,0,0,0,1,0,0,0,1,https://101.136.21.227/fedex/password.html
76,14,29,24,3,2,0,2,4,0,0,1,2,0,1,5,0.0658,0.7632,0.1711,0.0132,4.5778,3.2359,0,1,1,0,0,0,0,0,0,0,0,https://blog.apple.com/wiki/Artificial_intelligence?session_id=58464&lang=en
75,33,21,13,8,1,2,0,5,0,0,1,1,0,0,5,0.0667,0.7867,0.1467,0.0,4.5699,4.0785,0,0,0,0,1,0,3,0,0,0,1,http://customer-service-dropbox.download/webscr/wallet/submit?session=86148
77,19,26,23,3,2,1,1,5,0,0,1,2,0,1,4,0.0519,0.7662,0.1818,0.0,4.5913,3.6819,0,1,1,0,0,0,2,0,0,0,0,https://support.archive.org/help/faq/account-settings?session_id=4890&lang=en
21,6,8,0,2,1,0,0,3,0,0,0,0,0,0,2,0.0952,0.6667,0.2381,0.0952,3.749,2.585,0,0,0,0,0,1,0,0,0,0,1,http://bit.ly/Ypl3q4P
46,12,26,0,3,2,1,0,5,0,0,0,0,0,0,0,0.0,0.8043,0.1957,0.0,4.2304,3.085,0,1,1,0,0,0,1,0,0,0,0,https://docs.edx.org/help/faq/account-settings
52,28,6,9,7,1,1,0,3,0,0,1,1,0,0,2,0.0385,0.8077,0.1538,0.0,4.173,3.717,0,0,1,0,1,0,3,0,0,0,1,https://app13-authentication.science/login?auth=true
50,33,10,0,3,3,1,0,3,0,0,0,0,0,0,3,0.06,0.78,0.16,0.0,4.222,4.0209,0,2,0,0,1,0,1,0,0,0,1,http://coinbase.com.suspended-af70f7.gdn/suspended
43,15,6,13,3,2,0,0,3,0,0,1,1,0,0,2,0.0465,0.7674,0.186,0.093,4.4723,3.5069,0,1,1,0,0,0,1,0,0,0,0,https://support.nih.gov/watch?v=dQw4w9WgXcQ
44,23,14,0,3,1,2,0,4,0,0,0,0,0,0,0,0.0,0.8182,0.1818,0.0,3.9757,3.8279,0,0,0,0,1,0,1,0,0,0,1,http://apple-verify-center.xyz/verify/verify
76,17,26,24,3,2,1,1,5,0,0,1,2,0,1,5,0.0658,0.75,0.1842,0.0,4.6704,3.4548,0,1,1,0,0,0,2,0,0,0,0,https://support.arxiv.org/help/faq/account-settings?session_id=78194&lang=en
45,24,14,0,3,1,2,0,4,0,0,0,0,0,0,0,0.0,0.8222,0.1778,0.0,4.2035,3.8554,0,0,0,0,1,0,2,0,0,0,1,http://amazon-update-center.xyz/update/verify
76,31,24,13,7,1,2,0,5,0,0,1,1,0,0,5,0.0658,0.7895,0.1447,0.0,4.4124,3.8976,0,0,0,0,1,0,4,0,0,0,1,http://customer-service-paypal.cricket/webscr/ebayisapi/submit?session=55151
84,17,10,49,3,2,1,0,3,0,0,1,2,0,1,18,0.2143,0.6548,0.131,0.0,4.7671,3.6169,0,0,0,0,0,0,2,0,0,0,1,http://secure-portal.com/index.php?token=bb5ccd6bd26202d612166b2bbe8e9f95&target=dhl
68,18,7,34,3,2,0,0,3,0,0,1,2,0,1,1,0.0147,0.8088,0.1765,0.0,4.4162,3.5033,0,1,1,0,0,1,0,0,0,0,0,https://docs.pinterest.com/search?q=machine+learning+tutorial&page=2
51,14,29,0,3,3,1,0,5,0,0,0,0,0,0,1,0.0196,0.7843,0.1961,0.0,4.1452,2.9502,0,1,1,0,0,0,0,0,0,0,0,https://docs.yahoo.com/docs/v2/getting-started.html
53,16,29,0,3,3,1,0,5,0,0,0,0,0,0,1,0.0189,0.7925,0.1887,0.0,4.162,3.375,0,1,1,0,0,0,1,0,0,0,0,https://support.nasa.gov/docs/v2/getting-started.html
39,26,6,0,2,3,1,0,3,0,0,0,0,0,0,3,0.0769,0.7179,0.2051,0.0,4.2336,3.9501,0,2,0,0,1,0,2,0,0,0,1,http://paypal.com.login-c6be90.ml/login
46,12,14,11,3,2,0,0,5,0,0,1,1,0,0,1,0.0217,0.7609,0.2174,0.0,4.336,3.4183,0,1,1,0,0,0,0,0,0,0,0,https://blog.mit.edu/api/v1/status?format=json
50,9,8,24,2,1,0,1,3,0,0,1,2,0,1,5,0.1,0.7,0.2,0.0,4.4055,2.6416,0,0,1,0,0,0,0,0,0,0,0,https://twitch.tv/contact?session_id=71513&lang=en
19,4,8,0,2,1,0,0,3,0,0,0,0,0,0,1,0.0526,0.6842,0.2632,0.1053,3.5766,2.0,0,0,0,0,0,1,0,0,0,0,1,http://t.co/8taRevP
32,19,6,0,3,2,0,0,3,0,0,0,0,0,0,0,0.0,0.8125,0.1875,0.0,3.9528,3.2608,0,1,0,0,0,1,0,0,0,0,0,http://m.sciencedirect.com/about
91,18,10,55,3,2,1,0,3,0,0,1,2,0,1,21,0.2308,0.6484,0.1209,0.0,4.8822,3.6835,0,0,0,0,0,0,2,0,0,0,1,http://billing-portal.com/index.php?token=d77d7e248572e6af6a929f9bf539715b&target=instagram
77,21,23,24,3,2,0,1,5,0,0,1,2,0,1,8,0.1039,0.7273,0.1688,0.0,4.6245,3.3447,0,1,1,0,0,1,1,0,0,0,0,https://support.microsoft.com/courses/cs101/syllabus?session_id=35754&lang=en
90,18,10,53,3,2,1,0,3,0,0,1,2,0,1,19,0.2111,0.6667,0.1222,0.0,4.7686,3.3083,0,0,1,0,1,0,2,0,0,0,1,https://account-portal.top/index.php?token=ef0f58e1a3e76189f2ceacd03f712313&target=binance
61,14,39,0,3,2,2,0,6,0,0,0,0,0,0,6,0.0984,0.7213,0.1803,0.0,4.4858,3.182,0,1,1,0,0,0,0,0,0,0,0,https://m.coursera.org/blog/2024/05/machine-learning-advances
37,26,4,0,4,3,1,0,3,0,0,0,0,0,0,3,0.0811,0.7027,0.2162,0.0,4.263,3.998,0,2,0,0,1,0,1,0,0,0,1,http://amazon.com.pay-341dcf.club/pay
45,19,18,0,3,4,0,0,4,0,0,0,0,0,0,15,0.3333,0.4444,0.2222,0.0,4.1191,2.6456,1,0,1,0,0,0,2,0,1,0,1,https://208.84.174.114:3000/paypal/alert.html
20,5,8,0,2,1,0,0,3,0,0,0,0,0,0,0,0.0,0.75,0.25,0.25,3.7842,2.3219,0,0,0,0,0,1,0,0,0,0,1,http://ow.ly/UNoZUuP
55,9,38,0,3,2,0,2,5,0,0,0,0,0,0,1,0.0182,0.8,0.1818,0.0,4.1907,2.9477,0,0,1,0,0,0,0,0,0,0,0,https://arxiv.org/library/archive/research_paper_v3.pdf
87,16,38,24,3,3,0,3,5,0,0,1,2,0,1,6,0.069,0.7471,0.1839,0.0,4.7086,3.1556,0,1,1,0,0,0,0,0,0,0,0,https://blog.mozilla.org/library/archive/research_paper_v3.pdf?session_id=25100&lang=en
34,18,8,0,3,2,0,0,3,0,0,0,0,0,0,0,0.0,0.8235,0.1765,0.0,3.8085,3.3921,0,1,1,0,0,0,1,0,0,0,0,https://support.google.com/contact
59,9,7,34,3,1,0,0,3,0,0,1,2,0,1,1,0.0169,0.7966,0.1864,0.0,4.3809,3.1699,0,0,1,0,0,0,0,0,0,0,0,https://intel.com/search?q=machine+learning+tutorial&page=2
48,33,7,0,8,3,1,0,3,0,0,0,0,0,0,4,0.0833,0.75,0.1667,0.0,4.6054,4.1879,0,2,1,0,1,0,1,0,0,0,1,https://amazon.com.verify-8837bd.download/verify
43,18,18,0,2,4,0,0,4,0,0,0,0,0,0,14,0.3256,0.4419,0.2326,0.0,4.1116,2.9689,1,0,0,0,0,0,1,0,1,0,1,http://103.208.46.70:8000/google/login.html
54,14,32,0,3,2,1,0,5,0,0,0,0,0,0,0,0.0,0.8333,0.1667,0.0,4.357,3.2359,0,1,1,0,0,0,1,0,0,0,0,https://blog.arxiv.org/news/technology/science-updates
63,15,40,0,3,6,1,0,5,0,0,0,0,0,0,3,0.0476,0.746,0.2063,0.0,4.3185,3.5069,0,1,1,0,0,0,1,0,0,0,0,https://support.nih.gov/downloads/releases/version-4.1.2.tar.gz
43,15,6,13,3,2,0,0,3,0,0,1,1,0,0,2,0.0465,0.7674,0.186,0.093,4.499,3.3736,0,1,1,0,0,0,1,0,0,0,0,https://support.mit.edu/watch?v=dQw4w9WgXcQ
69,26,22,13,3,1,2,0,5,0,0,1,1,0,0,5,0.0725,0.7681,0.1594,0.0,4.5447,3.8693,0,0,0,0,1,0,3,0,0,0,1,http://customer-service-fedex.gdn/webscr/account/submit?session=82776
53,9,13,22,2,1,0,0,4,0,0,1,2,0,1,6,0.1132,0.6981,0.1887,0.0,4.5655,2.6416,0,0,1,0,0,0,0,0,0,0,0,https://twitch.tv/profile/user?id=104928&tab=activity
35,14,14,0,3,4,0,0,4,0,0,0,0,0,0,11,0.3143,0.4286,0.2571,0.0,4.036,2.8424,1,0,0,0,0,0,1,0,0,0,1,http://114.107.57.234/usps/pay.html
45,29,9,0,3,3,1,0,3,0,0,0,0,0,0,6,0.1333,0.6889,0.1778,0.0,4.189,4.0902,0,2,0,0,1,0,1,0,0,0,1,http://chase.com.password-071967.top/password
38,10,6,13,3,1,0,0,3,0,0,1,1,0,0,2,0.0526,0.7632,0.1842,0.1053,4.4316,3.3219,0,0,1,0,0,0,0,0,0,0,0,https://github.com/watch?v=dQw4w9WgXcQ
51,28,15,0,3,1,2,0,4,0,0,0,0,0,0,0,0.0,0.8431,0.1569,0.0,4.1271,3.8788,0,0,1,0,1,0,2,0,0,0,1,https://instagram-recover-center.xyz/recover/verify
19,4,8,0,2,1,0,0,3,0,0,0,0,0,0,2,0.1053,0.6316,0.2632,0.2632,3.6421,2.0,0,0,0,0,0,1,0,0,0,0,1,http://t.co/DL39UXD
40,13,20,0,3,4,0,0,4,0,0,0,0,0,0,10,0.25,0.525,0.225,0.0,4.2653,2.4493,1,0,0,0,0,0,1,0,0,0,1,http://121.62.23.176/dropbox/signin.html
61,15,38,0,3,3,0,2,5,0,0,0,0,0,0,1,0.0164,0.8033,0.1803,0.0,4.2561,3.3232,0,1,1,0,0,0,0,0,0,0,0,https://api.dropbox.com/library/archive/research_paper_v3.pdf
52,18,26,0,3,2,1,0,5,0,0,0,0,0,0,0,0.0,0.8269,0.1731,0.0,4.2179,3.3502,0,1,1,0,0,0,1,0,0,0,0,https://www.salesforce.com/help/faq/account-settings
18,10,0,0,3,1,0,0,2,0,0,0,0,0,0,0,0.0,0.7778,0.2222,0.0,3.5724,2.6464,0,0,1,0,0,0,0,0,0,0,0,https://google.com
46,30,8,0,3,3,1,0,3,0,0,0,0,0,0,4,0.087,0.7391,0.1739,0.0,4.45,4.2566,0,2,1,0,1,0,1,0,0,0,1,https://netflix.com.recover-951da1.xyz/recover
79,18,29,23,3,3,1,1,5,0,0,1,2,0,1,5,0.0633,0.7468,0.1899,0.0,4.572,3.3502,0,1,1,0,0,0,0,0,0,0,0,https://www.salesforce.com/docs/v2/getting-started.html?session_id=6776&lang=en
46,18,6,13,3,2,0,0,3,0,0,1,1,0,0,2,0.0435,0.7826,0.1739,0.087,4.5884,3.5724,0,1,1,0,0,0,0,0,0,0,0,https://blog.wikipedia.org/watch?v=dQw4w9WgXcQ
48,25,15,0,6,1,2,0,4,0,0,0,0,0,0,0,0.0,0.8333,0.1667,0.0,3.9979,3.5893,0,0,1,0,1,0,2,0,0,0,1,https://dhl-invoice-center.review/invoice/verify
42,14,6,13,3,2,0,0,3,0,0,1,1,0,0,2,0.0476,0.7619,0.1905,0.0952,4.4992,3.3788,0,1,1,0,0,0,0,0,0,0,0,https://docs.intel.com/watch?v=dQw4w9WgXcQ
43,28,8,0,3,3,1,0,3,0,0,0,0,0,0,6,0.1395,0.6744,0.186,0.0,4.2602,3.9677,0,2,0,0,1,0,1,0,0,0,1,http://chase.com.confirm-168115.icu/confirm
42,14,6,13,3,2,0,0,3,0,0,1,1,0,0,2,0.0476,0.7619,0.1905,0.0952,4.5585,3.2359,0,1,1,0,0,0,0,0,0,0,0,https://blog.arxiv.org/watch?v=dQw4w9WgXcQ
58,35,6,9,6,1,1,0,3,0,0,1,1,0,0,2,0.0345,0.8276,0.1379,0.0,4.3162,3.9573,0,0,0,0,1,0,3,0,0,0,1,http://bank0fam3rica-authentication.stream/login?auth=true
23,14,1,0,3,2,0,0,3,0,0,0,0,0,0,0,0.0,0.7391,0.2609,0.0,3.7623,3.182,0,1,1,0,0,0,0,0,0,0,0,https://docs.quora.com/
61,15,38,0,3,3,0,2,5,0,0,0,0,0,0,1,0.0164,0.8033,0.1803,0.0,4.2627,3.3736,0,1,1,0,0,0,1,0,0,0,0,https://support.edx.org/library/archive/research_paper_v3.pdf
44,13,23,0,3,2,0,0,5,0,0,0,0,0,0,3,0.0682,0.75,0.1818,0.0,4.1381,3.2389,0,1,1,0,0,0,0,0,0,0,0,https://api.quora.com/courses/cs101/syllabus
35,7,6,13,3,1,0,0,3,0,0,1,1,0,0,2,0.0571,0.7429,0.2,0.1143,4.3217,2.2359,0,0,1,0,0,0,0,0,0,0,0,https://cnn.com/watch?v=dQw4w9WgXcQ
23,15,0,0,3,2,0,0,2,0,0,0,0,0,0,0,0.0,0.7826,0.2174,0.0,3.7081,3.1899,0,1,1,0,0,0,0,0,0,0,0,https://api.harvard.edu
20,5,8,0,2,1,0,0,3,0,0,0,0,0,0,1,0.05,0.7,0.25,0.2,3.7842,2.3219,0,0,0,0,0,1,0,0,0,0,1,http://is.gd/gwFB7FC
42,14,21,0,3,4,0,0,4,0,0,0,0,0,0,11,0.2619,0.5238,0.2143,0.0,4.3384,3.1281,1,0,0,0,0,0,1,0,0,0,1,http://192.105.68.134/fedex/suspended.html
27,13,6,0,3,2,0,0,3,0,0,0,0,0,0,0,0.0,0.7778,0.2222,0.0,3.9582,3.1808,0,1,1,0,0,0,0,0,0,0,0,https://www.intel.com/about
60,37,15,0,3,3,1,0,3,0,0,0,0,0,0,4,0.0667,0.8,0.1333,0.0,4.257,4.2089,0,2,1,0,1,0,2,0,0,0,1,https://dropbox.com.authentication-8f8e61.icu/authentication
43,19,6,9,4,1,1,0,3,0,0,1,1,0,0,2,0.0465,0.7674,0.186,0.0,4.3152,3.6819,0,0,1,0,1,0,3,0,0,0,1,https://n3tf1ix-wallet.loan/login?auth=true
69,19,7,34,3,2,0,0,3,0,0,1,2,0,1,1,0.0145,0.8116,0.1739,0.0,4.4006,3.7871,0,1,1,0,0,0,0,0,0,0,0,https://api.theguardian.com/search?q=machine+learning+tutorial&page=2
48,17,23,0,2,2,0,0,5,0,0,0,0,0,0,3,0.0625,0.7708,0.1667,0.0,4.0634,3.3816,0,1,1,0,0,0,1,0,0,0,0,https://support.twitch.tv/courses/cs101/syllabus
53,38,8,0,10,3,1,0,3,0,0,0,0,0,0,4,0.0755,0.7736,0.1509,0.0,4.1979,3.9579,0,2,0,0,1,0,2,0,0,0,1,http://metamask.com.confirm-958ef8.accountant/confirm
37,13,17,0,3,4,0,0,4,0,0,0,0,0,0,10,0.2703,0.4865,0.2432,0.0,4.0335,2.6612,1,0,0,0,0,0,2,0,0,0,1,http://200.52.54.170/dhl/payment.html
64,16,40,0,3,6,1,0,5,0,0,0,0,0,0,3,0.0469,0.75,0.2031,0.0,4.3783,3.125,0,1,1,0,0,0,0,0,0,0,0,https://docs.dropbox.com/downloads/releases/version-4.1.2.tar.gz
51,34,10,0,4,3,1,0,3,0,0,0,0,0,0,3,0.0588,0.7843,0.1569,0.0,4.2675,4.0797,0,2,0,0,1,0,1,0,0,0,1,http://coinbase.com.suspended-f4b8e1.buzz/suspended
45,11,14,11,2,3,0,0,5,0,0,1,1,0,0,1,0.0222,0.7333,0.2444,0.0,4.2589,2.6635,0,2,1,0,0,0,0,0,0,0,0,https://m.bbc.co.uk/api/v1/status?format=json
53,20,25,0,3,4,0,0,4,0,0,0,0,0,0,16,0.3019,0.5094,0.1887,0.0,4.5462,2.8729,1,0,1,0,0,0,1,0,1,0,1,https://108.187.206.251:8000/bankofamerica/login.html
56,22,26,0,3,2,1,0,5,0,0,0,0,0,0,0,0.0,0.8393,0.1607,0.0,4.2586,3.4474,0,1,1,0,0,0,2,0,0,0,0,https://support.duckduckgo.com/help/faq/account-settings
50,32,10,0,3,3,1,0,3,0,0,0,0,0,0,6,0.12,0.72,0.16,0.0,4.3211,4.2028,0,2,1,0,1,0,1,0,0,0,1,https://dropbox.com.suspended-976143.gdn/suspended
48,18,22,0,3,4,0,0,4,0,0,0,0,0,0,14,0.2917,0.5,0.2083,0.0,4.0719,2.4493,1,0,1,0,0,0,2,0,1,0,1,https://182.21.20.187:8080/metamask/payment.html
38,7,23,0,3,1,0,0,5,0,0,0,0,0,0,3,0.0789,0.7368,0.1842,0.0,4.0079,2.2359,0,0,1,0,0,0,0,0,0,0,0,https://cnn.com/courses/cs101/syllabus
55,31,6,9,6,1,2,0,3,0,0,1,1,0,0,0,0.0,0.8364,0.1636,0.0,4.1806,3.6404,0,0,1,0,1,0,4,0,0,0,1,https://instagram-secure-recover.stream/login?auth=true
56,9,39,0,3,1,2,0,6,0,0,0,0,0,0,6,0.1071,0.7143,0.1786,0.0,4.4255,2.9477,0,0,1,0,0,0,0,0,0,0,0,https://apple.com/blog/2024/05/machine-learning-advances
81,22,26,24,3,2,1,1,5,0,0,1,2,0,1,5,0.0617,0.7654,0.1728,0.0,4.6736,3.6978,0,1,1,0,0,0,1,0,0,0,0,https://docs.stackoverflow.com/help/faq/account-settings?session_id=94639&lang=en
40,14,19,0,3,4,0,0,4,0,0,0,0,0,0,11,0.275,0.5,0.225,0.0,4.3031,2.9852,1,0,0,0,0,0,1,0,0,0,1,http://104.129.37.195/dropbox/alert.html
41,17,6,9,3,1,1,0,3,0,0,1,1,0,0,4,0.0976,0.7073,0.1951,0.0,4.4338,3.6169,0,0,1,0,1,0,3,0,0,0,1,https://g00g13-verify.fit/login?auth=true
82,9,40,24,3,5,1,1,5,0,0,1,2,0,1,8,0.0976,0.6951,0.2073,0.0,4.6076,3.1699,0,0,1,0,0,0,0,0,0,0,0,https://intel.com/downloads/releases/version-4.1.2.tar.gz?session_id=97821&lang=en
22,14,0,0,3,2,0,0,2,0,0,0,0,0,0,0,0.0,0.7727,0.2273,0.0,3.8797,3.5216,0,1,1,0,0,0,0,0,0,0,0,https://m.stanford.edu
66,19,39,0,3,2,2,0,6,0,0,0,0,0,0,6,0.0909,0.7424,0.1667,0.0,4.5361,3.4058,0,1,1,0,0,0,1,0,0,0,0,https://support.twitter.com/blog/2024/05/machine-learning-advances
55,31,6,9,8,1,1,0,3,0,0,1,1,0,0,2,0.0364,0.8182,0.1455,0.0,4.4697,4.0266,0,0,1,0,1,0,3,0,0,0,1,https://micr0s0ft-verification.download/login?auth=true
22,14,0,0,3,2,0,0,2,0,0,0,0,0,0,0,0.0,0.7727,0.2273,0.0,3.9706,3.3249,0,1,1,0,0,0,0,0,0,0,0,https://blog.quora.com
41,27,7,0,4,3,1,0,3,0,0,0,0,0,0,4,0.0976,0.7073,0.1951,0.0,4.1715,4.0603,0,2,0,0,1,0,1,0,0,0,1,http://usps.com.wallet-207bd7.date/wallet
67,11,23,24,3,2,0,1,5,0,0,1,2,0,1,8,0.1194,0.6866,0.194,0.0,4.6458,2.914,0,1,1,0,0,0,0,0,0,0,0,https://m.adobe.com/courses/cs101/syllabus?session_id=76936&lang=en
93,18,10,56,3,2,1,0,3,0,0,1,2,0,1,21,0.2258,0.6559,0.1183,0.0,4.9395,3.7255,0,0,1,0,0,0,2,0,0,0,1,https://service-portal.com/index.php?token=263f509b631e614a8efe2e559f439bd1&target=wellsfargo
50,29,14,0,7,1,2,0,4,0,0,0,0,0,0,0,0.0,0.84,0.16,0.0,4.1191,3.6301,0,0,0,0,1,0,2,0,0,0,1,http://netflix-unlock-center.science/unlock/verify
72,30,20,13,5,1,2,0,5,0,0,1,1,0,0,5,0.0694,0.7778,0.1528,0.0,4.5411,3.9362,0,0,1,0,1,0,3,0,0,0,1,https://customer-service-netflix.space/webscr/login/submit?session=67123
47,32,7,0,4,3,1,0,3,0,0,0,0,0,0,4,0.0851,0.7447,0.1702,0.0,4.2569,4.0931,0,2,1,0,1,0,1,0,0,0,1,https://instagram.com.signin-a606d1.club/signin
21,6,8,0,2,1,0,0,3,0,0,0,0,0,0,0,0.0,0.7619,0.2381,0.0476,3.8442,2.585,0,0,0,0,0,1,0,0,0,0,1,http://bit.ly/xsdMlqa
27,19,0,0,3,2,0,0,2,0,0,0,0,0,0,0,0.0,0.8148,0.1852,0.0,3.708,3.4714,0,1,1,0,0,0,1,0,0,0,0,https://support.harvard.edu
44,14,23,0,2,4,0,0,4,0,0,0,0,0,0,11,0.25,0.5455,0.2045,0.0,4.3514,2.6106,1,0,0,0,0,0,1,0,0,0,1,http://118.179.228.15/facebook/validate.html
42,19,6,9,6,1,1,0,3,0,0,1,1,0,0,3,0.0714,0.7381,0.1905,0.0,4.5648,3.6819,0,0,0,0,1,0,3,0,0,0,1,http://fac3b00k-pay.webcam/login?auth=true
34,20,6,0,3,2,0,0,3,0,0,0,0,0,0,0,0.0,0.8235,0.1765,0.0,3.7045,3.2842,0,1,1,0,0,1,1,0,0,0,0,https://support.coursera.org/about
34,11,15,0,3,2,1,0,3,0,0,0,0,0,0,0,0.0,0.7941,0.2059,0.0,4.1607,3.2776,0,1,1,0,0,0,0,0,0,0,0,https://api.edx.org/privacy-policy
54,18,28,0,3,2,0,0,5,0,0,0,0,0,0,0,0.0,0.8519,0.1481,0.0,4.077,3.3502,0,1,1,0,0,0,0,0,0,0,0,https://api.duckduckgo.com/products/enterprise/pricing
26,11,8,0,3,1,0,0,3,0,0,0,0,0,0,2,0.0769,0.7308,0.1923,0.0769,4.1808,3.4594,0,0,0,0,0,1,0,0,0,0,1,http://tinyurl.com/8ATn7jp
19,11,0,0,3,2,0,0,2,0,0,0,0,0,0,0,0.0,0.7368,0.2632,0.0,3.8269,3.2776,0,1,1,0,0,0,0,0,0,0,0,https://api.edx.org
54,15,6,24,3,2,0,1,3,0,0,1,2,0,1,5,0.0926,0.7037,0.2037,0.0,4.5951,3.1899,0,1,1,0,0,1,0,0,0,0,0,https://docs.reddit.com/about?session_id=12708&lang=en
66,18,40,0,3,6,1,0,5,0,0,0,0,0,0,3,0.0455,0.7576,0.197,0.0,4.3834,3.4613,0,1,1,0,0,0,1,0,0,0,0,https://support.docker.com/downloads/releases/version-4.1.2.tar.gz
64,14,7,34,3,2,0,0,3,0,0,1,2,0,1,1,0.0156,0.7969,0.1875,0.0,4.4506,3.2359,0,1,1,0,0,0,0,0,0,0,0,https://docs.apple.com/search?q=machine+learning+tutorial&page=2
85,14,38,24,3,3,0,3,5,0,0,1,2,0,1,6,0.0706,0.7412,0.1882,0.0,4.6883,3.182,0,1,1,0,0,0,0,0,0,0,0,https://api.medium.com/library/archive/research_paper_v3.pdf?session_id=37428&lang=en
50,16,14,11,3,2,0,0,5,0,0,1,1,0,0,1,0.02,0.78,0.2,0.0,4.144,3.2028,0,1,1,0,0,0,1,0,0,0,0,https://support.ieee.org/api/v1/status?format=json
44,29,8,0,3,3,1,0,3,0,0,0,0,0,0,3,0.0682,0.75,0.1818,0.0,4.2179,4.0213,0,2,0,0,1,0,2,0,0,0,1,http://paypal.com.recover-bc38d0.men/recover
72,29,22,13,4,1,2,0,5,0,0,1,1,0,0,5,0.0694,0.7778,0.1528,0.0,4.5289,3.8404,0,0,0,0,1,0,3,0,0,0,1,http://customer-service-binance.loan/webscr/banking/submit?session=27853
51,14,29,0,3,3,1,0,5,0,0,0,0,0,0,1,0.0196,0.7843,0.1961,0.0,4.1699,3.182,0,1,1,0,0,1,0,0,0,0,0,https://www.reddit.com/docs/v2/getting-started.html
55,17,30,0,3,2,2,0,4,0,0,0,0,0,0,0,0.0,0.8364,0.1636,0.0,4.0613,3.6169,0,1,1,0,0,0,1,0,0,0,0,https://support.intel.com/projects/open-source-software
60,17,13,22,3,2,0,0,4,0,0,1,2,0,1,6,0.1,0.7167,0.1833,0.0,4.6062,3.3816,0,1,0,0,0,0,1,0,0,0,0,http://support.apple.com/profile/user?id=104928&tab=activity
42,15,19,0,3,4,0,0,4,0,0,0,0,0,0,12,0.2857,0.5,0.2143,0.0,4.3204,2.8226,1,0,1,0,0,0,2,0,0,0,1,https://205.146.119.220/paypal/webscr.html
49,18,23,0,3,2,0,0,5,0,0,0,0,0,0,3,0.0612,0.7755,0.1633,0.0,4.0917,3.5033,0,1,1,0,0,0,0,0,0,0,0,https://api.salesforce.com/courses/cs101/syllabus
53,14,32,0,3,2,1,0,5,0,0,0,0,0,0,0,0.0,0.8302,0.1698,0.0,4.1855,3.2359,0,1,0,0,0,0,1,0,0,0,0,http://api.oracle.com/news/technology/science-updates
38,15,16,0,3,4,0,0,4,0,0,0,0,0,0,12,0.3158,0.4474,0.2368,0.0,3.9848,2.5232,1,0,0,0,0,0,1,0,0,0,1,http://214.192.105.221/usps/alert.html
42,19,6,9,5,1,1,0,3,0,0,1,1,0,0,2,0.0476,0.7619,0.1905,0.0,4.1776,3.5369,0,0,0,0,1,0,3,0,0,0,1,http://app13-account.party/login?auth=true
48,14,14,11,3,2,0,0,5,0,0,1,1,0,0,1,0.0208,0.7708,0.2083,0.0,4.3279,3.3788,0,1,1,0,0,0,0,0,0,0,0,https://api.kaggle.com/api/v1/status?format=json
27,13,6,0,3,2,0,0,3,0,0,0,0,0,0,0,0.0,0.7778,0.2222,0.0,3.708,2.8151,0,1,1,0,0,0,0,0,0,0,0,https://www.yahoo.com/about
48,25,15,0,3,1,2,0,4,0,0,0,0,0,0,0,0.0,0.8333,0.1667,0.0,4.173,3.7035,0,0,1,0,1,0,2,0,0,0,1,https://amazon-confirm-center.icu/confirm/verify
49,31,10,0,2,3,1,0,3,0,0,0,0,0,0,4,0.0816,0.7551,0.1633,0.0,4.2241,4.1313,0,2,1,0,1,0,1,0,0,0,1,https://dropbox.com.suspended-12d6c8.tk/suspended
49,28,14,0,3,1,2,0,4,0,0,0,0,0,0,0,0.0,0.8367,0.1633,0.0,4.1967,3.9408,0,0,0,0,1,0,2,0,0,0,1,http://wellsfargo-portal-center.icu/portal/verify
31,15,8,0,3,2,0,0,3,0,0,0,0,0,0,0,0.0,0.8065,0.1935,0.0,3.797,3.3232,0,1,1,0,0,0,0,0,0,0,0,https://www.nytimes.com/contact
51,20,24,0,3,4,0,0,4,0,0,0,0,0,0,16,0.3137,0.4902,0.1961,0.0,4.3023,2.4226,1,0,0,0,0,0,1,0,1,0,1,http://103.181.118.172:8080/microsoft/validate.html
50,20,23,0,3,4,0,0,4,0,0,0,0,0,0,16,0.32,0.48,0.2,0.0,4.3742,2.9559,1,0,0,0,0,0,1,0,1,0,1,http://170.148.150.203:8080/metamask/security.html
50,28,15,0,6,1,2,0,4,0,0,0,0,0,0,0,0.0,0.84,0.16,0.0,3.8855,3.4547,0,0,0,0,1,0,2,0,0,0,1,http://google-recover-center.racing/recover/verify
90,16,10,55,3,2,1,0,3,0,0,1,2,0,1,20,0.2222,0.6556,0.1222,0.0,4.8069,3.375,0,0,1,0,0,0,2,0,0,0,1,https://alert-portal.com/index.php?token=834e262e9127f9d017e21a9e63dd6fdc&target=instagram
57,19,30,0,3,2,2,0,4,0,0,0,0,0,0,0,0.0,0.8421,0.1579,0.0,3.9609,3.4058,0,1,1,0,0,0,1,0,0,0,0,https://support.twitter.com/projects/open-source-software
69,27,21,13,3,1,2,0,5,0,0,1,1,0,0,5,0.0725,0.7681,0.1594,0.0,4.5526,3.9862,0,0,0,0,1,0,4,0,0,0,1,http://customer-service-paypal.fit/webscr/signin/submit?session=45909
49,15,1,24,3,2,0,1,3,0,0,1,2,0,1,5,0.102,0.6735,0.2245,0.0,4.5252,3.3736,0,1,1,0,0,0,0,0,0,0,0,https://docs.kaggle.com/?session_id=53818&lang=en
91,18,40,24,3,6,1,1,5,0,0,1,2,0,1,8,0.0879,0.7143,0.1978,0.0,4.647,3.3502,0,1,1,0,0,0,0,0,0,0,0,https://www.salesforce.com/downloads/releases/version-4.1.2.tar.gz?session_id=76483&lang=en
39,16,6,9,4,1,1,0,3,0,0,1,1,0,0,1,0.0256,0.7692,0.2051,0.0,4.2655,3.5,0,0,0,0,1,0,3,0,0,0,1,http://dh1-billing.buzz/login?auth=true
24,9,8,0,2,1,0,0,3,0,0,0,0,0,0,1,0.0417,0.75,0.2083,0.0833,3.6887,2.7255,0,0,0,0,0,1,0,0,0,0,1,http://shorte.st/Zp1zhJm
41,18,15,0,3,2,1,0,3,0,0,0,0,0,0,0,0.0,0.8293,0.1707,0.0,4.1899,3.5724,0,1,1,0,0,0,0,0,0,0,0,https://docs.wikipedia.org/privacy-policy
23,15,0,0,3,2,0,0,2,0,0,0,0,0,0,0,0.0,0.7826,0.2174,0.0,3.882,3.1899,0,1,1,0,0,0,0,0,0,0,0,https://www.mozilla.org
37,14,15,0,3,2,1,0,3,0,0,0,0,0,0,0,0.0,0.8108,0.1892,0.0,4.2293,3.3249,0,1,1,0,0,0,0,0,0,0,0,https://blog.quora.com/privacy-policy
88,16,10,54,3,2,1,0,3,0,0,1,2,0,1,23,0.2614,0.6136,0.125,0.0,4.8224,3.3278,0,0,0,0,1,0,2,0,0,0,1,http://login-portal.top/index.php?token=536426cb259e3c391fea01571bc22417&target=facebook
68,18,17,24,3,2,2,1,3,0,0,1,2,0,1,5,0.0735,0.7353,0.1912,0.0,4.5062,3.5033,0,1,1,0,0,1,1,0,0,0,0,https://docs.pinterest.com/terms-of-service?session_id=90694&lang=en
50,36,7,0,10,3,1,0,3,0,0,0,0,0,0,5,0.1,0.74,0.16,0.0,4.1015,3.8638,0,2,0,0,1,0,2,0,0,0,1,http://binance.com.signin-a71898.accountant/signin
74,30,23,13,5,1,2,0,5,0,0,1,1,0,0,5,0.0676,0.7838,0.1486,0.0,4.5425,4.0981,0,0,0,0,1,0,3,0,0,0,1,http://customer-service-dropbox.faith/webscr/security/submit?session=86142
55,15,8,24,3,2,0,1,3,0,0,1,2,0,1,5,0.0909,0.7091,0.2,0.0,4.4972,3.3736,0,1,0,0,0,0,0,0,0,0,0,http://api.spotify.com/contact?session_id=87816&lang=en
90,18,39,24,3,2,2,1,6,0,0,1,2,0,1,11,0.1222,0.7,0.1778,0.0,4.722,3.128,0,1,1,0,0,1,0,0,0,0,0,https://docs.microsoft.com/blog/2024/05/machine-learning-advances?session_id=27958&lang=en
42,17,17,0,2,2,2,0,3,0,0,0,0,0,0,0,0.0,0.8095,0.1905,0.0,3.9478,3.3816,0,1,1,0,0,0,2,0,0,0,0,https://support.twitch.tv/terms-of-service
74,12,29,24,3,2,0,2,4,0,0,1,2,0,1,5,0.0676,0.7568,0.1757,0.0135,4.5336,2.8554,0,1,1,0,0,0,0,0,0,0,0,https://www.nasa.gov/wiki/Artificial_intelligence?session_id=96030&lang=en
49,34,8,0,4,3,1,0,3,0,0,0,0,0,0,5,0.102,0.7347,0.1633,0.0,4.6069,4.396,0,2,0,0,1,0,1,0,0,0,1,http://wellsfargo.com.service-4991d2.buzz/service
62,23,18,13,2,1,2,0,5,0,0,1,1,0,0,5,0.0806,0.7419,0.1774,0.0,4.6196,3.882,0,0,0,0,1,0,3,0,0,0,1,http://customer-service-dhl.tk/webscr/pay/submit?session=87021
43,20,6,9,4,1,1,0,3,0,0,1,1,0,0,1,0.0233,0.7907,0.186,0.0,4.441,3.8842,0,0,0,0,1,0,3,0,0,0,1,http://m3tamask-webscr.loan/login?auth=true
19,11,0,0,3,2,0,0,2,0,0,0,0,0,0,0,0.0,0.7368,0.2632,0.0,3.6819,3.0958,0,1,1,0,0,0,0,0,0,0,0,https://m.intel.com
33,17,8,0,3,2,0,0,3,0,0,0,0,0,0,0,0.0,0.8182,0.1818,0.0,3.7636,3.1751,0,1,1,0,0,0,0,0,0,0,0,https://docs.coursera.org/contact
48,12,28,0,3,2,0,0,5,0,0,0,0,0,0,0,0.0,0.8333,0.1667,0.0,3.9469,3.2516,0,1,1,0,0,0,0,0,0,0,0,https://docs.nih.gov/products/enterprise/pricing
70,30,19,13,5,1,2,0,5,0,0,1,1,0,0,5,0.0714,0.7714,0.1571,0.0,4.423,3.8029,0,0,0,0,1,0,3,0,0,0,1,http://customer-service-binance.trade/webscr/auth/submit?session=67780
65,15,7,34,3,2,0,0,3,0,0,1,2,0,1,1,0.0154,0.8,0.1846,0.0,4.4887,3.1899,0,1,1,0,0,0,0,0,0,0,0,https://blog.amazon.com/search?q=machine+learning+tutorial&page=2
43,20,15,0,3,2,1,0,3,0,0,0,0,0,0,0,0.0,0.8372,0.1628,0.0,4.3731,3.9219,0,1,1,0,0,0,0,0,0,0,0,https://blog.theguardian.com/privacy-policy
53,29,6,9,6,1,1,0,3,0,0,1,1,0,0,2,0.0377,0.8113,0.1509,0.0,4.2282,3.7975,0,0,1,0,1,0,3,0,0,0,1,https://n3tf1ix-authentication.racing/login?auth=true
45,11,14,11,3,2,0,0,5,0,0,1,1,0,0,1,0.0222,0.7556,0.2222,0.0,4.1255,3.0958,0,1,1,0,0,0,0,0,0,0,0,https://api.nih.gov/api/v1/status?format=json
42,24,11,0,6,1,2,0,4,0,0,0,0,0,0,0,0.0,0.8095,0.1905,0.0,4.1033,3.7202,0,0,0,0,1,0,2,0,0,0,1,http://amazon-pay-center.racing/pay/verify
73,15,26,24,3,1,1,1,5,0,0,1,2,0,1,5,0.0685,0.7534,0.1781,0.0,4.5942,3.7736,0,0,0,0,0,0,1,0,0,0,0,http://theguardian.com/help/faq/account-settings?session_id=42770&lang=en
36,14,15,0,3,2,1,0,3,0,0,0,0,0,0,0,0.0,0.8056,0.1944,0.0,4.0515,3.5216,0,1,0,0,0,0,0,0,0,0,0,http://api.github.com/privacy-policy
36,11,17,0,3,2,2,0,3,0,0,0,0,0,0,0,0.0,0.7778,0.2222,0.0,4.086,3.0958,0,1,1,0,0,0,1,0,0,0,0,https://m.arxiv.org/terms-of-service
45,19,19,0,3,4,0,0,4,0,0,0,0,0,0,15,0.3333,0.4444,0.2222,0.0,4.2946,2.4956,1,0,0,0,0,0,1,0,1,0,1,http://112.197.95.114:8000/google/secure.html
48,17,23,0,3,2,0,0,5,0,0,0,0,0,0,3,0.0625,0.7708,0.1667,0.0,3.994,3.1751,0,1,1,0,0,0,0,0,0,0,0,https://docs.coursera.org/courses/cs101/syllabus
61,13,15,24,3,2,1,1,3,0,0,1,2,0,1,5,0.082,0.7213,0.1967,0.0,4.6454,3.1808,0,1,1,0,0,0,0,0,0,0,0,https://www.intel.com/privacy-policy?session_id=53505&lang=en
46,22,6,9,4,1,1,0,3,0,0,1,1,0,0,2,0.0435,0.7826,0.1739,0.0,4.4935,4.0958,0,0,1,0,1,0,3,0,0,0,1,https://n3tf1ix-suspended.work/login?auth=true
45,21,6,9,5,1,1,0,3,0,0,1,1,0,0,3,0.0667,0.7556,0.1778,0.0,4.4302,3.7849,0,0,1,0,1,0,3,0,0,0,1,https://fac3b00k-update.trade/login?auth=true
72,28,23,13,2,1,2,0,5,0,0,1,1,0,0,5,0.0694,0.7778,0.1528,0.0,4.4997,3.8249,0,0,0,0,1,0,3,0,0,0,1,http://customer-service-coinbase.ml/webscr/validate/submit?session=40753
45,29,8,0,3,3,1,0,3,0,0,0,0,0,0,5,0.1111,0.7111,0.1778,0.0,4.369,4.1423,0,2,1,0,1,0,2,0,0,0,1,https://paypal.com.service-660f70.kim/service
20,11,1,0,3,2,0,0,3,0,0,0,0,0,0,0,0.0,0.7,0.3,0.0,3.6464,2.8454,0,1,1,0,0,0,0,0,0,0,0,https://www.edx.org/
42,19,6,9,5,1,1,0,3,0,0,1,1,0,0,2,0.0476,0.7619,0.1905,0.0,4.3953,3.8269,0,0,0,0,1,0,3,0,0,0,1,http://f3d3x-invoice.trade/login?auth=true
68,26,21,13,3,1,2,0,5,0,0,1,1,0,0,5,0.0735,0.7647,0.1618,0.0,4.4237,3.5945,0,0,0,0,1,0,3,0,0,0,1,http://customer-service-chase.cam/webscr/signin/submit?session=45968
88,15,10,55,3,2,1,0,3,0,0,1,2,0,1,19,0.2159,0.6591,0.125,0.0,4.7527,3.1899,0,0,0,0,1,0,2,0,0,0,1,http://auth-portal.top/index.php?token=bb50ea00069dc080d796a6e374fa7e7e&target=microsoft
21,6,8,0,2,1,0,0,3,0,0,0,0,0,0,1,0.0476,0.7143,0.2381,0.1905,3.9754,2.585,0,0,0,0,0,1,0,0,0,0,1,http://adf.ly/WjK8oRR
43,14,22,0,3,4,0,0,4,0,0,0,0,0,0,11,0.2558,0.5349,0.2093,0.0,4.2199,2.3527,1,0,0,0,0,0,1,0,0,0,1,http://90.133.111.189/coinbase/billing.html
21,6,8,0,2,1,0,0,3,0,0,0,0,0,0,0,0.0,0.7619,0.2381,0.1905,3.8442,2.585,0,0,0,0,0,1,0,0,0,0,1,http://bit.do/WZqbRzO
48,14,1,24,3,2,0,1,3,0,0,1,2,0,1,5,0.1042,0.6667,0.2292,0.0,4.5582,3.182,0,1,1,0,0,1,0,0,0,0,0,https://www.reddit.com/?session_id=64618&lang=en
90,20,10,52,3,2,1,0,3,0,0,1,2,0,1,21,0.2333,0.6444,0.1222,0.0,4.8382,3.5842,0,0,0,0,1,0,2,0,0,0,1,http://suspended-portal.top/index.php?token=48367d9c62bf9817561ebd486bdac576&target=google
38,12,19,0,2,4,0,0,4,0,0,0,0,0,0,9,0.2368,0.5263,0.2368,0.0,4.0175,2.6258,1,0,0,0,0,0,1,0,0,0,1,http://38.223.36.97/google/wallet.html
61,16,38,0,3,3,0,2,5,0,0,0,0,0,0,1,0.0164,0.8033,0.1803,0.0,4.3611,3.625,0,1,0,0,0,0,0,0,0,0,0,http://docs.netflix.com/library/archive/research_paper_v3.pdf
68,27,19,13,2,1,2,0,5,0,0,1,1,0,0,5,0.0735,0.7647,0.1618,0.0,4.4624,3.9303,0,0,1,0,1,0,3,0,0,0,1,https://customer-service-dropbox.tk/webscr/auth/submit?session=97767
40,14,19,0,3,4,0,0,4,0,0,0,0,0,0,11,0.275,0.5,0.225,0.0,4.1219,2.4677,1,0,0,0,0,0,1,0,0,0,1,http://117.40.221.147/dropbox/alert.html
42,17,18,0,2,4,0,0,4,0,0,0,0,0,0,13,0.3095,0.4524,0.2381,0.0,4.2228,2.6258,1,0,0,0,0,0,1,0,1,0,1,http://137.85.77.91:8888/fedex/signin.html
55,32,16,0,7,1,2,0,4,0,0,0,0,0,0,0,0.0,0.8545,0.1455,0.0,4.1877,3.9056,0,0,0,0,1,0,2,0,0,0,1,http://coinbase-validate-center.country/validate/verify
76,34,21,13,3,1,2,0,5,0,0,1,1,0,0,5,0.0658,0.7895,0.1447,0.0,4.5142,3.9987,0,0,0,0,1,0,3,0,0,0,1,http://customer-service-bankofamerica.win/webscr/unlock/submit?session=88378
71,27,22,13,2,1,2,0,5,0,0,1,1,0,0,5,0.0704,0.7746,0.1549,0.0,4.3241,3.838,0,0,1,0,1,0,2,0,0,0,1,https://customer-service-binance.ml/webscr/service/submit?session=38113
48,14,14,11,3,2,0,0,5,0,0,1,1,0,0,1,0.0208,0.7708,0.2083,0.0,4.2938,3.3788,0,1,1,0,0,0,0,0,0,0,0,https://api.docker.com/api/v1/status?format=json
47,14,26,0,2,4,0,0,4,0,0,0,0,0,0,11,0.234,0.5745,0.1915,0.0,4.3658,2.3527,1,0,0,0,0,0,1,0,0,0,1,http://130.131.141.47/wellsfargo/ebayisapi.html
53,7,38,0,3,2,0,2,5,0,0,0,0,0,0,1,0.0189,0.7925,0.1887,0.0,4.2586,2.2359,0,0,1,0,0,0,0,0,0,0,0,https://cnn.com/library/archive/research_paper_v3.pdf
44,10,1,24,3,1,0,1,3,0,0,1,2,0,1,5,0.1136,0.6591,0.2273,0.0,4.5443,2.7219,0,0,1,0,0,0,0,0,0,0,0,https://amazon.com/?session_id=34018&lang=en
48,32,9,0,3,3,1,0,3,0,0,0,0,0,0,2,0.0417,0.7917,0.1667,0.0,4.2904,4.132,0,2,0,0,1,0,1,0,0,0,1,http://metamask.com.password-bf1d6d.icu/password
52,14,30,0,3,2,2,0,4,0,0,0,0,0,0,0,0.0,0.8269,0.1731,0.0,4.117,3.182,0,1,1,0,0,1,0,0,0,0,0,https://www.reddit.com/projects/open-source-software
42,13,22,0,2,4,0,0,4,0,0,0,0,0,0,10,0.2381,0.5476,0.2143,0.0,4.1362,2.3535,1,0,0,0,0,0,1,0,0,0,1,http://40.242.232.45/wellsfargo/alert.html
63,16,39,0,3,2,2,0,6,0,0,0,0,0,0,6,0.0952,0.7302,0.1746,0.0,4.4726,3.3278,0,1,1,0,0,0,0,0,0,0,0,https://api.coursera.org/blog/2024/05/machine-learning-advances
50,35,8,0,10,3,1,0,3,0,0,0,0,0,0,4,0.08,0.76,0.16,0.0,4.0802,3.9573,0,2,0,0,1,0,2,0,0,0,1,http://apple.com.support-d27a42.accountant/support
64,14,7,34,3,2,0,0,3,0,0,1,2,0,1,1,0.0156,0.7969,0.1875,0.0,4.4174,3.0391,0,1,1,0,0,0,0,0,0,0,0,https://api.amazon.com/search?q=machine+learning+tutorial&page=2
38,15,6,9,3,1,1,0,3,0,0,1,1,0,0,2,0.0526,0.7368,0.2105,0.0,4.1787,3.6402,0,0,0,0,1,0,3,0,0,0,1,http://app13-alert.icu/login?auth=true
32,16,8,0,3,2,0,0,3,0,0,0,0,0,0,0,0.0,0.8125,0.1875,0.0,3.8776,3.4528,0,1,1,0,0,0,0,0,0,0,0,https://blog.twitter.com/contact
50,32,10,0,3,3,1,0,3,0,0,0,0,0,0,3,0.06,0.78,0.16,0.0,4.2909,4.2028,0,2,1,0,1,0,1,0,0,0,1,https://netflix.com.suspended-ce438b.cam/suspended
69,26,21,13,5,1,2,0,5,0,0,1,1,0,0,5,0.0725,0.7681,0.1594,0.0,4.4795,4.027,0,0,1,0,1,0,3,0,0,0,1,https://customer-service-dhl.party/webscr/update/submit?session=84666
45,11,26,0,3,1,1,0,5,0,0,0,0,0,0,0,0.0,0.8222,0.1778,0.0,4.1809,3.2776,0,0,1,0,0,0,1,0,0,0,0,https://archive.org/help/faq/account-settings
42,18,6,9,3,1,1,0,3,0,0,1,1,0,0,4,0.0952,0.7143,0.1905,0.0,4.3297,3.8366,0,0,1,0,1,0,3,0,0,0,1,https://g00g13-support.win/login?auth=true
62,16,38,0,3,3,0,2,5,0,0,0,0,0,0,1,0.0161,0.8065,0.1774,0.0,4.3171,3.4528,0,1,1,0,0,0,0,0,0,0,0,https://blog.twitter.com/library/archive/research_paper_v3.pdf
40,9,23,0,2,2,0,0,5,0,0,0,0,0,0,3,0.075,0.725,0.2,0.0,4.0027,2.5033,0,1,1,0,0,0,0,0,0,0,0,https://m.zoom.us/courses/cs101/syllabus
47,19,6,13,3,2,0,0,3,0,0,1,1,0,0,2,0.0426,0.7872,0.1702,0.0851,4.4878,3.2211,0,1,1,0,0,0,0,0,0,0,0,https://blog.duckduckgo.com/watch?v=dQw4w9WgXcQ
28,19,1,0,3,2,0,0,3,0,0,0,0,0,0,0,0.0,0.7857,0.2143,0.0,3.9408,3.4316,0,1,1,0,0,0,0,0,0,0,0,https://docs.cloudflare.com/
21,6,8,0,2,1,0,0,3,0,0,0,0,0,0,2,0.0952,0.6667,0.2381,0.1905,3.8442,2.585,0,0,0,0,0,1,0,0,0,0,1,http://bit.ly/9BLiTV2
51,30,14,0,5,1,2,0,4,0,0,0,0,0,0,0,0.0,0.8431,0.1569,0.0,4.0934,3.9736,0,0,0,0,1,0,1,0,0,0,1,http://wellsfargo-verify-center.party/verify/verify
34,18,8,0,3,2,0,0,3,0,0,0,0,0,0,0,0.0,0.8235,0.1765,0.0,3.7604,3.4613,0,1,1,0,0,0,1,0,0,0,0,https://support.oracle.com/contact
31,15,8,0,3,2,0,0,3,0,0,0,0,0,0,0,0.0,0.8065,0.1935,0.0,3.7324,3.1899,0,1,1,0,0,1,0,0,0,0,0,https://docs.reddit.com/contact
46,12,26,0,3,2,1,0,5,0,0,0,0,0,0,0,0.0,0.8043,0.1957,0.0,4.1891,3.2516,0,1,1,0,0,0,1,0,0,0,0,https://m.github.com/help/faq/account-settings
51,28,16,0,5,1,2,0,4,0,0,0,0,0,0,0,0.0,0.8431,0.1569,0.0,4.2071,3.7534,0,0,0,0,1,0,2,0,0,0,1,http://amazon-password-center.space/password/verify
99,25,10,55,3,2,1,0,3,0,0,1,2,0,1,20,0.202,0.6869,0.1111,0.0,4.7664,3.5591,0,0,1,0,1,0,3,0,0,0,1,https://authentication-portal.top/index.php?token=76f868f340db07acd76ead50a78623b8&target=instagram
77,15,30,23,3,2,2,1,4,0,0,1,2,0,1,4,0.0519,0.7662,0.1818,0.0,4.5269,3.3232,0,1,1,0,0,0,0,0,0,0,0,https://api.twitter.com/projects/open-source-software?session_id=4266&lang=en
91,13,10,59,2,2,1,0,3,0,0,1,2,0,1,20,0.2198,0.6593,0.1209,0.0,4.8807,3.2389,0,0,1,0,0,0,2,0,0,0,1,https://pay-portal.cc/index.php?token=b54ac8fa40d538ea3ab96570d13a2319&target=bankofamerica
62,14,40,0,3,6,1,0,5,0,0,0,0,0,0,3,0.0484,0.7419,0.2097,0.0,4.3701,3.2359,0,1,1,0,0,0,0,0,0,0,0,https://blog.apple.com/downloads/releases/version-4.1.2.tar.gz
47,24,6,9,6,1,1,0,3,0,0,1,1,0,0,3,0.0638,0.766,0.1702,0.0,4.5863,4.0535,0,0,0,0,1,0,3,0,0,0,1,http://fac3b00k-password.racing/login?auth=true
40,27,6,0,3,3,1,0,3,0,0,0,0,0,0,3,0.075,0.725,0.2,0.0,4.1087,3.9303,0,2,0,0,1,0,2,0,0,0,1,http://paypal.com.alert-b414eb.bid/alert
42,19,15,0,3,2,1,0,3,0,0,0,0,0,0,0,0.0,0.8333,0.1667,0.0,4.3617,3.7871,0,1,1,0,0,0,0,0,0,0,0,https://www.theguardian.com/privacy-policy
38,15,6,9,3,1,1,0,3,0,0,1,1,0,0,1,0.0263,0.7632,0.2105,0.0,4.3264,3.5069,0,0,0,0,0,0,3,0,0,0,1,http://dh1-invoice.com/login?auth=true
35,12,6,9,2,1,1,0,3,0,0,1,1,0,0,1,0.0286,0.7429,0.2286,0.0,4.2757,3.4183,0,0,0,0,1,0,3,0,0,0,1,http://chas3-pay.tk/login?auth=true
39,15,6,9,2,1,1,0,3,0,0,1,1,0,0,2,0.0513,0.7436,0.2051,0.0,4.263,3.4566,0,0,1,0,1,0,3,0,0,0,1,https://app13-update.ml/login?auth=true
48,11,29,0,3,2,0,1,4,0,0,0,0,0,0,0,0.0,0.8333,0.1667,0.0208,4.1598,2.914,0,1,1,0,0,0,0,0,0,0,0,https://m.chase.com/wiki/Artificial_intelligence
69,26,22,13,3,1,2,0,5,0,0,1,1,0,0,5,0.0725,0.7681,0.1594,0.0,4.5398,3.7962,0,0,0,0,1,0,3,0,0,0,1,http://customer-service-chase.bid/webscr/banking/submit?session=80621
42,19,6,9,3,1,1,0,3,0,0,1,1,0,0,2,0.0476,0.7619,0.1905,0.0,4.3501,3.9321,0,0,0,0,1,0,3,0,0,0,1,http://c0inbas3-portal.fit/login?auth=true
86,14,39,24,3,2,2,1,6,0,0,1,2,0,1,11,0.1279,0.686,0.186,0.0,4.673,3.182,0,1,1,0,0,1,0,0,0,0,0,https://www.reddit.com/blog/2024/05/machine-learning-advances?session_id=54554&lang=en
19,11,0,0,2,2,0,0,2,0,0,0,0,0,0,0,0.0,0.7368,0.2632,0.0,3.6163,3.0958,0,1,1,0,0,0,0,0,0,0,0,https://api.zoom.us
74,31,22,13,4,1,2,0,5,0,0,1,1,0,0,5,0.0676,0.7838,0.1486,0.0,4.5385,3.7357,0,0,0,0,1,0,3,0,0,0,1,http://customer-service-microsoft.date/webscr/billing/submit?session=37192
41,14,6,13,3,2,0,0,3,0,0,1,1,0,0,2,0.0488,0.7561,0.1951,0.0976,4.4546,3.3788,0,1,0,0,0,0,0,0,0,0,0,http://blog.chase.com/watch?v=dQw4w9WgXcQ
49,26,6,9,8,1,1,0,3,0,0,1,1,0,0,3,0.0612,0.7755,0.1633,0.0,4.6223,4.3158,0,0,0,0,1,0,3,0,0,0,1,http://fac3b00k-security.download/login?auth=true
75,12,30,24,3,2,2,1,4,0,0,1,2,0,1,5,0.0667,0.7467,0.1867,0.0,4.6629,3.085,0,1,1,0,0,0,0,0,0,0,0,https://blog.nih.gov/projects/open-source-software?session_id=99652&lang=en
88,15,40,24,3,6,1,1,5,0,0,1,2,0,1,8,0.0909,0.7045,0.2045,0.0,4.6335,3.3232,0,1,1,0,0,0,0,0,0,0,0,https://www.nytimes.com/downloads/releases/version-4.1.2.tar.gz?session_id=42901&lang=en
42,26,8,0,2,3,1,0,3,0,0,0,0,0,0,4,0.0952,0.7143,0.1905,0.0,4.2845,4.056,0,2,1,0,1,0,1,0,0,0,1,https://usps.com.banking-e757b0.ga/banking
35,12,15,0,3,2,1,0,3,0,0,0,0,0,0,0,0.0,0.8,0.2,0.0,4.1072,2.6258,0,1,1,0,0,0,0,0,0,0,0,https://www.ieee.org/privacy-policy
24,9,8,0,2,1,0,0,3,0,0,0,0,0,0,1,0.0417,0.75,0.2083,0.125,3.7202,2.7255,0,0,0,0,0,1,0,0,0,0,1,http://shorte.st/BRQ3gro
60,32,20,0,3,1,2,0,4,0,0,0,0,0,0,0,0.0,0.8667,0.1333,0.0,4.0519,3.7181,0,0,1,0,1,0,2,0,0,0,1,https://metamask-verification-center.cam/verification/verify
57,13,13,22,2,2,0,0,4,0,0,1,2,0,1,6,0.1053,0.7018,0.193,0.0,4.5766,2.5654,0,1,1,0,0,0,0,0,0,0,0,https://www.twitch.tv/profile/user?id=104928&tab=activity
52,14,30,0,3,2,2,0,4,0,0,0,0,0,0,0,0.0,0.8269,0.1731,0.0,4.2728,3.2359,0,1,1,0,0,0,0,0,0,0,0,https://m.linkedin.com/projects/open-source-software
22,7,8,0,2,1,0,0,3,0,0,0,0,0,0,1,0.0455,0.7273,0.2273,0.1364,3.7888,2.5216,0,0,0,0,0,1,0,0,0,0,1,http://cutt.ly/8TvxcKA
64,14,7,34,3,2,0,0,3,0,0,1,2,0,1,1,0.0156,0.7969,0.1875,0.0,4.4041,2.9852,0,1,1,0,0,0,1,0,0,0,0,https://api.paypal.com/search?q=machine+learning+tutorial&page=2
60,10,7,34,3,1,0,0,3,0,0,1,2,0,1,1,0.0167,0.8,0.1833,0.0,4.457,3.3219,0,0,1,0,0,0,0,0,0,0,0,https://github.com/search?q=machine+learning+tutorial&page=2
22,7,8,0,2,1,0,0,3,0,0,0,0,0,0,1,0.0455,0.7273,0.2273,0.2273,3.8454,2.5216,0,0,0,0,0,1,0,0,0,0,1,http://tiny.cc/PyA0SJY
42,17,17,0,3,2,2,0,3,0,0,0,0,0,0,0,0.0,0.8095,0.1905,0.0,4.2908,3.7345,0,1,1,0,0,0,1,0,0,0,0,https://blog.stanford.edu/terms-of-service
46,18,6,13,3,2,0,0,3,0,0,1,1,0,0,2,0.0435,0.7826,0.1739,0.087,4.6133,3.7255,0,1,1,0,0,1,0,0,0,0,0,https://blog.pinterest.com/watch?v=dQw4w9WgXcQ
78,32,24,13,7,1,2,0,5,0,0,1,1,0,0,5,0.0641,0.7949,0.141,0.0,4.4765,3.9292,0,0,1,0,1,0,3,0,0,0,1,https://customer-service-netflix.country/webscr/suspended/submit?session=15508
44,17,20,0,3,4,0,0,4,0,0,0,0,0,0,13,0.2955,0.4773,0.2273,0.0,4.2261,2.3962,1,0,0,0,0,0,1,0,1,0,1,http://99.39.17.114:8888/metamask/login.html
52,15,29,0,3,2,0,1,4,0,0,0,0,0,0,0,0.0,0.8462,0.1538,0.0192,4.2193,3.3736,0,1,1,0,0,0,1,0,0,0,0,https://support.mit.edu/wiki/Artificial_intelligence
45,21,6,9,4,1,1,0,3,0,0,1,1,0,0,2,0.0444,0.7778,0.1778,0.0,4.369,3.5945,0,0,1,0,1,0,3,0,0,0,1,https://micr0s0ft-verify.rest/login?auth=true
19,4,8,0,2,1,0,0,3,0,0,0,0,0,0,1,0.0526,0.6842,0.2632,0.1579,3.7474,2.0,0,0,0,0,0,1,0,0,0,0,1,http://t.co/sjFZ9Bq
25,17,0,0,3,2,0,0,2,0,0,0,0,0,0,0,0.0,0.8,0.2,0.0,3.9239,3.3816,0,1,1,0,0,0,0,0,0,0,0,https://docs.linkedin.com
48,11,29,0,3,3,1,0,5,0,0,0,0,0,0,1,0.0208,0.7708,0.2083,0.0,4.1051,2.914,0,1,1,0,0,0,0,0,0,0,0,https://m.chase.com/docs/v2/getting-started.html
65,15,7,34,3,2,0,0,3,0,0,1,2,0,1,1,0.0154,0.8,0.1846,0.0,4.5141,3.1899,0,1,1,0,0,0,0,0,0,0,0,https://www.mozilla.org/search?q=machine+learning+tutorial&page=2
21,6,8,0,2,1,0,0,3,0,0,0,0,0,0,0,0.0,0.7619,0.2381,0.1429,3.8802,2.585,0,0,0,0,0,1,0,0,0,0,1,http://adf.ly/frMdRGk
63,33,22,0,5,1,2,0,4,0,0,0,0,0,0,0,0.0,0.873,0.127,0.0,3.9914,3.6661,0,0,1,0,1,0,3,0,0,0,1,https://fedex-authentication-center.faith/authentication/verify
88,17,10,52,2,2,1,0,3,0,0,1,2,0,1,20,0.2273,0.6477,0.125,0.0,4.8784,3.5725,0,0,1,0,0,0,2,0,0,0,1,https://confirm-portal.cc/index.php?token=41d741e0eca69ba3b6186f8619d65b8a&target=google
60,13,39,0,3,2,2,0,6,0,0,0,0,0,0,6,0.1,0.7167,0.1833,0.0,4.544,3.027,0,1,1,0,0,0,0,0,0,0,0,https://m.dropbox.com/blog/2024/05/machine-learning-advances
22,7,8,0,2,1,0,0,3,0,0,0,0,0,0,1,0.0455,0.7273,0.2273,0.0455,3.7544,2.5216,0,0,0,0,0,1,0,0,0,0,1,http://buff.ly/tdyp9Fm
40,12,6,13,3,2,0,0,3,0,0,1,1,0,0,2,0.05,0.75,0.2,0.1,4.3276,2.6258,0,1,1,0,0,0,0,0,0,0,0,https://www.ieee.org/watch?v=dQw4w9WgXcQ
82,11,38,24,3,2,0,3,5,0,0,1,2,0,1,6,0.0732,0.7439,0.1829,0.0,4.5891,3.2776,0,0,1,0,0,0,0,0,0,0,0,https://archive.org/library/archive/research_paper_v3.pdf?session_id=52688&lang=en
39,9,23,0,2,4,0,0,4,0,0,0,0,0,0,6,0.1538,0.6154,0.2308,0.0,4.1823,2.1133,1,0,0,0,0,0,1,0,0,0,1,http://76.7.3.78/dropbox/suspended.html
45,23,15,0,2,1,2,0,4,0,0,0,0,0,0,0,0.0,0.8222,0.1778,0.0,4.1191,3.7951,0,0,0,0,1,0,2,0,0,0,1,http://apple-confirm-center.tk/confirm/verify
28,15,6,0,3,2,0,0,3,0,0,0,0,0,0,0,0.0,0.7857,0.2143,0.0,3.7709,3.0566,0,1,0,0,0,0,0,0,0,0,0,http://www.harvard.edu/about
32,18,6,0,3,2,0,0,3,0,0,0,0,0,0,0,0.0,0.8125,0.1875,0.0,3.9917,3.7255,0,1,1,0,0,0,1,0,0,0,0,https://support.kaggle.com/about
44,13,23,0,3,2,0,0,5,0,0,0,0,0,0,3,0.0682,0.75,0.1818,0.0,4.1066,3.0851,0,1,1,0,0,0,0,0,0,0,0,https://blog.nasa.gov/courses/cs101/syllabus
45,21,6,9,3,1,1,0,3,0,0,1,1,0,0,1,0.0222,0.8,0.1778,0.0,4.4025,3.7849,0,0,1,0,0,0,3,0,0,0,1,https://binanc3-suspended.com/login?auth=true
42,17,18,0,2,4,0,0,4,0,0,0,0,0,0,13,0.3095,0.4524,0.2381,0.0,4.0707,2.5221,1,0,0,0,0,0,1,0,1,0,1,http://185.178.4.74:8080/metamask/pay.html
70,28,21,13,3,1,2,0,5,0,0,1,1,0,0,5,0.0714,0.7714,0.1571,0.0,4.3516,3.8249,0,0,0,0,1,0,3,0,0,0,1,http://customer-service-netflix.icu/webscr/secure/submit?session=22616
82,37,23,13,6,1,2,0,5,0,0,1,1,0,0,5,0.061,0.8049,0.1341,0.0,4.4769,3.9183,0,0,1,0,1,0,3,0,0,0,1,https://customer-service-bankofamerica.review/webscr/password/submit?session=62460
50,13,29,0,3,2,1,0,5,0,0,0,0,0,0,1,0.02,0.8,0.18,0.0,4.0811,3.3927,0,0,1,0,0,1,0,0,0,0,0,https://pinterest.com/docs/v2/getting-started.html
87,14,40,24,3,6,1,1,5,0,0,1,2,0,1,8,0.092,0.7011,0.2069,0.0,4.5665,3.0391,0,1,1,0,0,0,0,0,0,0,0,https://docs.chase.com/downloads/releases/version-4.1.2.tar.gz?session_id=61443&lang=en
74,26,27,13,3,1,2,0,5,0,0,1,1,0,0,5,0.0676,0.7838,0.1486,0.0,4.3663,3.7962,0,0,0,0,1,0,3,0,0,0,1,http://customer-service-chase.win/webscr/verification/submit?session=75550
49,26,15,0,4,1,2,0,4,0,0,0,0,0,0,0,0.0,0.8367,0.1633,0.0,4.3011,3.8441,0,0,1,0,1,0,2,0,0,0,1,https://amazon-billing-center.date/billing/verify
20,5,8,0,2,1,0,0,3,0,0,0,0,0,0,1,0.05,0.7,0.25,0.05,3.6464,1.9219,0,0,0,0,0,1,0,0,0,0,1,http://bc.vc/chrRg4a
38,15,6,9,2,1,1,0,3,0,0,1,1,0,0,1,0.0263,0.7632,0.2105,0.0,4.1883,3.3232,0,0,0,0,1,0,2,0,0,0,1,http://amaz0n-login.ga/login?auth=true
32,18,6,0,3,2,0,0,3,0,0,0,0,0,0,0,0.0,0.8125,0.1875,0.0,3.8789,3.5033,0,1,1,0,0,1,1,0,0,0,0,https://support.reddit.com/about
51,17,14,11,3,2,0,0,5,0,0,1,1,0,0,1,0.0196,0.7843,0.1961,0.0,4.1896,3.6169,0,1,1,0,0,0,1,0,0,0,0,https://support.intel.com/api/v1/status?format=json
42,15,6,13,3,2,0,0,3,0,0,1,1,0,0,2,0.0476,0.7619,0.1905,0.0952,4.4453,3.3736,0,1,0,0,0,0,0,0,0,0,0,http://blog.github.com/watch?v=dQw4w9WgXcQ
76,13,30,24,3,2,2,1,4,0,0,1,2,0,1,5,0.0658,0.75,0.1842,0.0,4.5499,3.3927,0,1,1,0,0,0,0,0,0,0,0,https://api.intel.com/projects/open-source-software?session_id=66683&lang=en
86,17,10,51,3,2,1,0,3,0,0,1,2,0,1,26,0.3023,0.5698,0.1279,0.0,4.8075,3.4992,0,0,0,0,1,0,2,0,0,0,1,http://secure-portal.top/index.php?token=7236949f3d7f5676962f7c61e4882644&target=chase
20,5,8,0,2,1,0,0,3,0,0,0,0,0,0,0,0.0,0.75,0.25,0.15,3.7842,1.9219,0,0,0,0,0,1,0,0,0,0,1,http://bc.vc/ePQSbwr
40,15,17,0,3,2,2,0,3,0,0,0,0,0,0,0,0.0,0.8,0.2,0.0,4.0964,3.5069,0,1,1,0,0,0,1,0,0,0,0,https://docs.nature.com/terms-of-service
47,32,8,0,3,3,1,0,3,0,0,0,0,0,0,5,0.1064,0.7234,0.1702,0.0,4.2646,4.0931,0,2,0,0,1,0,1,0,0,0,1,http://instagram.com.billing-3b1389.gdn/billing
41,18,6,9,3,1,1,0,3,0,0,1,1,0,0,2,0.0488,0.7561,0.1951,0.0,4.269,3.5724,0,0,0,0,1,0,3,0,0,0,1,http://dr0pb0x-update.bid/login?auth=true
42,19,6,9,3,1,1,0,3,0,0,1,1,0,0,1,0.0238,0.7857,0.1905,0.0,4.4609,3.8269,0,0,0,0,1,0,3,0,0,0,1,http://m3tamask-webscr.win/login?auth=true
58,14,13,22,3,2,0,0,4,0,0,1,2,0,1,6,0.1034,0.7069,0.1897,0.0,4.737,3.182,0,1,1,0,0,0,0,0,0,0,0,https://www.tumblr.com/profile/user?id=104928&tab=activity
53,35,10,0,6,3,1,0,3,0,0,0,0,0,0,5,0.0943,0.7547,0.1509,0.0,4.3977,4.2786,0,2,1,0,1,0,1,0,0,0,1,https://netflix.com.ebayisapi-2790c0.webcam/ebayisapi
47,11,28,0,3,1,0,0,5,0,0,0,0,0,0,0,0.0,0.8511,0.1489,0.0,4.0762,3.0958,0,0,1,0,0,0,0,0,0,0,0,https://mozilla.org/products/enterprise/pricing
24,9,8,0,2,1,0,0,3,0,0,0,0,0,0,1,0.0417,0.75,0.2083,0.0833,3.7721,2.7255,0,0,0,0,0,1,0,0,0,0,1,http://shorte.st/X9vhJdg
44,23,14,0,4,1,2,0,4,0,0,0,0,0,0,0,0.0,0.8182,0.1818,0.0,4.2044,3.7951,0,0,0,0,1,0,2,0,0,0,1,http://usps-wallet-center.buzz/wallet/verify
51,28,16,0,3,1,2,0,4,0,0,0,0,0,0,0,0.0,0.8431,0.1569,0.0,4.3191,4.0122,0,0,0,0,1,0,2,0,0,0,1,http://facebook-password-center.icu/password/verify
47,31,9,0,3,3,1,0,3,0,0,0,0,0,0,3,0.0638,0.766,0.1702,0.0,4.4048,4.2603,0,2,0,0,1,0,1,0,0,0,1,http://netflix.com.password-b225cd.cam/password
85,15,10,51,3,2,1,0,3,0,0,1,2,0,1,21,0.2471,0.6235,0.1294,0.0,4.7586,3.1899,0,0,1,0,1,0,2,0,0,0,1,https://auth-portal.top/index.php?token=e423f3c393406b0df9fba09a37e52425&target=apple
45,22,6,9,6,1,1,0,3,0,0,1,1,0,0,2,0.0444,0.7778,0.1778,0.0,4.3559,3.6978,0,0,0,0,1,0,3,0,0,0,1,http://app13-suspended.review/login?auth=true
51,27,6,9,3,1,1,0,3,0,0,1,1,0,0,2,0.0392,0.8039,0.1569,0.0,4.5228,3.8525,0,0,1,0,1,0,3,0,0,0,1,https://bank0fam3rica-ebayisapi.bid/login?auth=true
40,12,6,13,3,2,0,0,3,0,0,1,1,0,0,2,0.05,0.75,0.2,0.1,4.4087,2.6887,0,1,1,0,0,0,0,0,0,0,0,https://m.amazon.com/watch?v=dQw4w9WgXcQ
63,17,38,0,3,3,0,2,5,0,0,0,0,0,0,1,0.0159,0.8095,0.1746,0.0,4.1851,3.4992,0,1,1,0,0,1,0,0,0,0,0,https://api.pinterest.com/library/archive/research_paper_v3.pdf
75,16,26,24,3,2,1,1,5,0,0,1,2,0,1,5,0.0667,0.7467,0.1867,0.0,4.6461,3.375,0,1,1,0,0,0,1,0,0,0,0,https://m.cloudflare.com/help/faq/account-settings?session_id=85874&lang=en
53,20,14,11,3,2,0,0,5,0,0,1,1,0,0,1,0.0189,0.7925,0.1887,0.0,4.3179,3.8219,0,1,0,0,0,0,0,0,0,0,0,http://docs.theguardian.com/api/v1/status?format=json
54,16,30,0,3,2,2,0,4,0,0,0,0,0,0,0,0.0,0.8333,0.1667,0.0,4.2293,3.5778,0,1,1,0,0,0,0,0,0,0,0,https://blog.spotify.com/projects/open-source-software
71,28,21,13,3,1,2,0,5,0,0,1,1,0,0,5,0.0704,0.7746,0.1549,0.0,4.456,3.7359,0,0,1,0,1,0,3,0,0,0,1,https://customer-service-binance.cam/webscr/wallet/submit?session=27918
51,15,28,0,3,2,0,0,5,0,0,0,0,0,0,0,0.0,0.8431,0.1569,0.0,4.1063,3.3736,0,1,1,0,0,0,0,0,0,0,0,https://docs.kaggle.com/products/enterprise/pricing
28,14,6,0,3,2,0,0,3,0,0,0,0,0,0,0,0.0,0.7857,0.2143,0.0,3.8963,3.3249,0,1,1,0,0,0,0,0,0,0,0,https://www.nature.com/about
31,17,6,0,3,2,0,0,3,0,0,0,0,0,0,0,0.0,0.8065,0.1935,0.0,3.9536,3.2639,0,1,1,0,0,0,0,0,0,0,0,https://api.wikipedia.org/about
86,18,10,50,3,2,1,0,3,0,0,1,2,0,1,17,0.1977,0.6744,0.1279,0.0,4.9644,3.7255,0,0,0,0,0,0,2,0,0,0,1,http://service-portal.com/index.php?token=6872fd7792acb94f1fb7d7b6f5d3bcb0&target=usps
43,15,21,0,3,4,0,0,4,0,0,0,0,0,0,12,0.2791,0.5116,0.2093,0.0,4.255,2.6826,1,0,0,0,0,0,1,0,0,0,1,http://180.174.215.121/binance/banking.html
43,12,23,0,3,2,0,0,5,0,0,0,0,0,0,3,0.0698,0.7442,0.186,0.0,4.0163,2.9183,0,1,1,0,0,0,0,0,0,0,0,https://m.oracle.com/courses/cs101/syllabus
54,17,29,0,3,2,1,0,5,0,0,0,0,0,0,1,0.0185,0.8148,0.1667,0.0,4.0819,3.2195,0,0,1,0,0,1,0,0,0,0,0,https://sciencedirect.com/docs/v2/getting-started.html
20,5,8,0,2,1,0,0,3,0,0,0,0,0,0,2,0.1,0.65,0.25,0.1,3.9842,2.3219,0,0,0,0,0,1,0,0,0,0,1,http://ow.ly/gi7I3nJ
41,28,6,0,3,3,1,0,3,0,0,0,0,0,0,4,0.0976,0.7073,0.1951,0.0,4.2018,3.8693,0,2,0,0,1,0,1,0,0,0,1,http://dropbox.com.login-9112db.bid/login
89,20,10,51,3,2,1,0,3,0,0,1,2,0,1,18,0.2022,0.6742,0.1236,0.0,4.7964,3.5842,0,0,0,0,1,0,2,0,0,0,1,http://suspended-portal.top/index.php?token=cee1c4bd9b96ccf263b9e5f26b427873&target=apple
51,34,10,0,5,3,1,0,3,0,0,0,0,0,0,3,0.0588,0.7843,0.1569,0.0,4.1872,4.0575,0,2,0,0,1,0,1,0,0,0,1,http://dropbox.com.suspended-deb774.party/suspended
51,18,26,0,3,2,1,0,5,0,0,0,0,0,0,0,0.0,0.8235,0.1765,0.0,4.2636,3.3502,0,1,0,0,0,0,1,0,0,0,0,http://api.duckduckgo.com/help/faq/account-settings
48,14,14,11,3,2,0,0,5,0,0,1,1,0,0,1,0.0208,0.7708,0.2083,0.0,4.3279,3.3788,0,1,1,0,0,0,0,0,0,0,0,https://api.kaggle.com/api/v1/status?format=json
52,14,30,0,3,2,2,0,4,0,0,0,0,0,0,0,0.0,0.8269,0.1731,0.0,4.2488,3.3788,0,1,1,0,0,0,0,0,0,0,0,https://api.kaggle.com/projects/open-source-software
51,14,29,0,3,2,0,1,4,0,0,0,0,0,0,0,0.0,0.8431,0.1569,0.0196,4.2066,3.3788,0,1,1,0,0,0,0,0,0,0,0,https://api.docker.com/wiki/Artificial_intelligence
44,18,19,0,3,4,0,0,4,0,0,0,0,0,0,14,0.3182,0.4545,0.2273,0.0,4.2827,2.8151,1,0,0,0,0,0,1,0,1,0,1,http://67.18.123.215:8080/apple/recover.html
60,16,13,22,3,2,0,0,4,0,0,1,2,0,1,6,0.1,0.7167,0.1833,0.0,4.6822,3.5,0,1,1,0,0,0,0,0,0,0,0,https://blog.archive.org/profile/user?id=104928&tab=activity
44,18,19,0,3,4,0,0,4,0,0,0,0,0,0,14,0.3182,0.4545,0.2273,0.0,4.3431,2.8731,1,0,0,0,0,0,1,0,1,0,1,http://89.60.240.236:8888/chase/banking.html
44,21,6,9,7,1,1,0,3,0,0,1,1,0,0,2,0.0455,0.7727,0.1818,0.0,4.1858,3.5945,0,0,0,0,1,1,3,0,0,0,1,http://app13-account.country/login?auth=true
39,11,6,13,3,2,0,0,3,0,0,1,1,0,0,2,0.0513,0.7436,0.2051,0.1026,4.3488,2.6635,0,1,1,0,0,0,0,0,0,0,0,https://m.yahoo.com/watch?v=dQw4w9WgXcQ
21,6,8,0,2,1,0,0,3,0,0,0,0,0,0,0,0.0,0.7619,0.2381,0.1905,3.6897,2.585,0,0,0,0,0,1,0,0,0,0,1,http://bit.do/jtTWyWS
55,39,9,0,5,3,1,0,3,0,0,0,0,0,0,5,0.0909,0.7636,0.1455,0.0,4.4746,4.2849,0,2,0,0,1,0,1,0,0,0,1,http://bankofamerica.com.security-535d98.trade/security
49,32,9,0,3,3,1,0,3,0,0,0,0,0,0,4,0.0816,0.7551,0.1633,0.0,4.3486,4.1792,0,2,1,0,1,0,1,0,0,0,1,https://metamask.com.security-46f2d5.fit/security
43,24,11,0,4,1,2,0,4,0,0,0,0,0,0,0,0.0,0.814,0.186,0.0,4.1444,3.7202,0,0,1,0,1,0,2,0,0,0,1,https://facebook-pay-center.date/pay/verify
69,27,21,13,3,1,2,0,5,0,0,1,1,0,0,5,0.0725,0.7681,0.1594,0.0,4.5854,4.1343,0,0,0,0,1,0,4,0,0,0,1,http://customer-service-paypal.gdn/webscr/signin/submit?session=12725
91,17,10,55,3,2,1,0,3,0,0,1,2,0,1,17,0.1868,0.6923,0.1209,0.0,4.8055,3.6169,0,0,1,0,0,0,2,0,0,0,1,https://secure-portal.com/index.php?token=0a4fa6cf2a140b1556af218d5f2abe0a&target=microsoft
70,9,28,24,3,1,0,1,5,0,0,1,2,0,1,5,0.0714,0.7571,0.1714,0.0,4.4962,2.6416,0,0,1,0,0,0,0,0,0,0,0,https://yahoo.com/products/enterprise/pricing?session_id=77569&lang=en
51,28,6,9,6,1,2,0,3,0,0,1,1,0,0,0,0.0,0.8235,0.1765,0.0,4.2895,3.5801,0,0,0,0,1,0,4,0,0,0,1,http://usps-secure-ebayisapi.review/login?auth=true
56,16,32,0,3,2,1,0,5,0,0,0,0,0,0,0,0.0,0.8393,0.1607,0.0,4.1799,3.25,0,1,1,0,0,0,1,0,0,0,0,https://m.salesforce.com/news/technology/science-updates
43,15,6,13,3,2,0,0,3,0,0,1,1,0,0,2,0.0465,0.7674,0.186,0.093,4.5653,3.2402,0,1,1,0,0,0,0,0,0,0,0,https://api.mozilla.org/watch?v=dQw4w9WgXcQ
66,16,17,24,3,2,2,1,3,0,0,1,2,0,1,5,0.0758,0.7273,0.197,0.0,4.5945,3.3278,0,1,1,0,0,0,1,0,0,0,0,https://docs.harvard.edu/terms-of-service?session_id=33266&lang=en
38,15,15,0,3,2,1,0,3,0,0,0,0,0,0,0,0.0,0.8158,0.1842,0.0,4.0831,3.1899,0,1,1,0,0,0,0,0,0,0,0,https://api.harvard.edu/privacy-policy
46,32,7,0,7,3,1,0,3,0,0,0,0,0,0,3,0.0652,0.7609,0.1739,0.0,4.3174,4.1167,0,2,0,0,1,0,1,0,0,0,1,http://amazon.com.signin-d18bc9.cricket/signin
51,14,29,0,3,2,0,1,4,0,0,0,0,0,0,0,0.0,0.8431,0.1569,0.0196,4.1282,3.2359,0,1,1,0,0,0,0,0,0,0,0,https://api.oracle.com/wiki/Artificial_intelligence
88,17,10,53,3,2,1,0,3,0,0,1,2,0,1,20,0.2273,0.6477,0.125,0.0,4.7673,3.4548,0,0,0,0,1,0,2,0,0,0,1,http://unlock-portal.top/index.php?token=d44c7e5e042be24001b4b5f61854fe6d&target=binance
81,16,32,24,3,2,1,1,5,0,0,1,2,0,1,5,0.0617,0.7654,0.1728,0.0,4.6005,3.625,0,1,1,0,0,0,1,0,0,0,0,https://blog.netflix.com/news/technology/science-updates?session_id=15253&lang=en
33,10,15,0,3,1,1,0,3,0,0,0,0,0,0,0,0.0,0.8182,0.1818,0.0,4.0061,2.9219,0,0,1,0,0,0,0,0,0,0,0,https://oracle.com/privacy-policy
48,17,24,0,1,4,0,0,4,0,0,0,0,0,0,13,0.2708,0.5208,0.2083,0.0,4.5118,3.0221,1,0,0,0,0,0,1,0,1,0,1,http://89.107.226.5:8000/fedex/verification.html
60,12,40,0,3,6,1,0,5,0,0,0,0,0,0,3,0.05,0.7333,0.2167,0.0,4.3067,3.2516,0,1,1,0,0,0,0,0,0,0,0,https://docs.nih.gov/downloads/releases/version-4.1.2.tar.gz
24,9,8,0,2,1,0,0,3,0,0,0,0,0,0,1,0.0417,0.75,0.2083,0.1667,3.6887,2.7255,0,0,0,0,0,1,0,0,0,0,1,http://shorte.st/I9vgIIZ
49,15,26,0,3,2,1,0,5,0,0,0,0,0,0,0,0.0,0.8163,0.1837,0.0,4.2341,3.6402,0,1,1,0,0,0,1,0,0,0,0,https://blog.nature.com/help/faq/account-settings
22,7,8,0,2,1,0,0,3,0,0,0,0,0,0,1,0.0455,0.7273,0.2273,0.1818,3.9706,2.5216,0,0,0,0,0,1,0,0,0,0,1,http://buff.ly/A6wHDlJ
89,19,10,52,3,2,1,0,3,0,0,1,2,0,1,21,0.236,0.6404,0.1236,0.0,4.8416,3.6819,0,0,0,0,1,0,2,0,0,0,1,http://security-portal.top/index.php?token=554e6935d4aa28946dd3fee521a585f7&target=amazon
53,31,14,0,3,1,2,0,4,0,0,0,0,0,0,0,0.0,0.8491,0.1509,0.0,4.1396,3.8087,0,0,1,0,1,0,2,0,0,0,1,https://bankofamerica-signin-center.fit/signin/verify
46,9,29,0,3,2,1,0,5,0,0,0,0,0,0,1,0.0217,0.7826,0.1957,0.0,4.1079,3.1699,0,0,1,0,0,0,0,0,0,0,0,https://intel.com/docs/v2/getting-started.html
37,25,4,0,2,3,1,0,3,0,0,0,0,0,0,4,0.1081,0.6757,0.2162,0.0,4.5128,4.3737,0,2,1,0,1,0,1,0,0,0,1,https://netflix.com.pay-67a09d.gq/pay
85,23,30,24,3,2,2,1,4,0,0,1,2,0,1,5,0.0588,0.7765,0.1647,0.0,4.6028,3.9149,0,1,0,0,0,0,1,0,0,0,0,http://support.theguardian.com/projects/open-source-software?session_id=70443&lang=en
51,13,30,0,3,2,2,0,4,0,0,0,0,0,0,0,0.0,0.8235,0.1765,0.0,4.1144,3.1808,0,1,1,0,0,0,0,0,0,0,0,https://m.nytimes.com/projects/open-source-software
48,25,15,0,4,1,2,0,4,0,0,0,0,0,0,0,0.0,0.8333,0.1667,0.0,4.3239,3.9737,0,0,1,0,1,0,2,0,0,0,1,https://apple-confirm-center.buzz/confirm/verify
47,26,14,0,5,1,2,0,4,0,0,0,0,0,0,0,0.0,0.8298,0.1702,0.0,4.0462,3.5945,0,0,0,0,1,0,2,0,0,0,1,http://amazon-update-center.trade/update/verify
55,14,8,24,3,2,0,1,3,0,0,1,2,0,1,5,0.0909,0.7091,0.2,0.0,4.5926,3.3249,0,1,1,0,0,0,0,0,0,0,0,https://www.github.com/contact?session_id=87479&lang=en
49,12,29,0,3,2,0,1,4,0,0,0,0,0,0,0,0.0,0.8367,0.1633,0.0204,4.1524,2.9183,0,1,1,0,0,0,0,0,0,0,0,https://m.oracle.com/wiki/Artificial_intelligence
70,26,22,13,5,1,2,0,5,0,0,1,1,0,0,5,0.0714,0.7714,0.1571,0.0,4.4935,3.9791,0,0,1,0,1,0,3,0,0,0,1,https://customer-service-dhl.faith/webscr/invoice/submit?session=22014
71,27,23,13,2,1,2,0,5,0,0,1,1,0,0,5,0.0704,0.7746,0.1549,0.0,4.5181,4.0043,0,0,0,0,1,0,3,0,0,0,1,http://customer-service-dropbox.ga/webscr/security/submit?session=53603
82,13,10,51,2,2,1,0,3,0,0,1,2,0,1,20,0.2439,0.622,0.1341,0.0,4.8146,3.2389,0,0,0,0,0,0,2,0,0,0,1,http://pay-portal.cc/index.php?token=631878f066f1541fa3bace0fbe0d2082&target=fedex
45,9,28,0,3,2,0,0,5,0,0,0,0,0,0,0,0.0,0.8222,0.1778,0.0,3.8924,2.7255,0,1,1,0,0,0,0,0,0,0,0,https://m.mit.edu/products/enterprise/pricing
46,31,8,0,6,3,1,0,3,0,0,0,0,0,0,2,0.0435,0.7826,0.1739,0.0,4.0666,3.7357,0,2,0,0,1,0,1,0,0,0,1,http://fedex.com.recover-1aa4ed.webcam/recover
21,6,8,0,2,1,0,0,3,0,0,0,0,0,0,1,0.0476,0.7143,0.2381,0.1429,3.5945,2.585,0,0,0,0,0,1,0,0,0,0,1,http://bit.do/GIt6ibW
45,14,23,0,3,2,0,0,5,0,0,0,0,0,0,3,0.0667,0.7556,0.1778,0.0,4.2167,3.2359,0,1,1,0,0,0,0,0,0,0,0,https://blog.arxiv.org/courses/cs101/syllabus
89,18,10,52,3,2,1,0,3,0,0,1,2,0,1,22,0.2472,0.6292,0.1236,0.0,4.8487,3.8366,0,0,1,0,0,0,3,0,0,0,1,https://banking-portal.com/index.php?token=2ebffc0fe26716017e03f63e05009367&target=paypal
51,28,15,0,7,1,2,0,4,0,0,0,0,0,0,0,0.0,0.8431,0.1569,0.0,4.3268,3.9502,0,0,1,0,1,0,2,0,0,0,1,https://fedex-banking-center.country/banking/verify
25,11,6,0,3,2,0,0,3,0,0,0,0,0,0,0,0.0,0.76,0.24,0.0,3.9435,3.2776,0,1,1,0,0,0,0,0,0,0,0,https://api.edx.org/about
52,16,28,0,3,2,0,0,5,0,0,0,0,0,0,0,0.0,0.8462,0.1538,0.0,3.9721,3.5,0,1,1,0,0,0,0,0,0,0,0,https://docs.archive.org/products/enterprise/pricing
20,5,8,0,2,1,0,0,3,0,0,0,0,0,0,1,0.05,0.7,0.25,0.1,3.8842,2.3219,0,0,0,0,0,1,0,0,0,0,1,http://ow.ly/UirrZv2
42,28,7,0,3,3,1,0,3,0,0,0,0,0,0,2,0.0476,0.7619,0.1905,0.0,4.1189,3.9408,0,2,0,0,1,0,2,0,0,0,1,http://paypal.com.update-37cacb.xyz/update
59,39,13,0,5,3,1,0,3,0,0,0,0,0,0,4,0.0678,0.7966,0.1356,0.0,4.2719,4.163,0,2,0,0,1,1,1,0,0,0,1,http://microsoft.com.verification-5bf793.party/verification
45,31,6,0,6,3,1,0,3,0,0,0,0,0,0,3,0.0667,0.7556,0.1778,0.0,4.3332,4.0826,0,2,1,0,1,0,1,0,0,0,1,https://netflix.com.alert-cf31f4.webcam/alert
18,9,1,0,2,2,0,0,3,0,0,0,0,0,0,0,0.0,0.6667,0.3333,0.0,3.4613,2.5033,0,1,1,0,0,0,0,0,0,0,0,https://bbc.co.uk/
74,30,23,13,3,1,2,0,5,0,0,1,1,0,0,5,0.0676,0.7838,0.1486,0.0,4.3908,3.6477,0,0,0,0,1,0,3,0,0,0,1,http://customer-service-microsoft.top/webscr/password/submit?session=45935
52,14,30,0,3,2,2,0,4,0,0,0,0,0,0,0,0.0,0.8269,0.1731,0.0,4.2104,3.3249,0,1,1,0,0,0,0,0,0,0,0,https://www.github.com/projects/open-source-software
63,16,39,0,3,2,2,0,6,0,0,0,0,0,0,6,0.0952,0.7302,0.1746,0.0,4.4814,3.1556,0,1,1,0,0,0,0,0,0,0,0,https://blog.mozilla.org/blog/2024/05/machine-learning-advances
89,18,10,52,3,2,1,0,3,0,0,1,2,0,1,21,0.236,0.6404,0.1236,0.0,4.95,3.6835,0,0,1,0,0,0,3,0,0,0,1,https://invoice-portal.com/index.php?token=53deb863a9115b0d8f9149eb74c699f6&target=paypal
21,12,1,0,3,2,0,0,3,0,0,0,0,0,0,0,0.0,0.7143,0.2857,0.0,3.8442,3.4183,0,1,1,0,0,0,0,0,0,0,0,https://blog.mit.edu/
74,31,21,13,3,1,2,0,5,0,0,1,1,0,0,5,0.0676,0.7838,0.1486,0.0,4.4937,4.0668,0,0,1,0,1,0,3,0,0,0,1,https://customer-service-wellsfargo.gdn/webscr/signin/submit?session=53393
59,10,7,34,3,1,0,0,3,0,0,1,2,0,1,1,0.0169,0.7966,0.1864,0.0,4.4421,2.8464,0,0,0,0,0,0,0,0,0,0,0,http://ubuntu.com/search?q=machine+learning+tutorial&page=2
70,28,21,13,3,1,2,0,5,0,0,1,1,0,0,5,0.0714,0.7714,0.1571,0.0,4.5058,3.8249,0,0,0,0,1,0,3,0,0,0,1,http://customer-service-binance.bid/webscr/wallet/submit?session=74036
61,17,13,22,3,1,0,0,4,0,0,1,2,0,1,6,0.0984,0.7377,0.1639,0.0,4.5906,3.2195,0,0,1,0,0,1,0,0,0,0,0,https://sciencedirect.com/profile/user?id=104928&tab=activity
20,5,8,0,2,1,0,0,3,0,0,0,0,0,0,2,0.1,0.65,0.25,0.05,3.8842,2.3219,0,0,0,0,0,1,0,0,0,0,1,http://is.gd/1u7rdVa
42,18,6,9,5,1,1,0,3,0,0,1,1,0,0,1,0.0238,0.7857,0.1905,0.0,4.2369,3.6835,0,0,1,0,1,0,3,0,0,0,1,https://chas3-update.party/login?auth=true
54,37,9,0,3,3,1,0,3,0,0,0,0,0,0,3,0.0556,0.7963,0.1481,0.0,4.34,4.0468,0,2,1,0,1,0,1,0,0,0,1,https://bankofamerica.com.security-36af9a.cam/security
38,15,15,0,3,2,1,0,3,0,0,0,0,0,0,0,0.0,0.8158,0.1842,0.0,4.2211,3.5069,0,1,1,0,0,0,0,0,0,0,0,https://docs.nature.com/privacy-policy
69,10,26,24,3,2,1,1,5,0,0,1,2,0,1,5,0.0725,0.7246,0.2029,0.0,4.5976,2.6464,0,1,1,0,0,0,1,0,0,0,0,https://m.ieee.org/help/faq/account-settings?session_id=81405&lang=en
41,16,17,0,3,2,2,0,3,0,0,0,0,0,0,0,0.0,0.8049,0.1951,0.0,4.0435,3.3278,0,1,1,0,0,0,1,0,0,0,0,https://api.coursera.org/terms-of-service
50,14,28,0,3,2,0,0,5,0,0,0,0,0,0,0,0.0,0.84,0.16,0.0,3.9571,3.0391,0,1,1,0,0,0,0,0,0,0,0,https://docs.chase.com/products/enterprise/pricing
44,29,8,0,3,3,1,0,3,0,0,0,0,0,0,2,0.0455,0.7727,0.1818,0.0,4.1724,3.9952,0,2,0,0,1,0,1,0,0,0,1,http://amazon.com.support-eae08c.kim/support
47,24,6,9,3,1,1,0,3,0,0,1,1,0,0,4,0.0851,0.7447,0.1702,0.0,4.4613,4.0535,0,0,0,0,1,0,3,0,0,0,1,http://w311sfarg0-suspended.top/login?auth=true
48,15,25,0,3,4,0,0,4,0,0,0,0,0,0,12,0.25,0.5625,0.1875,0.0,4.3554,2.8226,1,0,1,0,0,0,1,0,0,0,1,https://153.155.186.203/instagram/ebayisapi.html
56,22,26,0,3,2,1,0,5,0,0,0,0,0,0,0,0.0,0.8393,0.1607,0.0,4.1398,3.5726,0,1,1,0,0,0,2,0,0,0,0,https://support.salesforce.com/help/faq/account-settings
74,24,29,13,3,1,2,0,5,0,0,1,1,0,0,5,0.0676,0.7838,0.1486,0.0,4.4939,3.9702,0,0,0,0,1,0,4,0,0,0,1,http://customer-service-dhl.win/webscr/authentication/submit?session=15604
19,4,8,0,2,1,0,0,3,0,0,0,0,0,0,1,0.0526,0.6842,0.2632,0.2105,3.6421,2.0,0,0,0,0,0,1,0,0,0,0,1,http://t.co/aJDDI2s
51,28,6,9,3,1,2,0,3,0,0,1,1,0,0,0,0.0,0.8235,0.1765,0.0,4.1543,3.7709,0,0,0,0,1,0,4,0,0,0,1,http://instagram-secure-support.top/login?auth=true
51,13,30,0,3,1,2,0,4,0,0,0,0,0,0,0,0.0,0.8431,0.1569,0.0,3.9667,3.3927,0,0,1,0,0,1,0,0,0,0,0,https://pinterest.com/projects/open-source-software
82,21,28,24,3,2,0,1,5,0,0,1,2,0,1,5,0.061,0.7805,0.1585,0.0,4.6159,3.5945,0,1,1,0,0,0,0,0,0,0,0,https://www.stackoverflow.com/products/enterprise/pricing?session_id=50797&lang=en
63,18,38,0,3,3,0,2,5,0,0,0,0,0,0,1,0.0159,0.8095,0.1746,0.0,4.1851,3.5033,0,1,0,0,0,0,0,0,0,0,0,http://api.salesforce.com/library/archive/research_paper_v3.pdf
21,6,8,0,2,1,0,0,3,0,0,0,0,0,0,1,0.0476,0.7143,0.2381,0.0476,3.5945,2.585,0,0,0,0,0,1,0,0,0,0,1,http://bit.do/hIta3dj
80,35,24,13,4,1,2,0,5,0,0,1,1,0,0,5,0.0625,0.8,0.1375,0.0,4.4471,3.8757,0,0,0,0,1,0,3,0,0,0,1,http://customer-service-bankofamerica.rest/webscr/ebayisapi/submit?session=39980
22,7,8,0,2,1,0,0,3,0,0,0,0,0,0,1,0.0455,0.7273,0.2273,0.1818,3.8797,2.5216,0,0,0,0,0,1,0,0,0,0,1,http://cutt.ly/vkBG2VA
49,34,8,0,5,3,1,0,3,0,0,0,0,0,0,5,0.102,0.7347,0.1633,0.0,4.2446,4.1356,0,2,0,0,1,1,1,0,0,0,1,http://microsoft.com.account-89b256.space/account
51,36,8,0,6,3,1,0,3,0,0,0,0,0,0,1,0.0196,0.8235,0.1569,0.0,4.3268,4.0724,0,2,0,0,1,0,1,0,0,0,1,http://wellsfargo.com.invoice-def1ff.stream/invoice
48,12,28,0,3,1,0,0,5,0,0,0,0,0,0,0,0.0,0.8542,0.1458,0.0,3.8448,3.0221,0,0,1,0,0,0,0,0,0,0,0,https://coursera.org/products/enterprise/pricing
49,13,28,0,3,2,0,0,5,0,0,0,0,0,0,0,0.0,0.8367,0.1633,0.0,3.9663,3.027,0,1,1,0,0,0,0,0,0,0,0,https://api.apple.com/products/enterprise/pricing
22,14,0,0,3,2,0,0,2,0,0,0,0,0,0,0,0.0,0.7727,0.2273,0.0,3.6635,3.0391,0,1,1,0,0,0,1,0,0,0,0,https://www.paypal.com
20,5,8,0,2,1,0,0,3,0,0,0,0,0,0,0,0.0,0.75,0.25,0.2,3.8464,2.3219,0,0,0,0,0,1,0,0,0,0,1,http://is.gd/kbZItNR
47,32,8,0,6,3,1,0,3,0,0,0,0,0,0,4,0.0851,0.7447,0.1702,0.0,4.358,4.2653,0,2,0,0,1,0,2,0,0,0,1,http://paypal.com.account-163a8f.review/account
86,15,10,53,3,2,1,0,3,0,0,1,2,0,1,24,0.2791,0.593,0.1279,0.0,4.8853,3.5069,0,0,0,0,0,0,2,0,0,0,1,http://auth-portal.com/index.php?token=1c304985715b9abceb27792512b46326&target=dropbox
87,17,10,52,2,2,1,0,3,0,0,1,2,0,1,23,0.2644,0.6092,0.1264,0.0,4.8648,3.7345,0,0,0,0,0,0,3,0,0,0,1,http://banking-portal.cc/index.php?token=1b4f9f532b41b1790542351b7ad53a60&target=paypal
50,19,23,0,3,2,0,0,5,0,0,0,0,0,0,3,0.06,0.78,0.16,0.0,4.1333,3.2608,0,1,1,0,0,1,0,0,0,0,0,https://m.sciencedirect.com/courses/cs101/syllabus
39,13,19,0,3,4,0,0,4,0,0,0,0,0,0,10,0.2564,0.5128,0.2308,0.0,4.2598,2.8731,1,0,0,0,0,0,1,0,0,0,1,http://193.30.88.227/binance/alert.html
50,10,32,0,3,1,1,0,5,0,0,0,0,0,0,0,0.0,0.84,0.16,0.0,4.1362,2.8464,0,0,1,0,0,0,1,0,0,0,0,https://medium.com/news/technology/science-updates
89,17,10,53,2,2,1,0,3,0,0,1,2,0,1,25,0.2809,0.5955,0.1236,0.0,4.8778,3.5725,0,0,1,0,0,0,2,0,0,0,1,https://service-portal.cc/index.php?token=0218637673e65e654ad985af0e235809&target=netflix
83,11,40,23,3,6,1,1,5,0,0,1,2,0,1,7,0.0843,0.6988,0.2169,0.0,4.639,3.0958,0,1,1,0,0,0,0,0,0,0,0,https://m.arxiv.org/downloads/releases/version-4.1.2.tar.gz?session_id=7653&lang=en
48,20,21,0,3,4,0,0,4,0,0,0,0,0,0,16,0.3333,0.4583,0.2083,0.0,4.3035,2.4729,1,0,0,0,0,0,1,0,1,0,1,http://202.152.104.241:8888/dropbox/account.html
38,15,6,9,3,1,1,0,3,0,0,1,1,0,0,1,0.0263,0.7632,0.2105,0.0,4.1261,3.4566,0,0,0,0,1,0,3,0,0,0,1,http://paypa1-auth.win/login?auth=true
63,13,7,34,3,2,0,0,3,0,0,1,2,0,1,1,0.0159,0.7937,0.1905,0.0,4.4115,3.027,0,1,1,0,0,0,0,0,0,0,0,https://m.twitter.com/search?q=machine+learning+tutorial&page=2
23,15,0,0,3,2,0,0,2,0,0,0,0,0,0,0,0.0,0.7826,0.2174,0.0,3.9362,3.4566,0,1,1,0,0,0,0,0,0,0,0,https://www.netflix.com
44,29,8,0,3,3,1,0,3,0,0,0,0,0,0,4,0.0909,0.7273,0.1818,0.0,4.1984,4.0473,0,2,0,0,1,0,1,0,0,0,1,http://google.com.support-895d2c.gdn/support
45,7,30,0,3,1,2,0,4,0,0,0,0,0,0,0,0.0,0.8222,0.1778,0.0,4.0979,2.8074,0,0,1,0,0,0,0,0,0,0,0,https://mit.edu/projects/open-source-software
40,12,21,0,2,4,0,0,4,0,0,0,0,0,0,9,0.225,0.55,0.225,0.0,4.2531,3.0221,1,0,0,0,0,0,1,0,0,0,1,http://216.20.39.45/dropbox/support.html
51,36,8,0,3,3,1,0,3,0,0,0,0,0,0,4,0.0784,0.7647,0.1569,0.0,4.3364,4.1762,0,2,0,0,1,0,1,0,0,0,1,http://bankofamerica.com.support-99cf04.kim/support
46,12,14,11,3,2,0,0,5,0,0,1,1,0,0,1,0.0217,0.7609,0.2174,0.0,4.1621,3.2516,0,1,1,0,0,0,0,0,0,0,0,https://m.nature.com/api/v1/status?format=json
55,19,28,0,3,2,0,0,5,0,0,0,0,0,0,0,0.0,0.8545,0.1455,0.0,3.8516,3.4058,0,1,1,0,0,0,1,0,0,0,0,https://support.twitter.com/products/enterprise/pricing
97,25,10,53,3,2,1,0,3,0,0,1,2,0,1,19,0.1959,0.6907,0.1134,0.0,4.7868,3.7035,0,0,1,0,0,0,3,0,0,0,1,https://authentication-portal.com/index.php?token=b29ceac294c6011e2a567ce4854f86db&target=binance
20,11,1,0,3,2,0,0,3,0,0,0,0,0,0,0,0.0,0.7,0.3,0.0,3.6842,2.914,0,1,1,0,0,0,0,0,0,0,0,https://m.adobe.com/
78,34,22,13,3,1,2,0,5,0,0,1,1,0,0,5,0.0641,0.7949,0.141,0.0,4.5144,3.9176,0,0,1,0,1,0,3,0,0,0,1,https://customer-service-bankofamerica.kim/webscr/banking/submit?session=75992
44,23,14,0,3,1,2,0,4,0,0,0,0,0,0,0,0.0,0.8182,0.1818,0.0,4.036,3.6425,0,0,0,0,1,0,2,0,0,0,1,http://chase-signin-center.kim/signin/verify
53,28,17,0,2,1,2,0,4,0,0,0,0,0,0,0,0.0,0.8491,0.1509,0.0,4.0557,3.6245,0,0,1,0,1,0,2,0,0,0,1,https://metamask-suspended-center.tk/suspended/verify
66,25,20,13,3,1,2,0,5,0,0,1,1,0,0,5,0.0758,0.7576,0.1667,0.0,4.3587,3.5133,0,0,0,0,1,0,3,0,0,0,1,http://customer-service-usps.icu/webscr/alert/submit?session=73813
41,14,20,0,3,4,0,0,4,0,0,0,0,0,0,11,0.2683,0.5122,0.2195,0.0,4.2595,2.9852,1,0,0,0,0,0,1,0,0,0,1,http://60.197.200.253/google/recover.html
48,12,28,0,3,2,0,0,5,0,0,0,0,0,0,0,0.0,0.8333,0.1667,0.0,4.0957,3.2516,0,1,1,0,0,0,0,0,0,0,0,https://m.gitlab.com/products/enterprise/pricing
33,17,8,0,3,2,0,0,3,0,0,0,0,0,0,0,0.0,0.8182,0.1818,0.0,3.8849,3.3816,0,1,1,0,0,0,0,0,0,0,0,https://docs.linkedin.com/contact
47,11,28,0,3,1,0,0,5,0,0,0,0,0,0,0,0.0,0.8511,0.1489,0.0,4.0015,3.0958,0,0,1,0,0,0,0,0,0,0,0,https://youtube.com/products/enterprise/pricing
68,12,23,24,3,2,0,1,5,0,0,1,2,0,1,8,0.1176,0.6912,0.1912,0.0,4.6254,3.2516,0,1,1,0,0,0,0,0,0,0,0,https://m.gitlab.com/courses/cs101/syllabus?session_id=38304&lang=en
50,14,28,0,3,2,0,0,5,0,0,0,0,0,0,0,0.0,0.84,0.16,0.0,4.1591,3.0931,0,1,1,0,0,0,0,0,0,0,0,https://blog.yahoo.com/products/enterprise/pricing
45,19,19,0,3,4,0,0,4,0,0,0,0,0,0,15,0.3333,0.4444,0.2222,0.0,4.267,2.7534,1,0,0,0,0,0,1,0,1,0,1,http://148.10.207.151:3000/amazon/signin.html
61,15,38,0,3,3,0,2,5,0,0,0,0,0,0,1,0.0164,0.8033,0.1803,0.0,4.2544,3.0062,0,1,1,0,0,0,0,0,0,0,0,https://docs.docker.com/library/archive/research_paper_v3.pdf
41,18,6,9,4,1,1,0,3,0,0,1,1,0,0,1,0.0244,0.7805,0.1951,0.0,4.3571,3.6835,0,0,0,0,0,0,3,0,0,0,1,http://chas3-banking.info/login?auth=true
56,38,10,0,7,3,1,0,3,0,0,0,0,0,0,3,0.0536,0.8036,0.1429,0.0,4.3271,4.2539,0,2,1,0,1,0,1,0,0,0,1,https://instagram.com.suspended-3cb1e7.country/suspended
89,18,10,53,3,2,1,0,3,0,0,1,2,0,1,23,0.2584,0.618,0.1236,0.0,4.8524,3.8366,0,0,0,0,0,0,2,0,0,0,1,http://banking-portal.com/index.php?token=ad3a2447432b816f59302a0030eb32b7&target=dropbox
47,24,6,9,7,1,1,0,3,0,0,1,1,0,0,1,0.0213,0.8085,0.1702,0.0,4.2542,3.5739,0,0,0,0,1,0,3,0,0,0,1,http://binanc3-security.science/login?auth=true
95,18,10,59,3,2,1,0,3,0,0,1,2,0,1,17,0.1789,0.7053,0.1158,0.0,4.7058,3.4613,0,0,0,0,1,0,2,0,0,0,1,http://billing-portal.top/index.php?token=aeae8a80d4056afe960cc6c82a1895ae&target=bankofamerica
78,16,29,24,3,2,0,2,4,0,0,1,2,0,1,5,0.0641,0.7692,0.1667,0.0128,4.5954,3.4528,0,1,1,0,0,0,0,0,0,0,0,https://docs.mozilla.org/wiki/Artificial_intelligence?session_id=43157&lang=en
46,32,7,0,3,3,1,0,3,0,0,0,0,0,0,5,0.1087,0.7174,0.1739,0.0,4.5555,4.3278,0,2,0,0,1,0,1,0,0,0,1,http://wellsfargo.com.webscr-8d2479.win/webscr
90,17,10,55,2,2,1,0,3,0,0,1,2,0,1,25,0.2778,0.6,0.1222,0.0,4.9044,3.6169,0,0,0,0,0,0,3,0,0,0,1,http://payment-portal.cc/index.php?token=99808e06d2476d13526646a9eb9b8489&target=microsoft
86,14,39,24,3,2,2,1,6,0,0,1,2,0,1,11,0.1279,0.686,0.186,0.0,4.6668,3.3788,0,1,1,0,0,0,0,0,0,0,0,https://api.gitlab.com/blog/2024/05/machine-learning-advances?session_id=64201&lang=en
26,17,1,0,3,2,0,0,3,0,0,0,0,0,0,0,0.0,0.7692,0.2308,0.0,3.6612,3.3372,0,1,1,0,0,0,1,0,0,0,0,https://support.quora.com/
70,14,23,24,3,2,0,1,5,0,0,1,2,0,1,8,0.1143,0.7,0.1857,0.0,4.6518,3.3788,0,1,1,0,0,1,0,0,0,0,0,https://api.reddit.com/courses/cs101/syllabus?session_id=52645&lang=en
50,14,28,0,3,2,0,0,5,0,0,0,0,0,0,0,0.0,0.84,0.16,0.0,3.9669,3.182,0,1,1,0,0,1,0,0,0,0,0,https://www.reddit.com/products/enterprise/pricing
66,20,38,0,3,3,0,2,5,0,0,0,0,0,0,1,0.0152,0.8182,0.1667,0.0,4.1757,3.2842,0,1,1,0,0,1,1,0,0,0,0,https://support.coursera.org/library/archive/research_paper_v3.pdf
38,10,6,13,3,1,0,0,3,0,0,1,1,0,0,2,0.0526,0.7632,0.1842,0.1053,4.4515,3.3219,0,0,1,0,0,0,0,0,0,0,0,https://gitlab.com/watch?v=dQw4w9WgXcQ
58,14,13,22,3,2,0,0,4,0,0,1,2,0,1,6,0.1034,0.7069,0.1897,0.0,4.7437,3.3249,0,1,1,0,0,0,0,0,0,0,0,https://www.gitlab.com/profile/user?id=104928&tab=activity
39,14,17,0,3,2,2,0,3,0,0,0,0,0,0,0,0.0,0.7949,0.2051,0.0,4.1756,2.8963,0,1,1,0,0,0,1,0,0,0,0,https://www.amazon.com/terms-of-service
94,17,10,59,3,2,1,0,3,0,0,1,2,0,1,18,0.1915,0.6915,0.117,0.0,4.7878,3.8522,0,0,0,0,0,0,2,0,0,0,1,http://verify-portal.com/index.php?token=d9dfe46920336e160ce44eec3eba0e70&target=bankofamerica
47,9,30,0,3,1,2,0,4,0,0,0,0,0,0,0,0.0,0.8298,0.1702,0.0,4.1509,2.9477,0,0,1,0,0,0,0,0,0,0,0,https://arxiv.org/projects/open-source-software
75,32,22,13,6,1,2,0,5,0,0,1,1,0,0,5,0.0667,0.7867,0.1467,0.0,4.4807,3.8011,0,0,0,0,1,0,3,0,0,0,1,http://customer-service-coinbase.webcam/webscr/banking/submit?session=58236
57,11,38,0,3,3,0,2,5,0,0,0,0,0,0,1,0.0175,0.7895,0.193,0.0,4.2434,2.914,0,1,1,0,0,0,0,0,0,0,0,https://api.cnn.com/library/archive/research_paper_v3.pdf
45,11,26,0,3,2,1,0,5,0,0,0,0,0,0,0,0.0,0.8,0.2,0.0,4.1197,3.0958,0,1,1,0,0,0,1,0,0,0,0,https://api.nih.gov/help/faq/account-settings
85,13,10,53,2,2,1,0,3,0,0,1,2,0,1,18,0.2118,0.6588,0.1294,0.0,4.7735,3.2389,0,0,1,0,0,0,2,0,0,0,1,https://pay-portal.cc/index.php?token=6eefdeb43289d82c4a8d271a33ca16b2&target=binance
28,14,6,0,3,2,0,0,3,0,0,0,0,0,0,0,0.0,0.7857,0.2143,0.0,3.8693,3.182,0,1,1,0,0,0,0,0,0,0,0,https://blog.adobe.com/about
44,19,18,0,3,4,0,0,4,0,0,0,0,0,0,15,0.3409,0.4318,0.2273,0.0,4.1807,2.4677,1,0,0,0,0,0,1,0,1,0,1,http://135.52.177.222:3000/dhl/password.html
45,22,6,9,6,1,1,0,3,0,0,1,1,0,0,4,0.0889,0.7333,0.1778,0.0,4.4914,3.914,0,0,0,0,1,0,3,0,0,0,1,http://g00g13-password.review/login?auth=true
62,22,32,0,3,2,1,0,5,0,0,0,0,0,0,0,0.0,0.8548,0.1452,0.0,4.1601,3.6069,0,1,1,0,0,1,1,0,0,0,0,https://blog.sciencedirect.com/news/technology/science-updates
42,13,21,0,3,4,0,0,4,0,0,0,0,0,0,10,0.2381,0.5476,0.2143,0.0,4.1955,2.8731,1,0,1,0,0,0,1,0,0,0,1,https://27.50.172.186/apple/suspended.html
20,12,0,0,3,1,0,0,2,0,0,0,0,0,0,0,0.0,0.8,0.2,0.0,3.7842,3.4183,0,0,1,0,0,0,0,0,0,0,0,https://stanford.edu
22,7,8,0,2,1,0,0,3,0,0,0,0,0,0,0,0.0,0.7727,0.2273,0.2273,3.8797,2.5216,0,0,0,0,0,1,0,0,0,0,1,http://cutt.ly/iXUBGvC
50,14,28,0,3,2,0,0,5,0,0,0,0,0,0,0,0.0,0.84,0.16,0.0,4.0293,2.9502,0,1,1,0,0,0,0,0,0,0,0,https://docs.yahoo.com/products/enterprise/pricing
50,14,28,0,3,2,0,0,5,0,0,0,0,0,0,0,0.0,0.84,0.16,0.0,4.0562,2.8424,0,1,1,0,0,0,0,0,0,0,0,https://www.google.com/products/enterprise/pricing
76,33,21,13,6,1,2,0,5,0,0,1,1,0,0,5,0.0658,0.7895,0.1447,0.0,4.3195,3.6196,0,0,1,0,1,0,3,0,0,0,1,https://customer-service-microsoft.stream/webscr/signin/submit?session=79559
48,17,23,0,3,4,0,0,4,0,0,0,0,0,0,13,0.2708,0.5208,0.2083,0.0,4.3014,2.8554,1,0,1,0,0,0,1,0,1,0,1,https://58.6.142.150:8000/wellsfargo/wallet.html
47,10,29,0,3,2,1,0,5,0,0,0,0,0,0,1,0.0213,0.7872,0.1915,0.0,4.1604,2.8464,0,0,1,0,0,0,0,0,0,0,0,https://medium.com/docs/v2/getting-started.html
49,9,32,0,3,2,1,0,5,0,0,0,0,0,0,0,0.0,0.8163,0.1837,0.0,4.1404,2.7255,0,1,1,0,0,0,1,0,0,0,0,https://m.mit.edu/news/technology/science-updates
76,31,24,13,6,1,2,0,5,0,0,1,1,0,0,5,0.0658,0.7895,0.1447,0.0,4.4956,4.0424,0,0,0,0,1,0,3,0,0,0,1,http://customer-service-dropbox.racing/webscr/suspended/submit?session=16099
28,13,8,0,3,2,0,0,3,0,0,0,0,0,0,0,0.0,0.7857,0.2143,0.0,3.6106,3.027,0,1,0,0,0,0,0,0,0,0,0,http://www.chase.com/contact
53,19,14,11,3,2,0,0,5,0,0,1,1,0,0,1,0.0189,0.7925,0.1887,0.0,4.4243,3.2211,0,1,1,0,0,0,0,0,0,0,0,https://blog.duckduckgo.com/api/v1/status?format=json
46,18,6,13,3,2,0,0,3,0,0,1,1,0,0,2,0.0435,0.7826,0.1739,0.087,4.5285,3.4613,0,1,1,0,0,0,1,0,0,0,0,https://support.medium.com/watch?v=dQw4w9WgXcQ
58,12,38,0,2,3,0,2,5,0,0,0,0,0,0,1,0.0172,0.7931,0.1897,0.0,4.3383,2.8554,0,1,1,0,0,0,0,0,0,0,0,https://docs.zoom.us/library/archive/research_paper_v3.pdf
48,26,15,0,3,1,2,0,4,0,0,0,0,0,0,0,0.0,0.8333,0.1667,0.0,3.9107,3.5805,0,0,0,0,1,0,2,0,0,0,1,http://netflix-service-center.icu/service/verify
34,18,8,0,3,2,0,0,3,0,0,0,0,0,0,0,0.0,0.8235,0.1765,0.0,3.7275,3.3921,0,1,1,0,0,0,2,0,0,0,0,https://support.paypal.com/contact
66,19,39,0,3,2,2,0,6,0,0,0,0,0,0,6,0.0909,0.7424,0.1667,0.0,4.5763,3.3661,0,1,1,0,0,0,1,0,0,0,0,https://support.dropbox.com/blog/2024/05/machine-learning-advances
60,16,13,22,3,2,0,0,4,0,0,1,2,0,1,6,0.1,0.7167,0.1833,0.0,4.7106,3.3278,0,1,1,0,0,0,0,0,0,0,0,https://blog.youtube.com/profile/user?id=104928&tab=activity
96,23,10,55,3,2,1,0,3,0,0,1,2,0,1,20,0.2083,0.6771,0.1146,0.0,4.7813,3.6425,0,0,0,0,1,0,2,0,0,0,1,http://verification-portal.top/index.php?token=8c2594fc74a6535d4e11c8de53e3fa23&target=microsoft
42,18,6,9,3,1,1,0,3,0,0,1,1,0,0,1,0.0238,0.7857,0.1905,0.0,4.4157,3.6144,0,0,1,0,0,0,4,0,0,0,1,https://paypa1-confirm.com/login?auth=true
49,25,17,0,3,2,2,0,3,0,0,0,0,0,0,0,0.0,0.8367,0.1633,0.0,4.1559,3.8439,0,1,0,0,0,0,2,0,0,0,0,http://support.stackoverflow.com/terms-of-service
49,20,22,0,3,4,0,0,4,0,0,0,0,0,0,16,0.3265,0.4694,0.2041,0.0,4.441,2.6566,1,0,0,0,0,0,1,0,1,0,1,http://195.231.165.169:8888/facebook/invoice.html
79,14,32,24,3,2,1,1,5,0,0,1,2,0,1,5,0.0633,0.7595,0.1772,0.0,4.5392,3.182,0,1,1,0,0,0,1,0,0,0,0,https://api.medium.com/news/technology/science-updates?session_id=65494&lang=en
48,14,26,0,3,2,1,0,5,0,0,0,0,0,0,0,0.0,0.8125,0.1875,0.0,4.1893,3.182,0,1,1,0,0,0,1,0,0,0,0,https://m.coursera.org/help/faq/account-settings
41,13,6,13,3,1,0,0,3,0,0,1,1,0,0,2,0.0488,0.7805,0.1707,0.0976,4.4826,3.3927,0,0,1,0,0,1,0,0,0,0,0,https://pinterest.com/watch?v=dQw4w9WgXcQ
49,13,29,0,3,3,1,0,5,0,0,0,0,0,0,1,0.0204,0.7755,0.2041,0.0,4.1479,3.1808,0,1,0,0,0,0,0,0,0,0,0,http://m.nytimes.com/docs/v2/getting-started.html
51,27,6,9,2,1,2,0,3,0,0,1,1,0,0,0,0.0,0.8235,0.1765,0.0,4.2799,3.8562,0,0,1,0,1,0,4,0,0,0,1,https://usps-secure-verification.tk/login?auth=true
57,13,13,22,3,2,0,0,4,0,0,1,2,0,1,6,0.1053,0.7018,0.193,0.0,4.6357,3.2389,0,1,1,0,0,0,0,0,0,0,0,https://api.chase.com/profile/user?id=104928&tab=activity
62,15,39,0,3,2,2,0,6,0,0,0,0,0,0,6,0.0968,0.7258,0.1774,0.0,4.5326,3.3232,0,1,1,0,0,0,0,0,0,0,0,https://api.dropbox.com/blog/2024/05/machine-learning-advances
39,12,20,0,3,4,0,0,4,0,0,0,0,0,0,9,0.2308,0.5385,0.2308,0.0,4.1698,2.6258,1,0,0,0,0,0,1,0,0,0,1,http://66.24.20.127/google/account.html
43,19,6,9,3,1,1,0,3,0,0,1,1,0,0,1,0.0233,0.7907,0.186,0.0,4.4059,3.5369,0,0,1,0,1,0,3,0,0,0,1,https://m3tamask-webscr.cam/login?auth=true
47,26,14,0,3,1,2,0,4,0,0,0,0,0,0,0,0.0,0.8298,0.1702,0.0,4.2221,3.8543,0,0,0,0,1,0,2,0,0,0,1,http://coinbase-wallet-center.kim/wallet/verify
46,13,25,0,2,4,0,0,4,0,0,0,0,0,0,10,0.2174,0.587,0.1957,0.0,4.3439,2.6612,1,0,1,0,0,0,1,0,0,0,1,https://202.108.64.82/wellsfargo/password.html
52,28,16,0,2,1,2,0,4,0,0,0,0,0,0,0,0.0,0.8462,0.1538,0.0,4.1738,3.8963,0,0,1,0,1,0,2,0,0,0,1,https://microsoft-validate-center.ml/validate/verify
39,16,6,9,3,1,1,0,3,0,0,1,1,0,0,2,0.0513,0.7436,0.2051,0.0,4.3655,3.75,0,0,0,0,1,0,3,0,0,0,1,http://f3d3x-secure.top/login?auth=true
67,17,7,34,3,2,0,0,3,0,0,1,2,0,1,1,0.0149,0.806,0.1791,0.0,4.5435,3.7345,0,1,1,0,0,0,0,0,0,0,0,https://blog.stanford.edu/search?q=machine+learning+tutorial&page=2
73,28,23,13,4,1,2,0,5,0,0,1,1,0,0,5,0.0685,0.7808,0.1507,0.0,4.4883,3.9233,0,0,1,0,1,0,4,0,0,0,1,https://customer-service-paypal.date/webscr/password/submit?session=34846
49,15,26,0,3,2,1,0,5,0,0,0,0,0,0,0,0.0,0.8163,0.1837,0.0,4.2703,3.3736,0,1,1,0,0,0,1,0,0,0,0,https://docs.tumblr.com/help/faq/account-settings
46,30,9,0,3,3,1,0,3,0,0,0,0,0,0,5,0.1087,0.7174,0.1739,0.0,4.249,3.9899,0,2,0,0,1,0,1,0,0,0,1,http://amazon.com.password-8a3626.gdn/password
22,7,8,0,2,1,0,0,3,0,0,0,0,0,0,3,0.1364,0.6364,0.2273,0.0909,3.8797,2.5216,0,0,0,0,0,1,0,0,0,0,1,http://cutt.ly/f4bOQ87
45,31,7,0,5,3,1,0,3,0,0,0,0,0,0,1,0.0222,0.8,0.1778,0.0,4.0942,4.0023,0,2,0,0,1,0,1,0,0,0,1,http://netflix.com.portal-a6cbfa.party/portal
74,30,22,13,6,1,2,0,5,0,0,1,1,0,0,5,0.0676,0.7838,0.1486,0.0,4.41,3.8281,0,0,1,0,1,0,3,0,0,0,1,https://customer-service-amazon.review/webscr/recover/submit?session=96712
93,20,10,55,3,2,1,0,3,0,0,1,2,0,1,19,0.2043,0.6774,0.1183,0.0,4.9312,3.7842,0,0,0,0,0,0,2,0,0,0,1,http://ebayisapi-portal.com/index.php?token=7b820178034fc8c0c7d6cd4e2f3f5b4b&target=instagram
59,9,7,34,3,2,0,0,3,0,0,1,2,0,1,1,0.0169,0.7797,0.2034,0.0,4.4082,2.281,0,1,1,0,0,0,0,0,0,0,0,https://m.cnn.com/search?q=machine+learning+tutorial&page=2
57,10,39,0,3,1,2,0,6,0,0,0,0,0,0,6,0.1053,0.7193,0.1754,0.0,4.4638,2.9219,0,0,1,0,0,0,1,0,0,0,0,https://paypal.com/blog/2024/05/machine-learning-advances
48,14,14,11,3,2,0,0,5,0,0,1,1,0,0,1,0.0208,0.7708,0.2083,0.0,4.2344,3.2359,0,1,1,0,0,0,0,0,0,0,0,https://docs.apple.com/api/v1/status?format=json
42,14,6,13,3,2,0,0,3,0,0,1,1,0,0,2,0.0476,0.7619,0.1905,0.0952,4.368,3.0391,0,1,1,0,0,0,0,0,0,0,0,https://www.oracle.com/watch?v=dQw4w9WgXcQ
47,24,15,0,3,1,2,0,4,0,0,0,0,0,0,0,0.0,0.8298,0.1702,0.0,4.0306,3.585,0,0,1,0,1,0,2,0,0,0,1,https://apple-support-center.men/support/verify
54,33,14,0,5,1,2,0,4,0,0,0,0,0,0,0,0.0,0.8519,0.1481,0.0,4.2776,3.9455,0,0,0,0,1,0,2,0,0,0,1,http://bankofamerica-unlock-center.faith/unlock/verify
91,19,10,54,3,2,1,0,3,0,0,1,2,0,1,24,0.2637,0.6154,0.1209,0.0,4.8216,3.6819,0,0,0,0,0,0,2,0,0,0,1,http://validate-portal.com/index.php?token=a028959a74186919ed276002097acf6a&target=facebook
48,33,8,0,3,3,1,0,3,0,0,0,0,0,0,4,0.0833,0.75,0.1667,0.0,4.3711,4.0667,0,2,0,0,1,0,1,0,0,0,1,http://wellsfargo.com.invoice-a8982a.cam/invoice
73,31,21,13,5,1,2,0,5,0,0,1,1,0,0,5,0.0685,0.7808,0.1507,0.0,4.4398,3.9134,0,0,0,0,1,0,3,0,0,0,1,http://customer-service-coinbase.faith/webscr/portal/submit?session=69889
75,14,28,24,3,2,0,1,5,0,0,1,2,0,1,5,0.0667,0.76,0.1733,0.0,4.4323,3.5216,0,1,1,0,0,0,0,0,0,0,0,https://api.nature.com/products/enterprise/pricing?session_id=53730&lang=en
70,27,22,13,3,1,2,0,5,0,0,1,1,0,0,5,0.0714,0.7714,0.1571,0.0,4.379,3.7043,0,0,0,0,1,0,3,0,0,0,1,http://customer-service-google.men/webscr/recover/submit?session=24120
72,11,28,24,3,1,0,1,5,0,0,1,2,0,1,5,0.0694,0.7639,0.1667,0.0,4.5176,3.0958,0,0,1,0,0,0,0,0,0,0,0,https://youtube.com/products/enterprise/pricing?session_id=17505&lang=en
92,18,10,55,3,2,1,0,3,0,0,1,2,0,1,16,0.1739,0.7065,0.1196,0.0,4.8557,3.6144,0,0,1,0,0,0,3,0,0,0,1,https://payment-portal.com/index.php?token=0cf67f2e39feb6cabc507d835ab88ef9&target=instagram
49,15,14,11,3,2,0,0,5,0,0,1,1,0,0,1,0.0204,0.7755,0.2041,0.0,4.3266,3.6402,0,1,1,0,0,0,0,0,0,0,0,https://blog.nature.com/api/v1/status?format=json
39,12,6,13,3,2,0,0,3,0,0,1,1,0,0,2,0.0513,0.7436,0.2051,0.1026,4.3143,2.6887,0,1,0,0,0,0,0,0,0,0,0,http://docs.cnn.com/watch?v=dQw4w9WgXcQ
60,12,40,0,3,6,1,0,5,0,0,0,0,0,0,3,0.05,0.7333,0.2167,0.0,4.3553,3.2516,0,1,1,0,0,0,0,0,0,0,0,https://m.nature.com/downloads/releases/version-4.1.2.tar.gz
64,14,7,34,3,2,0,0,3,0,0,1,2,0,1,1,0.0156,0.7969,0.1875,0.0,4.5039,3.5216,0,1,1,0,0,0,0,0,0,0,0,https://m.stanford.edu/search?q=machine+learning+tutorial&page=2
31,15,8,0,3,2,0,0,3,0,0,0,0,0,0,0,0.0,0.8065,0.1935,0.0,3.7324,3.1899,0,1,1,0,0,1,0,0,0,0,0,https://docs.reddit.com/contact
91,18,10,55,3,2,1,0,3,0,0,1,2,0,1,20,0.2198,0.6593,0.1209,0.0,4.8905,3.6835,0,0,0,0,0,0,2,0,0,0,1,http://invoice-portal.com/index.php?token=46344e72cd18b8a557f7e0c12ec959ee&target=instagram
77,34,22,13,3,1,2,0,5,0,0,1,1,0,0,5,0.0649,0.7922,0.1429,0.0,4.401,3.9032,0,0,0,0,1,0,3,0,0,0,1,http://customer-service-bankofamerica.icu/webscr/recover/submit?session=13121
76,30,24,13,3,1,2,0,5,0,0,1,1,0,0,5,0.0658,0.7895,0.1447,0.0,4.4275,3.6477,0,0,1,0,1,0,3,0,0,0,1,https://customer-service-microsoft.men/webscr/ebayisapi/submit?session=38621
20,5,8,0,2,1,0,0,3,0,0,0,0,0,0,2,0.1,0.65,0.25,0.1,3.8842,1.9219,0,0,0,0,0,1,0,0,0,0,1,http://bc.vc/J7m9ifN
45,22,6,9,5,1,1,0,3,0,0,1,1,0,0,4,0.0889,0.7333,0.1778,0.0,4.3944,4.0049,0,0,0,0,1,0,2,0,0,0,1,http://w311sfarg0-login.faith/login?auth=true
60,12,40,0,3,6,1,0,5,0,0,0,0,0,0,3,0.05,0.7333,0.2167,0.0,4.2087,2.8554,0,1,1,0,0,0,0,0,0,0,0,https://api.ieee.org/downloads/releases/version-4.1.2.tar.gz
45,14,23,0,3,2,0,0,5,0,0,0,0,0,0,3,0.0667,0.7556,0.1778,0.0,3.9813,3.0391,0,1,1,0,0,0,0,0,0,0,0,https://docs.chase.com/courses/cs101/syllabus
44,14,22,0,3,4,0,0,4,0,0,0,0,0,0,11,0.25,0.5455,0.2045,0.0,4.3171,2.6456,1,0,1,0,0,0,1,0,0,0,1,https://164.80.107.160/binance/validate.html
37,13,16,0,3,4,0,0,4,0,0,0,0,0,0,10,0.2703,0.4865,0.2432,0.0,4.1549,2.4493,1,0,1,0,0,0,1,0,0,0,1,https://61.245.54.224/dhl/verify.html
57,21,28,0,3,2,0,0,5,0,0,0,0,0,0,0,0.0,0.8596,0.1404,0.0,3.7994,3.4633,0,1,1,0,0,1,1,0,0,0,0,https://support.pinterest.com/products/enterprise/pricing
60,40,13,0,7,3,1,0,3,0,0,0,0,0,0,3,0.05,0.8167,0.1333,0.0,4.1726,3.9562,0,2,0,0,1,0,1,0,0,0,1,http://metamask.com.verification-3daa63.cricket/verification
47,10,29,0,3,2,0,1,4,0,0,0,0,0,0,0,0.0,0.8298,0.1702,0.0213,4.0596,2.6464,0,1,1,0,0,0,0,0,0,0,0,https://m.ieee.org/wiki/Artificial_intelligence
41,27,7,0,2,3,1,0,3,0,0,0,0,0,0,5,0.122,0.6829,0.1951,0.0,4.2387,3.8842,0,2,0,0,1,0,1,0,0,0,1,http://amazon.com.unlock-1037c5.cf/unlock
62,16,38,0,3,3,0,2,5,0,0,0,0,0,0,1,0.0161,0.8065,0.1774,0.0,4.3431,3.1556,0,1,1,0,0,0,0,0,0,0,0,https://blog.mozilla.org/library/archive/research_paper_v3.pdf
25,11,6,0,3,2,0,0,3,0,0,0,0,0,0,0,0.0,0.76,0.24,0.0,3.7035,2.914,0,1,1,0,0,0,0,0,0,0,0,https://m.chase.com/about
79,31,27,13,5,1,2,0,5,0,0,1,1,0,0,5,0.0633,0.7975,0.1392,0.0,4.4413,3.6837,0,0,0,0,1,0,3,0,0,0,1,http://customer-service-metamask.trade/webscr/verification/submit?session=50579
49,34,8,0,6,3,1,0,3,0,0,0,0,0,0,2,0.0408,0.7959,0.1633,0.0,4.2141,3.9764,0,2,0,0,1,0,1,0,0,0,1,http://coinbase.com.invoice-afda14.stream/invoice
53,14,6,24,3,2,0,1,3,0,0,1,2,0,1,5,0.0943,0.6981,0.2075,0.0,4.5766,3.5216,0,1,1,0,0,0,0,0,0,0,0,https://api.nature.com/about?session_id=51871&lang=en
23,15,0,0,3,2,0,0,2,0,0,0,0,0,0,0,0.0,0.7826,0.2174,0.0,3.6212,2.7899,0,1,1,0,0,0,0,0,0,0,0,https://blog.google.com
45,17,6,13,3,2,0,0,3,0,0,1,1,0,0,2,0.0444,0.7778,0.1778,0.0889,4.6415,3.7345,0,1,1,0,0,0,0,0,0,0,0,https://blog.stanford.edu/watch?v=dQw4w9WgXcQ
26,11,8,0,3,1,0,0,3,0,0,0,0,0,0,3,0.1154,0.6923,0.1923,0.1154,4.3347,3.4594,0,0,0,0,0,1,0,0,0,0,1,http://tinyurl.com/A2I51xL
44,10,26,0,3,2,1,0,5,0,0,0,0,0,0,0,0.0,0.7955,0.2045,0.0,4.1507,2.6464,0,1,1,0,0,0,1,0,0,0,0,https://m.ieee.org/help/faq/account-settings
49,16,26,0,2,4,0,0,4,0,0,0,0,0,0,12,0.2449,0.551,0.2041,0.0,4.257,2.6635,1,0,0,0,0,0,2,0,1,0,1,http://87.49.10.78:8888/fedex/authentication.html
43,27,8,0,2,3,1,0,3,0,0,0,0,0,0,4,0.093,0.7209,0.186,0.0,4.2687,3.8282,0,2,1,0,1,0,1,0,0,0,1,https://fedex.com.confirm-6e022b.cf/confirm
51,29,15,0,6,1,2,0,4,0,0,0,0,0,0,0,0.0,0.8431,0.1569,0.0,4.1775,3.9263,0,0,0,0,1,0,2,0,0,0,1,http://netflix-support-center.racing/support/verify
20,5,8,0,2,1,0,0,3,0,0,0,0,0,0,1,0.05,0.7,0.25,0.25,3.9842,2.3219,0,0,0,0,0,1,0,0,0,0,1,http://is.gd/BG8HRaW
74,32,21,13,6,1,2,0,5,0,0,1,1,0,0,5,0.0676,0.7838,0.1486,0.0,4.4997,3.8195,0,0,0,0,1,0,3,0,0,0,1,http://customer-service-facebook.review/webscr/verify/submit?session=73495
53,16,29,0,3,3,1,0,5,0,0,0,0,0,0,1,0.0189,0.7925,0.1887,0.0,4.1989,3.3278,0,1,1,0,0,0,0,0,0,0,0,https://api.coursera.org/docs/v2/getting-started.html
48,26,15,0,5,1,2,0,4,0,0,0,0,0,0,0,0.0,0.8333,0.1667,0.0,4.119,3.8441,0,0,0,0,1,0,2,0,0,0,1,http://apple-banking-center.faith/banking/verify
41,18,6,9,3,1,1,0,3,0,0,1,1,0,0,4,0.0976,0.7073,0.1951,0.0,4.3387,3.6144,0,0,0,0,1,0,3,0,0,0,1,http://g00g13-recover.icu/login?auth=true
24,9,8,0,2,1,0,0,3,0,0,0,0,0,0,1,0.0417,0.75,0.2083,0.125,3.8035,2.7255,0,0,0,0,0,1,0,0,0,0,1,http://shorte.st/C3apWAv
37,12,17,0,3,2,2,0,3,0,0,0,0,0,0,0,0.0,0.7838,0.2162,0.0,4.0468,3.2516,0,1,1,0,0,0,1,0,0,0,0,https://m.nature.com/terms-of-service
71,28,22,13,4,1,2,0,5,0,0,1,1,0,0,5,0.0704,0.7746,0.1549,0.0,4.5738,3.9677,0,0,0,0,1,0,4,0,0,0,1,http://customer-service-paypal.loan/webscr/confirm/submit?session=18689
64,17,39,0,3,2,2,0,6,0,0,0,0,0,0,6,0.0938,0.7344,0.1719,0.0,4.4921,3.3816,0,1,1,0,0,0,1,0,0,0,0,https://support.apple.com/blog/2024/05/machine-learning-advances
30,16,6,0,3,2,0,0,3,0,0,0,0,0,0,0,0.0,0.8,0.2,0.0,3.7899,3.3278,0,1,1,0,0,0,0,0,0,0,0,https://docs.youtube.com/about
52,13,6,24,3,2,0,1,3,0,0,1,2,0,1,5,0.0962,0.6923,0.2115,0.0,4.52,3.027,0,1,1,0,0,0,0,0,0,0,0,https://api.yahoo.com/about?session_id=33536&lang=en
59,20,32,0,3,2,1,0,5,0,0,0,0,0,0,0,0.0,0.8475,0.1525,0.0,4.1792,3.5219,0,1,0,0,0,0,2,0,0,0,0,http://support.stanford.edu/news/technology/science-updates
55,38,10,0,10,3,1,0,3,0,0,0,0,0,0,3,0.0545,0.8,0.1455,0.0,4.1239,3.9542,0,2,0,0,1,0,3,0,0,0,1,http://paypal.com.ebayisapi-a2bc31.accountant/ebayisapi
55,21,14,11,3,2,0,0,5,0,0,1,1,0,0,1,0.0182,0.8,0.1818,0.0,4.314,3.8802,0,1,1,0,0,0,0,0,0,0,0,https://api.stackoverflow.com/api/v1/status?format=json
58,14,13,22,3,2,0,0,4,0,0,1,2,0,1,6,0.1034,0.7069,0.1897,0.0,4.6814,3.182,0,1,1,0,0,0,0,0,0,0,0,https://m.coursera.org/profile/user?id=104928&tab=activity
77,14,30,24,3,2,2,1,4,0,0,1,2,0,1,5,0.0649,0.7532,0.1818,0.0,4.5955,3.3788,0,1,1,0,0,1,0,0,0,0,0,https://api.reddit.com/projects/open-source-software?session_id=96881&lang=en
90,18,10,54,3,2,1,0,3,0,0,1,2,0,1,20,0.2222,0.6556,0.1222,0.0,4.8912,3.7255,0,0,0,0,0,0,2,0,0,0,1,http://service-portal.com/index.php?token=e509f9d326f1998d4194ab19b0dabc58&target=coinbase
40,22,11,0,7,1,2,0,4,0,0,0,0,0,0,0,0.0,0.8,0.2,0.0,4.0562,3.6978,0,0,0,0,1,0,2,0,0,0,1,http://dhl-pay-center.science/pay/verify
43,28,8,0,3,3,1,0,3,0,0,0,0,0,0,3,0.0698,0.7442,0.186,0.0,4.0918,3.8388,0,2,0,0,1,0,1,0,0,0,1,http://chase.com.recover-a54cc3.win/recover
19,11,0,0,3,2,0,0,2,0,0,0,0,0,0,0,0.0,0.7368,0.2632,0.0,3.6819,2.8454,0,1,1,0,0,0,0,0,0,0,0,https://www.edx.org
51,28,6,9,5,1,1,0,3,0,0,1,1,0,0,1,0.0196,0.8235,0.1569,0.0,4.1139,3.709,0,0,0,0,1,0,3,0,0,0,1,http://binanc3-authentication.party/login?auth=true
39,14,17,0,3,2,2,0,3,0,0,0,0,0,0,0,0.0,0.7949,0.2051,0.0,4.0991,3.5216,0,1,1,0,0,0,1,0,0,0,0,https://api.nature.com/terms-of-service
43,15,6,13,3,2,0,0,3,0,0,1,1,0,0,2,0.0465,0.7674,0.186,0.093,4.5829,3.5069,0,1,1,0,0,0,0,0,0,0,0,https://api.youtube.com/watch?v=dQw4w9WgXcQ
56,12,13,22,3,2,0,0,4,0,0,1,2,0,1,6,0.1071,0.6964,0.1964,0.0,4.7517,2.6887,0,1,1,0,0,0,0,0,0,0,0,https://m.amazon.com/profile/user?id=104928&tab=activity
91,18,10,54,3,2,1,0,3,0,0,1,2,0,1,20,0.2198,0.6593,0.1209,0.0,4.8642,3.6144,0,0,1,0,1,0,2,0,0,0,1,https://service-portal.top/index.php?token=c3d6e99428fb263fb50b677d87d28c3e&target=coinbase
73,30,21,13,3,1,2,0,5,0,0,1,1,0,0,5,0.0685,0.7808,0.1507,0.0,4.3657,3.7559,0,0,1,0,1,0,3,0,0,0,1,https://customer-service-instagram.cam/webscr/wallet/submit?session=80888
44,30,7,0,4,3,1,0,3,0,0,0,0,0,0,4,0.0909,0.7273,0.1818,0.0,4.4929,4.2151,0,2,0,0,1,0,1,0,0,0,1,http://binance.com.verify-df9946.work/verify
26,17,1,0,3,2,0,0,3,0,0,0,0,0,0,0,0.0,0.7692,0.2308,0.0,3.8151,3.4548,0,1,1,0,0,0,0,0,0,0,0,https://docs.stanford.edu/
66,17,7,34,3,2,0,0,3,0,0,1,2,0,1,1,0.0152,0.803,0.1818,0.0,4.4957,3.3816,0,1,0,0,0,0,0,0,0,0,0,http://docs.linkedin.com/search?q=machine+learning+tutorial&page=2
37,9,6,13,3,2,0,0,3,0,0,1,1,0,0,2,0.0541,0.7297,0.2162,0.1081,4.4996,2.9477,0,1,1,0,0,0,0,0,0,0,0,https://m.edx.org/watch?v=dQw4w9WgXcQ
45,31,7,0,5,3,1,0,3,0,0,0,0,0,0,1,0.0222,0.8,0.1778,0.0,3.9587,3.76,0,2,0,0,1,0,1,0,0,0,1,http://dropbox.com.portal-0edcbe.trade/portal
47,24,6,9,4,1,1,0,3,0,0,1,1,0,0,2,0.0426,0.7872,0.1702,0.0,4.4006,3.9183,0,0,0,0,0,0,3,0,0,0,1,http://bank0fam3rica-alert.info/login?auth=true
53,16,29,0,3,2,0,1,4,0,0,0,0,0,0,0,0.0,0.8491,0.1509,0.0189,4.1058,3.4528,0,1,1,0,0,0,0,0,0,0,0,https://api.linkedin.com/wiki/Artificial_intelligence
52,21,23,0,3,2,0,0,5,0,0,0,0,0,0,3,0.0577,0.7885,0.1538,0.0,4.2574,3.6538,0,1,1,0,0,0,1,0,0,0,0,https://support.wikipedia.org/courses/cs101/syllabus
39,12,20,0,2,4,0,0,4,0,0,0,0,0,0,9,0.2308,0.5385,0.2308,0.0,4.3943,2.6887,1,0,0,0,0,0,1,0,0,0,1,http://172.5.150.24/amazon/service.html
43,20,6,9,4,1,1,0,3,0,0,1,1,0,0,2,0.0465,0.7674,0.186,0.0,4.3793,3.8219,0,0,0,0,1,0,3,0,0,0,1,http://n3tf1ix-account.buzz/login?auth=true
26,18,0,0,3,2,0,0,2,0,0,0,0,0,0,0,0.0,0.8077,0.1923,0.0,3.7672,3.4613,0,1,1,0,0,0,1,0,0,0,0,https://support.medium.com
50,16,26,0,3,2,1,0,5,0,0,0,0,0,0,0,0.0,0.82,0.18,0.0,4.1815,3.3278,0,1,1,0,0,0,1,0,0,0,0,https://docs.twitter.com/help/faq/account-settings
70,20,7,34,3,2,0,0,3,0,0,1,2,0,1,1,0.0143,0.8143,0.1714,0.0,4.3626,3.2842,0,1,1,0,0,1,1,0,0,0,0,https://support.coursera.org/search?q=machine+learning+tutorial&page=2
20,5,8,0,2,1,0,0,3,0,0,0,0,0,0,0,0.0,0.75,0.25,0.2,3.7842,1.9219,0,0,0,0,0,1,0,0,0,0,1,http://bc.vc/LyHhOlW
52,19,26,0,3,4,0,0,4,0,0,0,0,0,0,15,0.2885,0.5192,0.1923,0.0,4.5654,2.7534,1,0,0,0,0,0,1,0,1,0,1,http://48.176.141.105:8080/bankofamerica/verify.html
59,9,7,34,3,1,0,0,3,0,0,1,2,0,1,1,0.0169,0.7966,0.1864,0.0,4.4244,2.9477,0,0,1,0,0,0,0,0,0,0,0,https://quora.com/search?q=machine+learning+tutorial&page=2
45,15,23,0,3,2,0,0,5,0,0,0,0,0,0,3,0.0667,0.7556,0.1778,0.0,4.0665,3.3736,0,1,0,0,0,0,0,0,0,0,0,http://docs.tumblr.com/courses/cs101/syllabus
51,36,7,0,10,3,1,0,3,0,0,0,0,0,0,3,0.0588,0.7843,0.1569,0.0,4.304,4.1416,0,2,1,0,1,0,2,0,0,0,1,https://netflix.com.portal-b6da34.accountant/portal
40,17,6,9,3,1,1,0,3,0,0,1,1,0,0,1,0.025,0.775,0.2,0.0,4.5153,3.8522,0,0,0,0,1,0,3,0,0,0,1,http://amaz0n-verify.bid/login?auth=true
45,11,14,11,2,2,0,0,5,0,0,1,1,0,0,1,0.0222,0.7556,0.2222,0.0,4.151,2.6635,0,1,1,0,0,0,0,0,0,0,0,https://www.zoom.us/api/v1/status?format=json
87,15,39,24,3,2,2,1,6,0,0,1,2,0,1,11,0.1264,0.6897,0.1839,0.0,4.7286,3.2402,0,1,1,0,0,0,0,0,0,0,0,https://api.mozilla.org/blog/2024/05/machine-learning-advances?session_id=84681&lang=en
91,17,10,55,3,2,1,0,3,0,0,1,2,0,1,18,0.1978,0.6813,0.1209,0.0,4.9344,3.6169,0,0,1,0,0,0,2,0,0,0,1,https://secure-portal.com/index.php?token=fc113ff50b3b94c1b757c5fe6c28af60&target=instagram
26,17,1,0,3,2,0,0,3,0,0,0,0,0,0,0,0.0,0.7692,0.2308,0.0,3.8441,3.2928,0,1,1,0,0,0,0,0,0,0,0,https://blog.coursera.org/
87,15,40,23,2,6,1,1,5,0,0,1,2,0,1,7,0.0805,0.7126,0.2069,0.0,4.6024,3.0566,0,1,1,0,0,0,1,0,0,0,0,https://support.zoom.us/downloads/releases/version-4.1.2.tar.gz?session_id=8993&lang=en
67,19,40,0,3,6,1,0,5,0,0,0,0,0,0,3,0.0448,0.7612,0.194,0.0,4.4147,3.4316,0,1,1,0,0,0,1,0,0,0,0,https://support.spotify.com/downloads/releases/version-4.1.2.tar.gz
64,14,7,34,3,2,0,0,3,0,0,1,2,0,1,1,0.0156,0.7969,0.1875,0.0,4.4475,3.3788,0,1,1,0,0,0,0,0,0,0,0,https://blog.intel.com/search?q=machine+learning+tutorial&page=2
48,17,23,0,3,1,0,0,5,0,0,0,0,0,0,3,0.0625,0.7917,0.1458,0.0,4.1939,3.6901,0,0,1,0,0,0,0,0,0,0,0,https://stackoverflow.com/courses/cs101/syllabus
28,14,6,0,3,2,0,0,3,0,0,0,0,0,0,0,0.0,0.7857,0.2143,0.0,3.9408,3.2359,0,1,1,0,0,0,0,0,0,0,0,https://blog.arxiv.org/about
66,37,22,0,8,1,2,0,4,0,0,0,0,0,0,0,0.0,0.8788,0.1212,0.0,4.1024,3.8047,0,0,0,0,1,0,3,0,0,0,1,http://amazon-authentication-center.download/authentication/verify
49,18,23,0,3,2,0,0,5,0,0,0,0,0,0,3,0.0612,0.7755,0.1633,0.0,4.1142,3.6144,0,1,1,0,0,0,1,0,0,0,0,https://support.github.com/courses/cs101/syllabus
53,29,17,0,2,1,2,0,4,0,0,0,0,0,0,0,0.0,0.8491,0.1509,0.0,4.1358,3.8144,0,0,0,0,1,0,2,0,0,0,1,http://instagram-suspended-center.tk/suspended/verify
21,13,0,0,2,3,0,0,2,0,0,0,0,0,0,0,0.0,0.7143,0.2857,0.0,3.6897,3.027,0,2,1,0,0,0,0,0,0,0,0,https://api.bbc.co.uk
37,14,15,0,3,2,1,0,3,0,0,0,0,0,0,0,0.0,0.8108,0.1892,0.0,4.2293,3.2359,0,1,1,0,0,0,0,0,0,0,0,https://m.linkedin.com/privacy-policy
43,9,26,0,2,1,1,0,5,0,0,0,0,0,0,0,0.0,0.814,0.186,0.0,4.0338,2.6416,0,0,1,0,0,0,1,0,0,0,0,https://twitch.tv/help/faq/account-settings
23,9,6,0,3,2,0,0,3,0,0,0,0,0,0,0,0.0,0.7391,0.2609,0.0,3.9362,2.9477,0,1,1,0,0,0,0,0,0,0,0,https://m.edx.org/about
30,14,8,0,3,2,0,0,3,0,0,0,0,0,0,0,0.0,0.8,0.2,0.0,3.8314,3.182,0,1,1,0,0,0,0,0,0,0,0,https://api.medium.com/contact
52,14,30,0,3,2,2,0,4,0,0,0,0,0,0,0,0.0,0.8269,0.1731,0.0,4.1424,3.0391,0,1,1,0,0,0,0,0,0,0,0,https://api.amazon.com/projects/open-source-software
86,16,10,52,2,2,1,0,3,0,0,1,2,0,1,22,0.2558,0.6163,0.1279,0.0,4.8793,3.5,0,0,0,0,0,0,2,0,0,0,1,http://update-portal.cc/index.php?token=d72d66467819e8b9996f20ca01f5cb13&target=google
42,19,6,9,3,1,1,0,3,0,0,1,1,0,0,3,0.0714,0.7381,0.1905,0.0,4.7077,3.9321,0,0,0,0,1,0,3,0,0,0,1,http://fac3b00k-webscr.xyz/login?auth=true
72,29,22,13,7,1,2,0,5,0,0,1,1,0,0,5,0.0694,0.7778,0.1528,0.0,4.2821,3.5906,0,0,0,0,1,0,2,0,0,0,1,http://customer-service-usps.cricket/webscr/service/submit?session=15027
57,22,28,0,3,2,0,0,5,0,0,0,0,0,0,0,0.0,0.8596,0.1404,0.0,4.2048,3.6978,0,1,0,0,0,0,0,0,0,0,0,http://docs.stackoverflow.com/products/enterprise/pricing
47,24,6,9,6,1,1,0,3,0,0,1,1,0,0,2,0.0426,0.7872,0.1702,0.0,4.453,3.8554,0,0,0,0,1,0,3,0,0,0,1,http://c0inbas3-password.racing/login?auth=true
60,16,13,22,3,2,0,0,4,0,0,1,2,0,1,6,0.1,0.7167,0.1833,0.0,4.7964,3.3278,0,1,1,0,0,0,0,0,0,0,0,https://www.linkedin.com/profile/user?id=104928&tab=activity
43,29,7,0,4,3,1,0,3,0,0,0,0,0,0,4,0.093,0.7209,0.186,0.0,4.3129,4.0213,0,2,0,0,1,0,1,0,0,0,1,http://amazon.com.signin-38f33e.club/signin
87,15,10,54,2,2,1,0,3,0,0,1,2,0,1,19,0.2184,0.6552,0.1264,0.0,4.8228,3.2402,0,0,0,0,0,0,2,0,0,0,1,http://alert-portal.cc/index.php?token=2aa5d129c9b6c448bf7a7c122108f0bf&target=coinbase
67,11,23,24,3,2,0,1,5,0,0,1,2,0,1,8,0.1194,0.6866,0.194,0.0,4.6404,2.914,0,1,1,0,0,0,0,0,0,0,0,https://api.cnn.com/courses/cs101/syllabus?session_id=32685&lang=en
62,16,38,0,3,3,0,2,5,0,0,0,0,0,0,1,0.0161,0.8065,0.1774,0.0,4.3332,3.3278,0,1,1,0,0,0,0,0,0,0,0,https://docs.youtube.com/library/archive/research_paper_v3.pdf
53,19,26,0,3,2,1,0,5,0,0,0,0,0,0,0,0.0,0.8302,0.1698,0.0,4.1574,3.4316,0,1,1,0,0,0,2,0,0,0,0,https://support.spotify.com/help/faq/account-settings
42,14,6,13,3,2,0,0,3,0,0,1,1,0,0,2,0.0476,0.7619,0.1905,0.0952,4.3501,3.3249,0,1,1,0,0,0,0,0,0,0,0,https://www.github.com/watch?v=dQw4w9WgXcQ
53,31,15,0,2,1,2,0,4,0,0,0,0,0,0,0,0.0,0.8491,0.1509,0.0,4.1119,3.8457,0,0,0,0,1,0,3,0,0,0,1,http://bankofamerica-payment-center.ga/payment/verify
72,30,21,13,3,1,2,0,5,0,0,1,1,0,0,5,0.0694,0.7778,0.1528,0.0,4.4252,3.8477,0,0,0,0,1,0,3,0,0,0,1,http://customer-service-microsoft.gdn/webscr/signin/submit?session=73036
45,20,17,0,3,4,0,0,4,0,0,0,0,0,0,16,0.3556,0.4222,0.2222,0.0,4.1445,2.4989,1,0,1,0,0,0,1,0,1,0,1,https://151.156.125.184:8080/amazon/auth.html
62,16,38,0,3,3,0,2,5,0,0,0,0,0,0,1,0.0161,0.8065,0.1774,0.0,4.325,3.4528,0,1,1,0,0,0,0,0,0,0,0,https://www.stanford.edu/library/archive/research_paper_v3.pdf
19,4,8,0,2,1,0,0,3,0,0,0,0,0,0,1,0.0526,0.6842,0.2632,0.2632,3.6421,2.0,0,0,0,0,0,1,0,0,0,0,1,http://t.co/4qQZBZI
52,37,8,0,4,3,1,0,3,0,0,0,0,0,0,2,0.0385,0.8077,0.1538,0.0,4.2574,3.9519,0,2,0,0,1,0,1,0,0,0,1,http://bankofamerica.com.banking-a4add4.club/banking
57,18,6,24,3,2,0,1,3,0,0,1,2,0,1,5,0.0877,0.7193,0.193,0.0,4.4885,3.5033,0,1,1,0,0,1,0,0,0,0,0,https://docs.pinterest.com/about?session_id=87117&lang=en
46,12,1,24,3,2,0,1,3,0,0,1,2,0,1,5,0.1087,0.6522,0.2391,0.0,4.4393,3.2516,0,1,1,0,0,0,0,0,0,0,0,https://docs.nih.gov/?session_id=87374&lang=en
50,35,8,0,5,3,1,0,3,0,0,0,0,0,0,4,0.08,0.76,0.16,0.0,4.4182,4.2646,0,2,0,0,1,0,1,0,0,0,1,http://wellsfargo.com.confirm-724e7b.faith/confirm
52,18,27,0,3,4,0,0,4,0,0,0,0,0,0,14,0.2692,0.5385,0.1923,0.0,4.4576,2.5654,1,0,0,0,0,0,1,0,1,0,1,http://91.46.110.197:8080/metamask/verification.html
38,15,15,0,3,2,1,0,3,0,0,0,0,0,0,0,0.0,0.8158,0.1842,0.0,4.234,3.1899,0,1,1,0,0,0,0,0,0,0,0,https://blog.ubuntu.com/privacy-policy
68,26,21,13,3,1,2,0,5,0,0,1,1,0,0,5,0.0735,0.7647,0.1618,0.0,4.4753,3.6864,0,0,0,0,1,0,3,0,0,0,1,http://customer-service-fedex.icu/webscr/verify/submit?session=78990
92,17,10,56,3,2,1,0,3,0,0,1,2,0,1,26,0.2826,0.5978,0.1196,0.0,4.9766,3.6169,0,0,1,0,0,0,2,0,0,0,1,https://update-portal.com/index.php?token=d96ab5298010573c5e15713a19823047&target=wellsfargo
95,25,10,52,3,2,1,0,3,0,0,1,2,0,1,22,0.2316,0.6526,0.1158,0.0,4.7747,3.7035,0,0,0,0,0,0,4,0,0,0,1,http://authentication-portal.com/index.php?token=dd1c99187519b4c9231e92cc8aa77665&target=paypal
24,10,6,0,3,1,0,0,3,0,0,0,0,0,0,0,0.0,0.7917,0.2083,0.0,3.8035,3.3219,0,0,1,0,0,0,0,0,0,0,0,https://nature.com/about
46,23,6,9,7,1,1,0,3,0,0,1,1,0,0,1,0.0217,0.8043,0.1739,0.0,4.3874,3.7294,0,0,0,0,1,0,4,0,0,0,1,http://paypa1-password.science/login?auth=true
72,27,24,13,2,1,2,0,5,0,0,1,1,0,0,5,0.0694,0.7778,0.1528,0.0,4.5671,4.0141,0,0,0,0,1,0,3,0,0,0,1,http://customer-service-netflix.ga/webscr/ebayisapi/submit?session=89116
21,6,8,0,2,1,0,0,3,0,0,0,0,0,0,1,0.0476,0.7143,0.2381,0.0952,3.713,2.585,0,0,0,0,0,1,0,0,0,0,1,http://bit.do/oloE4gH
72,29,22,13,3,1,2,0,5,0,0,1,1,0,0,5,0.0694,0.7778,0.1528,0.0,4.5757,3.8539,0,0,0,0,1,0,3,0,0,0,1,http://customer-service-facebook.men/webscr/billing/submit?session=42685
79,36,22,13,5,1,2,0,5,0,0,1,1,0,0,5,0.0633,0.7975,0.1392,0.0,4.4783,3.9959,0,0,0,0,1,0,2,0,0,0,1,http://customer-service-bankofamerica.faith/webscr/service/submit?session=73584
61,17,13,22,2,2,0,0,4,0,0,1,2,0,1,6,0.0984,0.7213,0.1803,0.0,4.5594,3.3816,0,1,1,0,0,0,1,0,0,0,0,https://support.twitch.tv/profile/user?id=104928&tab=activity
44,16,6,13,3,2,0,0,3,0,0,1,1,0,0,2,0.0455,0.7727,0.1818,0.0909,4.3625,3.3278,0,1,1,0,0,0,0,0,0,0,0,https://docs.twitter.com/watch?v=dQw4w9WgXcQ
49,15,26,0,3,2,1,0,5,0,0,0,0,0,0,0,0.0,0.8163,0.1837,0.0,4.2187,3.5069,0,1,1,0,0,0,1,0,0,0,0,https://api.youtube.com/help/faq/account-settings
20,5,8,0,2,1,0,0,3,0,0,0,0,0,0,1,0.05,0.7,0.25,0.1,3.7842,2.3219,0,0,0,0,0,1,0,0,0,0,1,http://ow.ly/PNbpy4s
39,13,19,0,3,4,0,0,4,0,0,0,0,0,0,10,0.2564,0.5128,0.2308,0.0,4.3749,2.8151,1,0,0,0,0,0,1,0,0,0,1,http://59.208.96.232/amazon/secure.html
66,23,21,13,2,1,2,0,5,0,0,1,1,0,0,5,0.0758,0.7576,0.1667,0.0,4.4913,3.7951,0,0,1,0,1,0,3,0,0,0,1,https://customer-service-dhl.ml/webscr/update/submit?session=68859
45,11,14,11,3,2,0,0,5,0,0,1,1,0,0,1,0.0222,0.7556,0.2222,0.0,4.3478,2.8454,0,1,1,0,0,0,0,0,0,0,0,https://www.edx.org/api/v1/status?format=json
55,39,9,0,10,3,1,0,3,0,0,0,0,0,0,3,0.0545,0.8,0.1455,0.0,4.2424,4.0066,0,2,0,0,1,0,2,0,0,0,1,http://metamask.com.security-aeb940.accountant/security
57,10,39,0,3,1,2,0,6,0,0,0,0,0,0,6,0.1053,0.7193,0.1754,0.0,4.4552,3.1219,0,0,1,0,0,1,0,0,0,0,0,https://reddit.com/blog/2024/05/machine-learning-advances
45,22,15,0,3,2,1,0,3,0,0,0,0,0,0,0,0.0,0.8444,0.1556,0.0,4.2421,3.6978,0,1,1,0,0,0,0,0,0,0,0,https://docs.stackoverflow.com/privacy-policy
44,16,6,13,3,2,0,0,3,0,0,1,1,0,0,2,0.0455,0.7727,0.1818,0.0909,4.4817,3.2028,0,1,1,0,0,0,1,0,0,0,0,https://support.ieee.org/watch?v=dQw4w9WgXcQ
89,16,10,55,2,2,1,0,3,0,0,1,2,0,1,21,0.236,0.6404,0.1236,0.0,4.8611,3.4528,0,0,0,0,0,0,2,0,0,0,1,http://unlock-portal.cc/index.php?token=2fc4ee44205107f1de1e61c1b1732b94&target=microsoft
31,15,8,0,3,2,0,0,3,0,0,0,0,0,0,0,0.0,0.8065,0.1935,0.0,3.6152,3.0566,0,1,1,0,0,0,0,0,0,0,0,https://docs.amazon.com/contact
45,14,23,0,3,4,0,0,4,0,0,0,0,0,0,11,0.2444,0.5556,0.2,0.0,4.2225,2.4956,1,0,1,0,0,0,1,0,0,0,1,https://131.95.145.121/instagram/banking.html
48,14,14,11,3,2,0,0,5,0,0,1,1,0,0,1,0.0208,0.7708,0.2083,0.0,4.2228,3.5216,0,1,1,0,0,0,0,0,0,0,0,https://api.tumblr.com/api/v1/status?format=json
79,14,32,24,3,2,1,1,5,0,0,1,2,0,1,5,0.0633,0.7595,0.1772,0.0,4.4584,3.0391,0,1,1,0,0,0,1,0,0,0,0,https://docs.chase.com/news/technology/science-updates?session_id=66481&lang=en
59,39,13,0,6,3,1,0,3,0,0,0,0,0,0,3,0.0508,0.8136,0.1356,0.0,4.2806,4.1185,0,2,0,0,1,0,1,0,0,0,1,http://metamask.com.verification-5cd62f.racing/verification
70,28,21,13,3,1,2,0,5,0,0,1,1,0,0,5,0.0714,0.7714,0.1571,0.0,4.4489,3.9947,0,0,0,0,1,0,2,0,0,0,1,http://customer-service-binance.xyz/webscr/webscr/submit?session=35035
49,18,24,0,3,4,0,0,4,0,0,0,0,0,0,14,0.2857,0.5102,0.2041,0.0,4.6043,3.027,1,0,0,0,0,0,1,0,1,0,1,http://130.8.246.127:3000/wellsfargo/invoice.html
45,22,6,9,5,1,1,0,3,0,0,1,1,0,0,2,0.0444,0.7778,0.1778,0.0,4.3522,4.0049,0,0,0,0,1,0,3,0,0,0,1,http://c0inbas3-support.trade/login?auth=true
53,9,13,22,2,2,0,0,4,0,0,1,2,0,1,6,0.1132,0.6792,0.2075,0.0,4.6879,2.5033,0,1,1,0,0,0,0,0,0,0,0,https://bbc.co.uk/profile/user?id=104928&tab=activity
45,30,7,0,2,3,1,0,3,0,0,0,0,0,0,4,0.0889,0.7333,0.1778,0.0,4.1255,3.9396,0,2,1,0,1,0,1,0,0,0,1,https://instagram.com.signin-9c76e6.gq/signin
22,7,8,0,2,1,0,0,3,0,0,0,0,0,0,2,0.0909,0.6818,0.2273,0.0909,3.7888,2.5216,0,0,0,0,0,1,0,0,0,0,1,http://cutt.ly/oBv64uU
43,20,6,9,3,1,1,0,3,0,0,1,1,0,0,1,0.0233,0.7907,0.186,0.0,4.4548,3.7219,0,0,0,0,1,0,3,0,0,0,1,http://amaz0n-suspended.xyz/login?auth=true
65,19,38,0,3,3,0,2,5,0,0,0,0,0,0,1,0.0154,0.8154,0.1692,0.0,4.2932,3.7871,0,1,1,0,0,0,0,0,0,0,0,https://api.theguardian.com/library/archive/research_paper_v3.pdf
26,11,8,0,3,1,0,0,3,0,0,0,0,0,0,2,0.0769,0.7308,0.1923,0.1154,4.1808,3.4594,0,0,0,0,0,1,0,0,0,0,1,http://tinyurl.com/hA77wQY
47,10,29,0,3,1,0,1,4,0,0,0,0,0,0,0,0.0,0.8511,0.1489,0.0213,4.1786,2.9219,0,0,1,0,0,0,1,0,0,0,0,https://paypal.com/wiki/Artificial_intelligence
44,24,13,0,3,1,2,0,4,0,0,0,0,0,0,0,0.0,0.8182,0.1818,0.0,4.1247,3.7202,0,0,0,0,1,0,2,0,0,0,1,http://dropbox-alert-center.men/alert/verify
91,19,39,24,3,2,2,1,6,0,0,1,2,0,1,11,0.1209,0.7033,0.1758,0.0,4.786,3.3661,0,1,1,0,0,0,1,0,0,0,0,https://support.dropbox.com/blog/2024/05/machine-learning-advances?session_id=56492&lang=en
48,14,26,0,3,2,1,0,5,0,0,0,0,0,0,0,0.0,0.8125,0.1875,0.0,4.1497,3.3249,0,1,1,0,0,0,1,0,0,0,0,https://api.ubuntu.com/help/faq/account-settings
49,27,15,0,4,1,2,0,4,0,0,0,0,0,0,0,0.0,0.8367,0.1633,0.0,3.9872,3.5417,0,0,0,0,1,0,2,0,0,0,1,http://binance-invoice-center.club/invoice/verify
67,19,15,24,3,2,1,1,3,0,0,1,2,0,1,5,0.0746,0.7463,0.1791,0.0,4.6443,3.4316,0,1,1,0,0,0,1,0,0,0,0,https://support.spotify.com/privacy-policy?session_id=75838&lang=en
21,6,8,0,2,1,0,0,3,0,0,0,0,0,0,2,0.0952,0.6667,0.2381,0.1429,3.6538,2.585,0,0,0,0,0,1,0,0,0,0,1,http://bit.ly/Q9UQ9oo
21,6,8,0,2,1,0,0,3,0,0,0,0,0,0,1,0.0476,0.7143,0.2381,0.1429,3.8802,1.9183,0,0,0,0,0,1,0,0,0,0,1,http://goo.gl/ik6NdCJ
44,10,26,0,3,1,1,0,5,0,0,0,0,0,0,0,0.0,0.8182,0.1818,0.0,4.1209,3.3219,0,0,1,0,0,0,1,0,0,0,0,https://nature.com/help/faq/account-settings
43,19,6,9,4,1,1,0,3,0,0,1,1,0,0,3,0.0698,0.7442,0.186,0.0,4.4548,3.7216,0,0,1,0,1,0,2,0,0,0,1,https://fac3b00k-login.loan/login?auth=true
61,14,39,0,2,3,2,0,6,0,0,0,0,0,0,6,0.0984,0.7049,0.1967,0.0,4.539,2.8424,0,2,1,0,0,0,0,0,0,0,0,https://docs.bbc.co.uk/blog/2024/05/machine-learning-advances
44,16,6,13,3,2,0,0,3,0,0,1,1,0,0,2,0.0455,0.7727,0.1818,0.0909,4.4019,3.3278,0,1,1,0,0,0,0,0,0,0,0,https://docs.harvard.edu/watch?v=dQw4w9WgXcQ
91,23,10,49,3,2,1,0,3,0,0,1,2,0,1,24,0.2637,0.6154,0.1209,0.0,4.8703,3.7623,0,0,1,0,0,0,2,0,0,0,1,https://verification-portal.com/index.php?token=5a311383799d1ec3c970c97288f4d348&target=dhl
47,11,28,0,3,1,0,0,5,0,0,0,0,0,0,0,0.0,0.8511,0.1489,0.0,3.9242,3.2776,0,0,1,0,0,0,0,0,0,0,0,https://archive.org/products/enterprise/pricing
61,14,39,0,3,2,2,0,6,0,0,0,0,0,0,6,0.0984,0.7213,0.1803,0.0,4.5143,2.8963,0,1,1,0,0,0,0,0,0,0,0,https://www.amazon.com/blog/2024/05/machine-learning-advances
24,9,8,0,2,1,0,0,3,0,0,0,0,0,0,0,0.0,0.7917,0.2083,0.0417,3.8035,2.7255,0,0,0,0,0,1,0,0,0,0,1,http://shorte.st/yOixkbp
45,11,14,11,3,2,0,0,5,0,0,1,1,0,0,1,0.0222,0.7556,0.2222,0.0,4.248,2.914,0,1,1,0,0,0,0,0,0,0,0,https://m.adobe.com/api/v1/status?format=json
62,40,15,0,6,3,1,0,3,0,0,0,0,0,0,3,0.0484,0.8226,0.129,0.0,4.1449,4.0964,0,2,0,0,1,0,2,0,0,0,1,http://binance.com.authentication-f41df3.stream/authentication
45,29,8,0,2,3,1,0,3,0,0,0,0,0,0,5,0.1111,0.7111,0.1778,0.0,4.3754,4.3492,0,2,1,0,1,0,1,0,0,0,1,https://netflix.com.support-9d2815.ml/support
43,19,6,9,6,1,1,0,3,0,0,1,1,0,0,1,0.0233,0.7907,0.186,0.0,4.2313,3.6819,0,0,1,0,1,0,3,0,0,0,1,https://chas3-signin.stream/login?auth=true
45,17,6,13,3,2,0,0,3,0,0,1,1,0,0,2,0.0444,0.7778,0.1778,0.0889,4.5803,3.3816,0,1,1,0,0,0,0,0,0,0,0,https://docs.linkedin.com/watch?v=dQw4w9WgXcQ
48,24,6,9,4,1,2,0,3,0,0,1,1,0,0,0,0.0,0.8125,0.1875,0.0,3.9728,3.1421,0,0,1,0,1,0,4,0,0,0,1,https://usps-secure-support.rest/login?auth=true
62,16,38,0,3,3,0,2,5,0,0,0,0,0,0,1,0.0161,0.8065,0.1774,0.0,4.3654,3.625,0,1,1,0,0,0,0,0,0,0,0,https://docs.netflix.com/library/archive/research_paper_v3.pdf
21,6,8,0,2,1,0,0,3,0,0,0,0,0,0,2,0.0952,0.6667,0.2381,0.1429,3.749,2.585,0,0,0,0,0,1,0,0,0,0,1,http://bit.ly/RbO22Qg
42,14,6,13,2,3,0,0,3,0,0,1,1,0,0,2,0.0476,0.7381,0.2143,0.0952,4.4453,2.8424,0,2,1,0,0,0,0,0,0,0,0,https://blog.bbc.co.uk/watch?v=dQw4w9WgXcQ
20,5,8,0,2,1,0,0,3,0,0,0,0,0,0,2,0.1,0.65,0.25,0.15,3.8842,2.3219,0,0,0,0,0,1,0,0,0,0,1,http://rb.gy/3FAuy5I
43,19,6,9,5,1,1,0,3,0,0,1,1,0,0,1,0.0233,0.7907,0.186,0.0,4.1801,3.4058,0,0,1,0,1,0,4,0,0,0,1,https://paypa1-portal.space/login?auth=true
88,18,10,52,3,2,1,0,3,0,0,1,2,0,1,20,0.2273,0.6477,0.125,0.0,4.7837,3.5724,0,0,0,0,0,0,2,0,0,0,1,http://confirm-portal.com/index.php?token=bbb75df33fa6053c92f588373c8e3e35&target=google
39,27,5,0,3,3,1,0,3,0,0,0,0,0,0,1,0.0256,0.7692,0.2051,0.0,4.1923,4.0323,0,2,0,0,1,0,1,0,0,0,1,http://netflix.com.auth-cbfd0b.bid/auth
54,18,29,0,1,4,0,0,4,0,0,0,0,0,0,14,0.2593,0.5556,0.1852,0.0,4.5052,2.8731,1,0,0,0,0,0,1,0,1,0,1,http://203.175.230.9:3000/bankofamerica/ebayisapi.html
51,29,15,0,4,1,2,0,4,0,0,0,0,0,0,0,0.0,0.8431,0.1569,0.0,4.2503,3.9094,0,0,0,0,1,0,2,0,0,0,1,http://instagram-billing-center.buzz/billing/verify
50,30,13,0,7,1,2,0,4,0,0,0,0,0,0,0,0.0,0.84,0.16,0.0,4.0782,3.7647,0,0,0,0,1,0,2,0,0,0,1,http://microsoft-alert-center.country/alert/verify
21,6,8,0,2,1,0,0,3,0,0,0,0,0,0,3,0.1429,0.619,0.2381,0.0952,3.7849,1.9183,0,0,0,0,0,1,0,0,0,0,1,http://goo.gl/Cm7fQ70
51,29,14,0,6,1,2,0,4,0,0,0,0,0,0,0,0.0,0.8431,0.1569,0.0,4.1756,3.7454,0,0,1,0,1,0,2,0,0,0,1,https://metamask-signin-center.webcam/signin/verify
53,30,6,9,10,1,1,0,3,0,0,1,1,0,0,2,0.0377,0.8113,0.1509,0.0,4.3641,3.9647,0,0,0,0,1,0,4,0,0,0,1,http://micr0s0ft-ebayisapi.accountant/login?auth=true
38,14,17,0,3,4,0,0,4,0,0,0,0,0,0,11,0.2895,0.4737,0.2368,0.0,4.2211,2.7885,1,0,0,0,0,0,1,0,0,0,1,http://195.91.239.108/dropbox/pay.html
67,25,21,13,4,1,2,0,5,0,0,1,1,0,0,5,0.0746,0.7612,0.1642,0.0,4.3568,3.7035,0,0,0,0,1,0,2,0,0,0,1,http://customer-service-dhl.rest/webscr/webscr/submit?session=99413
64,24,19,13,3,1,2,0,5,0,0,1,1,0,0,5,0.0781,0.75,0.1719,0.0,4.5155,3.9702,0,0,0,0,1,0,3,0,0,0,1,http://customer-service-dhl.gdn/webscr/auth/submit?session=44406
66,19,39,0,3,2,2,0,6,0,0,0,0,0,0,6,0.0909,0.7424,0.1667,0.0,4.5117,3.6819,0,1,1,0,0,0,1,0,0,0,0,https://support.archive.org/blog/2024/05/machine-learning-advances
54,10,13,22,3,1,0,0,4,0,0,1,2,0,1,6,0.1111,0.7037,0.1852,0.0,4.7712,3.1219,0,0,1,0,0,0,0,0,0,0,0,https://kaggle.com/profile/user?id=104928&tab=activity
49,18,23,0,3,2,0,0,5,0,0,0,0,0,0,3,0.0612,0.7755,0.1633,0.0,4.1242,3.4613,0,1,1,0,0,0,1,0,0,0,0,https://support.medium.com/courses/cs101/syllabus
48,26,15,0,4,1,2,0,4,0,0,0,0,0,0,0,0.0,0.8333,0.1667,0.0,4.2563,3.8731,0,0,0,0,1,0,2,0,0,0,1,http://google-confirm-center.buzz/confirm/verify
30,14,8,0,3,2,0,0,3,0,0,0,0,0,0,0,0.0,0.8,0.2,0.0,3.7777,3.3788,0,1,1,0,0,0,0,0,0,0,0,https://api.gitlab.com/contact
48,33,8,0,3,3,1,0,3,0,0,0,0,0,0,5,0.1042,0.7292,0.1667,0.0,4.5739,4.4761,0,2,0,0,1,0,2,0,0,0,1,http://wellsfargo.com.payment-140d64.icu/payment
70,14,23,24,3,2,0,1,5,0,0,1,2,0,1,8,0.1143,0.7,0.1857,0.0,4.5778,3.182,0,1,1,0,0,0,0,0,0,0,0,https://m.coursera.org/courses/cs101/syllabus?session_id=43504&lang=en
56,32,17,0,7,1,2,0,4,0,0,0,0,0,0,0,0.0,0.8571,0.1429,0.0,3.896,3.4292,0,0,0,0,1,0,2,0,0,0,1,http://binance-ebayisapi-center.science/ebayisapi/verify
52,15,29,0,3,2,0,1,4,0,0,0,0,0,0,0,0.0,0.8462,0.1538,0.0192,4.1499,3.0062,0,1,1,0,0,1,0,0,0,0,0,https://m.microsoft.com/wiki/Artificial_intelligence
48,18,23,0,2,4,0,0,4,0,0,0,0,0,0,14,0.2917,0.5,0.2083,0.0,4.4387,2.6612,1,0,0,0,0,0,1,0,1,0,1,http://38.220.189.83:3000/wellsfargo/verify.html
47,19,20,0,3,4,0,0,4,0,0,0,0,0,0,15,0.3191,0.4681,0.2128,0.0,4.384,2.8424,1,0,1,0,0,0,2,0,1,0,1,https://193.70.162.176:8888/paypal/banking.html
57,17,32,0,3,2,1,0,5,0,0,0,0,0,0,0,0.0,0.8421,0.1579,0.0,4.1582,3.3816,0,1,1,0,0,0,1,0,0,0,0,https://docs.linkedin.com/news/technology/science-updates
48,11,30,0,3,2,2,0,4,0,0,0,0,0,0,0,0.0,0.8125,0.1875,0.0,4.2364,3.0958,0,1,0,0,0,0,0,0,0,0,0,http://m.arxiv.org/projects/open-source-software
19,4,8,0,2,1,0,0,3,0,0,0,0,0,0,0,0.0,0.7368,0.2632,0.1579,3.7474,2.0,0,0,0,0,0,1,0,0,0,0,1,http://t.co/vnINgQu
40,12,6,13,3,2,0,0,3,0,0,1,1,0,0,2,0.05,0.75,0.2,0.1,4.4464,3.2516,0,1,1,0,0,0,0,0,0,0,0,https://docs.mit.edu/watch?v=dQw4w9WgXcQ
47,10,29,0,3,3,1,0,5,0,0,0,0,0,0,1,0.0213,0.766,0.2128,0.0,4.0836,2.6464,0,1,1,0,0,0,0,0,0,0,0,https://m.ieee.org/docs/v2/getting-started.html
50,10,32,0,3,1,1,0,5,0,0,0,0,0,0,0,0.0,0.84,0.16,0.0,4.144,3.1219,0,0,1,0,0,1,1,0,0,0,0,https://reddit.com/news/technology/science-updates
34,11,15,0,3,1,1,0,3,0,0,0,0,0,0,0,0.0,0.8235,0.1765,0.0,4.0101,3.0272,0,0,1,0,0,0,0,0,0,0,0,https://twitter.com/privacy-policy
56,19,29,0,3,2,0,1,4,0,0,0,0,0,0,0,0.0,0.8571,0.1429,0.0179,4.2487,3.6163,0,1,1,0,0,0,1,0,0,0,0,https://support.nytimes.com/wiki/Artificial_intelligence
41,18,6,9,5,1,1,0,3,0,0,1,1,0,0,1,0.0244,0.7805,0.1951,0.0,4.2203,3.6835,0,0,0,0,1,0,2,0,0,0,1,http://binanc3-auth.space/login?auth=true
74,15,26,24,3,2,1,1,5,0,0,1,2,0,1,5,0.0676,0.7432,0.1892,0.0,4.6492,3.3232,0,1,1,0,0,0,1,0,0,0,0,https://api.dropbox.com/help/faq/account-settings?session_id=37877&lang=en
45,31,7,0,6,3,1,0,3,0,0,0,0,0,0,3,0.0667,0.7556,0.1778,0.0,4.3478,4.2603,0,2,0,0,1,0,2,0,0,0,1,http://paypal.com.update-b9f70e.racing/update
61,11,17,24,3,1,2,1,3,0,0,1,2,0,1,5,0.082,0.7213,0.1967,0.0,4.5615,3.2776,0,0,1,0,0,0,1,0,0,0,0,https://spotify.com/terms-of-service?session_id=34330&lang=en
30,16,6,0,3,2,0,0,3,0,0,0,0,0,0,0,0.0,0.8,0.2,0.0,3.8729,3.3278,0,1,1,0,0,0,0,0,0,0,0,https://docs.twitter.com/about
47,24,16,0,2,1,2,0,4,0,0,0,0,0,0,0,0.0,0.8298,0.1702,0.0,3.9429,3.6368,0,0,0,0,1,0,2,0,0,0,1,http://apple-validate-center.cf/validate/verify
72,28,23,13,3,1,2,0,5,0,0,1,1,0,0,5,0.0694,0.7778,0.1528,0.0,4.5839,3.9947,0,0,0,0,1,0,3,0,0,0,1,http://customer-service-netflix.bid/webscr/validate/submit?session=85602
91,18,10,54,3,2,1,0,3,0,0,1,2,0,1,22,0.2418,0.6374,0.1209,0.0,4.851,3.4613,0,0,1,0,1,0,2,0,0,0,1,https://billing-portal.top/index.php?token=3153d5721e5dc27d8e633b1b2bb60197&target=metamask
20,12,0,0,3,2,0,0,2,0,0,0,0,0,0,0,0.0,0.75,0.25,0.0,3.8842,3.4183,0,1,1,0,0,0,0,0,0,0,0,https://blog.mit.edu
20,5,8,0,2,1,0,0,3,0,0,0,0,0,0,0,0.0,0.75,0.25,0.25,3.9842,2.3219,0,0,0,0,0,1,0,0,0,0,1,http://ow.ly/UqAeOGK
44,30,6,0,3,3,1,0,3,0,0,0,0,0,0,5,0.1136,0.7045,0.1818,0.0,4.2745,4.0062,0,2,1,0,1,1,1,0,0,0,1,https://microsoft.com.alert-8646c9.kim/alert
45,20,18,0,3,4,0,0,4,0,0,0,0,0,0,16,0.3556,0.4222,0.2222,0.0,4.208,2.8729,1,0,0,0,0,0,1,0,1,0,1,http://164.197.236.173:3000/metamask/pay.html
57,33,6,9,8,1,2,0,3,0,0,1,1,0,0,0,0.0,0.8421,0.1579,0.0,4.3148,4.0438,0,0,1,0,1,0,4,0,0,0,1,https://instagram-secure-support.download/login?auth=true
26,10,8,0,3,1,0,0,3,0,0,0,0,0,0,0,0.0,0.8077,0.1923,0.0,3.7343,3.1219,0,0,1,0,0,1,0,0,0,0,0,https://reddit.com/contact
52,14,30,0,3,2,2,0,4,0,0,0,0,0,0,0,0.0,0.8269,0.1731,0.0,4.2096,3.182,0,1,1,0,0,0,0,0,0,0,0,https://blog.adobe.com/projects/open-source-software
26,18,0,0,3,2,0,0,2,0,0,0,0,0,0,0,0.0,0.8077,0.1923,0.0,3.7672,3.4613,0,1,1,0,0,0,1,0,0,0,0,https://support.medium.com
79,15,32,23,3,2,1,1,5,0,0,1,2,0,1,4,0.0506,0.7722,0.1772,0.0,4.5031,3.2402,0,1,1,0,0,0,2,0,0,0,0,https://docs.paypal.com/news/technology/science-updates?session_id=3170&lang=en
35,24,4,0,3,3,1,0,3,0,0,0,0,0,0,4,0.1143,0.6571,0.2286,0.0,4.1859,3.8868,0,2,0,0,1,0,1,0,0,0,1,http://fedex.com.pay-062df2.xyz/pay
41,17,6,9,3,1,1,0,3,0,0,1,1,0,0,1,0.0244,0.7805,0.1951,0.0,4.3874,3.6169,0,0,1,0,1,0,3,0,0,0,1,https://chas3-banking.bid/login?auth=true
52,29,6,9,3,1,2,0,3,0,0,1,1,0,0,0,0.0,0.8269,0.1731,0.0,4.3182,3.8833,0,0,0,0,1,0,4,0,0,0,1,http://instagram-secure-password.men/login?auth=true
46,24,15,0,3,1,2,0,4,0,0,0,0,0,0,0,0.0,0.8261,0.1739,0.0,4.1048,3.8035,0,0,0,0,1,0,2,0,0,0,1,http://apple-support-center.kim/support/verify
86,14,39,24,3,2,2,1,6,0,0,1,2,0,1,11,0.1279,0.686,0.186,0.0,4.7512,3.0391,0,1,1,0,0,0,0,0,0,0,0,https://www.oracle.com/blog/2024/05/machine-learning-advances?session_id=51039&lang=en
49,27,15,0,3,1,2,0,4,0,0,0,0,0,0,0,0.0,0.8367,0.1633,0.0,3.9558,3.5744,0,0,0,0,1,0,2,0,0,0,1,http://coinbase-recover-center.win/recover/verify
39,27,5,0,6,3,1,0,3,0,0,0,0,0,0,1,0.0256,0.7692,0.2051,0.0,3.9872,3.838,0,2,0,0,1,0,1,0,0,0,1,http://usps.com.auth-9daaeb.webcam/auth
50,35,8,0,7,3,1,0,3,0,0,0,0,0,0,6,0.12,0.72,0.16,0.0,4.5035,4.3433,0,2,0,0,1,0,1,0,0,0,1,http://metamask.com.billing-689677.country/billing
54,16,30,0,3,2,2,0,4,0,0,0,0,0,0,0,0.0,0.8333,0.1667,0.0,4.0983,3.3278,0,1,1,0,0,0,0,0,0,0,0,https://docs.harvard.edu/projects/open-source-software
34,11,15,0,2,2,1,0,3,0,0,0,0,0,0,0,0.0,0.7941,0.2059,0.0,4.1751,2.6635,0,1,1,0,0,0,0,0,0,0,0,https://www.zoom.us/privacy-policy
43,12,23,0,3,4,0,0,4,0,0,0,0,0,0,9,0.2093,0.5814,0.2093,0.0,4.3389,2.6887,1,0,1,0,0,0,1,0,0,0,1,https://63.52.89.235/netflix/ebayisapi.html
48,14,14,11,3,2,0,0,5,0,0,1,1,0,0,1,0.0208,0.7708,0.2083,0.0,4.2228,3.5216,0,1,1,0,0,0,0,0,0,0,0,https://api.tumblr.com/api/v1/status?format=json
58,21,29,0,3,2,0,1,4,0,0,0,0,0,0,0,0.0,0.8621,0.1379,0.0172,4.2151,3.3447,0,1,1,0,0,1,1,0,0,0,0,https://support.microsoft.com/wiki/Artificial_intelligence
60,38,15,0,4,3,1,0,3,0,0,0,0,0,0,3,0.05,0.8167,0.1333,0.0,4.2444,4.2314,0,2,0,0,1,0,2,0,0,0,1,http://dropbox.com.authentication-bf86f9.loan/authentication
47,20,20,0,3,4,0,0,4,0,0,0,0,0,0,16,0.3404,0.4468,0.2128,0.0,4.331,2.7899,1,0,0,0,0,0,1,0,1,0,1,http://214.128.130.170:8080/netflix/unlock.html
42,19,6,9,3,1,1,0,3,0,0,1,1,0,0,2,0.0476,0.7619,0.1905,0.0,4.3204,3.7216,0,0,0,0,0,1,3,0,0,0,1,http://micr0s0ft-alert.com/login?auth=true
36,22,6,0,3,2,0,0,3,0,0,0,0,0,0,0,0.0,0.8333,0.1667,0.0,3.9302,3.261,0,1,1,0,0,1,0,0,0,0,0,https://docs.sciencedirect.com/about
23,15,0,0,3,2,0,0,2,0,0,0,0,0,0,0,0.0,0.7826,0.2174,0.0,3.882,3.1899,0,1,1,0,0,0,0,0,0,0,0,https://blog.kaggle.com
57,33,16,0,7,1,2,0,4,0,0,0,0,0,0,0,0.0,0.8596,0.1404,0.0,3.9337,3.5826,0,0,1,0,1,0,2,0,0,0,1,https://microsoft-security-center.science/security/verify
22,7,8,0,2,1,0,0,3,0,0,0,0,0,0,1,0.0455,0.7273,0.2273,0.1364,3.6978,2.5216,0,0,0,0,0,1,0,0,0,0,1,http://cutt.ly/Knp5NXu
38,13,17,0,3,2,2,0,3,0,0,0,0,0,0,0,0.0,0.7895,0.2105,0.0,4.1615,3.0851,0,1,1,0,0,0,1,0,0,0,0,https://m.mozilla.org/terms-of-service
58,10,15,24,3,1,1,1,3,0,0,1,2,0,1,5,0.0862,0.7241,0.1897,0.0,4.6487,2.9219,0,0,1,0,0,0,1,0,0,0,0,https://paypal.com/privacy-policy?session_id=29467&lang=en
52,30,15,0,6,1,2,0,4,0,0,0,0,0,0,0,0.0,0.8462,0.1538,0.0,4.2873,3.9736,0,0,0,0,1,0,2,0,0,0,1,http://facebook-billing-center.stream/billing/verify
46,31,7,0,5,3,1,0,3,0,0,0,0,0,0,4,0.087,0.7391,0.1739,0.0,4.2925,4.1313,0,2,1,0,1,0,1,0,0,0,1,https://binance.com.update-8560cc.faith/update
31,15,8,0,3,2,0,0,3,0,0,0,0,0,0,0,0.0,0.8065,0.1935,0.0,3.889,3.1899,0,1,1,0,0,0,0,0,0,0,0,https://blog.kaggle.com/contact
76,14,29,24,3,3,1,1,5,0,0,1,2,0,1,6,0.0789,0.7237,0.1974,0.0,4.657,2.8963,0,1,1,0,0,0,0,0,0,0,0,https://www.amazon.com/docs/v2/getting-started.html?session_id=10838&lang=en
66,16,7,34,3,2,0,0,3,0,0,1,2,0,1,1,0.0152,0.803,0.1818,0.0,4.539,3.625,0,1,1,0,0,0,0,0,0,0,0,https://blog.netflix.com/search?q=machine+learning+tutorial&page=2
47,24,6,9,8,1,1,0,3,0,0,1,1,0,0,2,0.0426,0.7872,0.1702,0.0,4.453,4.0535,0,0,0,0,1,0,4,0,0,0,1,http://n3tf1ix-payment.download/login?auth=true
54,10,13,22,3,1,0,0,4,0,0,1,2,0,1,6,0.1111,0.7037,0.1852,0.0,4.6831,3.3219,0,0,1,0,0,0,0,0,0,0,0,https://gitlab.com/profile/user?id=104928&tab=activity
80,30,29,13,5,1,2,0,5,0,0,1,1,0,0,5,0.0625,0.8,0.1375,0.0,4.4774,3.9362,0,0,0,0,1,0,4,0,0,0,1,http://customer-service-netflix.trade/webscr/authentication/submit?session=95075
44,29,8,0,2,3,1,0,3,0,0,0,0,0,0,5,0.1136,0.7045,0.1818,0.0,4.428,4.2542,0,2,0,0,1,0,1,0,0,0,1,http://netflix.com.banking-634a18.cf/banking
47,11,28,0,3,2,0,0,5,0,0,0,0,0,0,0,0.0,0.8298,0.1702,0.0,4.0093,2.8454,0,1,1,0,0,0,0,0,0,0,0,https://www.nih.gov/products/enterprise/pricing
77,14,30,24,3,2,2,1,4,0,0,1,2,0,1,5,0.0649,0.7532,0.1818,0.0,4.6591,3.182,0,1,1,0,0,0,0,0,0,0,0,https://www.tumblr.com/projects/open-source-software?session_id=30083&lang=en
49,15,14,11,3,2,0,0,5,0,0,1,1,0,0,1,0.0204,0.7755,0.2041,0.0,4.2121,3.5069,0,1,1,0,0,0,0,0,0,0,0,https://docs.nature.com/api/v1/status?format=json
48,27,14,0,4,1,2,0,4,0,0,0,0,0,0,0,0.0,0.8333,0.1667,0.0,4.0004,3.4821,0,0,0,0,1,0,2,0,0,0,1,http://metamask-wallet-center.rest/wallet/verify
30,21,1,0,3,2,0,0,3,0,0,0,0,0,0,0,0.0,0.8,0.2,0.0,3.6314,3.3447,0,1,1,0,0,1,1,0,0,0,0,https://support.microsoft.com/
38,14,17,0,3,2,2,0,3,0,0,0,0,0,0,0,0.0,0.7895,0.2105,0.0,4.1556,3.3788,0,1,0,0,0,0,1,0,0,0,0,http://blog.intel.com/terms-of-service
61,14,39,0,3,1,2,0,6,0,0,0,0,0,0,6,0.0984,0.7377,0.1639,0.0,4.4514,3.2359,0,0,1,0,0,0,0,0,0,0,0,https://salesforce.com/blog/2024/05/machine-learning-advances
42,19,6,9,3,1,1,0,3,0,0,1,1,0,0,2,0.0476,0.7619,0.1905,0.0,4.2525,3.5369,0,0,0,0,0,0,3,0,0,0,1,http://dr0pb0x-support.org/login?auth=true
89,17,40,23,3,6,1,1,5,0,0,1,2,0,1,7,0.0787,0.7191,0.2022,0.0,4.5972,3.3816,0,1,1,0,0,0,0,0,0,0,0,https://docs.linkedin.com/downloads/releases/version-4.1.2.tar.gz?session_id=6817&lang=en
70,12,26,23,3,2,1,1,5,0,0,1,2,0,1,4,0.0571,0.7429,0.2,0.0,4.4773,2.6887,0,1,1,0,0,0,1,0,0,0,0,https://docs.cnn.com/help/faq/account-settings?session_id=6848&lang=en
57,7,7,34,3,1,0,0,3,0,0,1,2,0,1,1,0.0175,0.7895,0.193,0.0,4.4821,2.8074,0,0,1,0,0,0,0,0,0,0,0,https://edx.org/search?q=machine+learning+tutorial&page=2
20,5,8,0,2,1,0,0,3,0,0,0,0,0,0,1,0.05,0.7,0.25,0.15,3.7464,2.3219,0,0,0,0,0,1,0,0,0,0,1,http://rb.gy/4hEURtz
64,15,7,34,3,2,0,0,3,0,0,1,2,0,1,1,0.0156,0.7969,0.1875,0.0,4.5017,3.0566,0,1,0,0,0,0,0,0,0,0,0,http://www.harvard.edu/search?q=machine+learning+tutorial&page=2
20,5,8,0,2,1,0,0,3,0,0,0,0,0,0,1,0.05,0.7,0.25,0.2,3.6842,1.9219,0,0,0,0,0,1,0,0,0,0,1,http://bc.vc/AA6uhLY
82,21,28,24,3,2,0,1,5,0,0,1,2,0,1,5,0.061,0.7805,0.1585,0.0,4.6159,3.5945,0,1,1,0,0,0,0,0,0,0,0,https://www.stackoverflow.com/products/enterprise/pricing?session_id=75899&lang=en
67,11,23,24,3,2,0,1,5,0,0,1,2,0,1,8,0.1194,0.6866,0.194,0.0,4.6531,2.8454,0,1,1,0,0,0,0,0,0,0,0,https://www.mit.edu/courses/cs101/syllabus?session_id=60322&lang=en
32,9,15,0,3,1,1,0,3,0,0,0,0,0,0,0,0.0,0.8125,0.1875,0.0,4.0695,3.1699,0,0,1,0,0,0,0,0,0,0,0,https://intel.com/privacy-policy
19,11,0,0,3,1,0,0,2,0,0,0,0,0,0,0,0.0,0.7895,0.2105,0.0,3.5766,3.2776,0,0,1,0,0,0,0,0,0,0,0,https://spotify.com
50,16,27,0,2,4,0,0,4,0,0,0,0,0,0,12,0.24,0.56,0.2,0.0,4.4537,2.5949,1,0,0,0,0,0,2,0,1,0,1,http://53.48.93.37:3000/bankofamerica/payment.html
81,18,30,24,3,2,2,1,4,0,0,1,2,0,1,5,0.0617,0.7654,0.1728,0.0,4.6846,3.5724,0,1,1,0,0,0,0,0,0,0,0,https://blog.wikipedia.org/projects/open-source-software?session_id=12835&lang=en
41,18,15,0,3,2,1,0,3,0,0,0,0,0,0,0,0.0,0.8293,0.1707,0.0,4.2899,3.4613,0,1,1,0,0,0,0,0,0,0,0,https://www.cloudflare.com/privacy-policy
84,13,10,53,2,2,1,0,3,0,0,1,2,0,1,19,0.2262,0.6429,0.131,0.0,4.8846,3.2389,0,0,0,0,0,0,2,0,0,0,1,http://pay-portal.cc/index.php?token=cdf3d3bcb82f9a320fe691064a3578a4&target=netflix
55,18,29,0,3,3,1,0,5,0,0,0,0,0,0,1,0.0182,0.8,0.1818,0.0,4.233,3.7255,0,1,1,0,0,0,1,0,0,0,0,https://support.gitlab.com/docs/v2/getting-started.html
47,26,14,0,6,1,2,0,4,0,0,0,0,0,0,0,0.0,0.8298,0.1702,0.0,4.0923,3.7381,0,0,0,0,1,0,2,0,0,0,1,http://chase-portal-center.racing/portal/verify
50,29,14,0,6,1,2,0,4,0,0,0,0,0,0,0,0.0,0.84,0.16,0.0,3.9742,3.7194,0,0,0,0,1,0,1,0,0,0,1,http://coinbase-verify-center.review/verify/verify
61,11,7,34,3,2,0,0,3,0,0,1,2,0,1,1,0.0164,0.7869,0.1967,0.0,4.4203,3.0958,0,1,1,0,0,0,0,0,0,0,0,https://api.nih.gov/search?q=machine+learning+tutorial&page=2
44,13,24,0,3,4,0,0,4,0,0,0,0,0,0,10,0.2273,0.5682,0.2045,0.0,4.3171,2.5654,1,0,0,0,0,0,1,0,0,0,1,http://191.4.175.142/coinbase/ebayisapi.html
58,14,13,22,3,2,0,0,4,0,0,1,2,0,1,6,0.1034,0.7069,0.1897,0.0,4.609,2.9852,0,1,1,0,0,0,1,0,0,0,0,https://api.paypal.com/profile/user?id=104928&tab=activity
41,27,7,0,2,3,1,0,3,0,0,0,0,0,0,3,0.0732,0.7317,0.1951,0.0,4.0435,3.5879,0,2,0,0,1,0,1,0,0,0,1,http://google.com.unlock-84e6ee.ml/unlock
21,6,8,0,2,1,0,0,3,0,0,0,0,0,0,1,0.0476,0.7143,0.2381,0.1905,3.8802,1.9183,0,0,0,0,0,1,0,0,0,0,1,http://goo.gl/Ue0OsPI
28,14,6,0,3,2,0,0,3,0,0,0,0,0,0,0,0.0,0.7857,0.2143,0.0,3.682,2.9852,0,1,1,0,0,0,0,0,0,0,0,https://www.ubuntu.com/about
48,14,27,0,3,4,0,0,4,0,0,0,0,0,0,11,0.2292,0.5833,0.1875,0.0,4.4702,2.7534,1,0,0,0,0,0,1,0,0,0,1,http://194.107.19.165/bankofamerica/banking.html
87,16,10,52,3,2,1,0,3,0,0,1,2,0,1,15,0.1724,0.7011,0.1264,0.0,4.8664,3.5778,0,0,1,0,0,0,3,0,0,0,1,https://login-portal.com/index.php?token=6cad27eb98cbb968b4fffd87430edf8a&target=paypal
49,35,7,0,8,3,1,0,3,0,0,0,0,0,0,2,0.0408,0.7959,0.1633,0.0,4.4028,4.0256,0,2,0,0,1,0,1,0,0,0,1,http://facebook.com.verify-edbb99.download/verify
52,27,17,0,3,1,2,0,4,0,0,0,0,0,0,0,0.0,0.8462,0.1538,0.0,4.1617,3.9121,0,0,1,0,1,0,2,0,0,0,1,https://amazon-suspended-center.fit/suspended/verify
35,19,8,0,3,2,0,0,3,0,0,0,0,0,0,0,0.0,0.8286,0.1714,0.0,3.9189,3.4316,0,1,1,0,0,0,0,0,0,0,0,https://docs.cloudflare.com/contact
32,18,6,0,3,2,0,0,3,0,0,0,0,0,0,0,0.0,0.8125,0.1875,0.0,3.9261,3.3921,0,1,1,0,0,1,0,0,0,0,0,https://blog.microsoft.com/about
70,28,21,13,3,1,2,0,5,0,0,1,1,0,0,5,0.0714,0.7714,0.1571,0.0,4.406,3.9233,0,0,0,0,1,0,3,0,0,0,1,http://customer-service-netflix.top/webscr/secure/submit?session=22730
18,10,0,0,3,1,0,0,2,0,0,0,0,0,0,0,0.0,0.7778,0.2222,0.0,3.6835,3.1219,0,0,1,0,0,1,0,0,0,0,0,https://reddit.com
38,13,17,0,3,2,2,0,3,0,0,0,0,0,0,0,0.0,0.7895,0.2105,0.0,4.0831,3.0851,0,1,1,0,0,0,1,0,0,0,0,https://m.harvard.edu/terms-of-service
46,12,1,24,3,2,0,1,3,0,0,1,2,0,1,5,0.1087,0.6522,0.2391,0.0,4.5014,2.9183,0,1,1,0,0,0,0,0,0,0,0,https://m.oracle.com/?session_id=85485&lang=en
49,15,26,0,3,2,1,0,5,0,0,0,0,0,0,0,0.0,0.8163,0.1837,0.0,4.1792,3.1396,0,1,1,0,0,0,1,0,0,0,0,https://docs.oracle.com/help/faq/account-settings
22,7,8,0,2,1,0,0,3,0,0,0,0,0,0,0,0.0,0.7727,0.2273,0.1818,3.8454,2.5216,0,0,0,0,0,1,0,0,0,0,1,http://tiny.cc/upKRZHw
49,15,1,24,3,2,0,1,3,0,0,1,2,0,1,5,0.102,0.6735,0.2245,0.0,4.5173,3.1899,0,1,1,0,0,0,0,0,0,0,0,https://api.harvard.edu/?session_id=70637&lang=en
58,15,13,22,3,2,0,0,4,0,0,1,2,0,1,6,0.1034,0.7069,0.1897,0.0,4.7289,3.3232,0,1,0,0,0,0,0,0,0,0,0,http://blog.medium.com/profile/user?id=104928&tab=activity
25,11,6,0,3,2,0,0,3,0,0,0,0,0,0,0,0.0,0.76,0.24,0.0,3.9435,3.2776,0,1,1,0,0,0,0,0,0,0,0,https://api.edx.org/about
62,14,40,0,3,6,1,0,5,0,0,0,0,0,0,3,0.0484,0.7419,0.2097,0.0,4.2927,3.0391,0,1,1,0,0,0,0,0,0,0,0,https://docs.chase.com/downloads/releases/version-4.1.2.tar.gz
86,13,40,24,3,6,1,1,5,0,0,1,2,0,1,8,0.093,0.6977,0.2093,0.0,4.6346,3.027,0,1,1,0,0,0,0,0,0,0,0,https://www.arxiv.org/downloads/releases/version-4.1.2.tar.gz?session_id=66035&lang=en
47,13,14,11,3,2,0,0,5,0,0,1,1,0,0,1,0.0213,0.766,0.2128,0.0,4.153,3.027,0,1,1,0,0,0,0,0,0,0,0,https://m.twitter.com/api/v1/status?format=json
32,16,8,0,3,2,0,0,3,0,0,0,0,0,0,0,0.0,0.8125,0.1875,0.0,3.9681,3.3278,0,1,1,0,0,0,0,0,0,0,0,https://www.linkedin.com/contact
65,10,23,24,3,1,0,1,5,0,0,1,2,0,1,8,0.1231,0.6923,0.1846,0.0,4.6472,2.9219,0,0,0,0,0,0,1,0,0,0,0,http://paypal.com/courses/cs101/syllabus?session_id=34793&lang=en
47,25,14,0,3,1,2,0,4,0,0,0,0,0,0,0,0.0,0.8298,0.1702,0.0,4.1391,3.7533,0,0,1,0,1,0,2,0,0,0,1,https://netflix-portal-center.win/portal/verify
21,6,8,0,2,1,0,0,3,0,0,0,0,0,0,1,0.0476,0.7143,0.2381,0.1905,3.8442,2.585,0,0,0,0,0,1,0,0,0,0,1,http://bit.do/p6SJLNa
44,7,29,0,3,2,1,0,5,0,0,0,0,0,0,1,0.0227,0.7727,0.2045,0.0,4.1066,2.2359,0,0,1,0,0,0,0,0,0,0,0,https://cnn.com/docs/v2/getting-started.html
40,12,20,0,2,4,0,0,4,0,0,0,0,0,0,9,0.225,0.55,0.225,0.0,4.0842,2.3554,1,0,1,0,0,0,2,0,0,0,1,https://191.223.2.42/paypal/account.html
51,30,14,0,5,1,2,0,4,0,0,0,0,0,0,0,0.0,0.8431,0.1569,0.0,4.1671,3.7777,0,0,0,0,1,0,2,0,0,0,1,http://wellsfargo-webscr-center.space/webscr/verify
86,16,10,52,2,2,1,0,3,0,0,1,2,0,1,21,0.2442,0.6279,0.1279,0.0,4.8184,3.625,0,0,0,0,0,0,2,0,0,0,1,http://signin-portal.cc/index.php?token=4daf5025c51a5c15057ce8698149ed1e&target=amazon
41,29,4,0,5,3,1,0,3,0,0,0,0,0,0,1,0.0244,0.7805,0.1951,0.0,4.0555,3.7714,0,2,1,0,1,0,1,0,0,0,1,https://facebook.com.pay-ba3bbd.party/pay
23,15,0,0,3,2,0,0,2,0,0,0,0,0,0,0,0.0,0.7826,0.2174,0.0,3.7081,3.0566,0,1,1,0,0,0,0,0,0,0,0,https://www.harvard.edu
34,18,8,0,3,2,0,0,3,0,0,0,0,0,0,0,0.0,0.8235,0.1765,0.0,3.8559,3.086,0,1,1,0,0,0,0,0,0,0,0,https://www.duckduckgo.com/contact
74,32,21,13,8,1,2,0,5,0,0,1,1,0,0,5,0.0676,0.7838,0.1486,0.0,4.5251,4.0153,0,0,0,0,1,0,3,0,0,0,1,http://customer-service-amazon.download/webscr/secure/submit?session=42077
75,12,30,24,3,2,2,1,4,0,0,1,2,0,1,5,0.0667,0.7467,0.1867,0.0,4.6096,3.085,0,1,1,0,0,1,0,0,0,0,0,https://m.reddit.com/projects/open-source-software?session_id=87332&lang=en
42,14,21,0,3,4,0,0,4,0,0,0,0,0,0,11,0.2619,0.5238,0.2143,0.0,4.1276,2.2988,1,0,0,0,0,0,1,0,0,0,1,http://112.162.28.171/metamask/unlock.html
59,12,39,0,3,2,2,0,6,0,0,0,0,0,0,6,0.1017,0.7119,0.1864,0.0,4.5177,3.0221,0,1,1,0,0,0,0,0,0,0,0,https://m.tumblr.com/blog/2024/05/machine-learning-advances
88,18,10,52,3,2,1,0,3,0,0,1,2,0,1,20,0.2273,0.6477,0.125,0.0,4.7279,3.4194,0,0,0,0,0,0,2,0,0,0,1,http://account-portal.com/index.php?token=f6006ef6f6fe03629c509cc40f634cb9&target=amazon
46,10,29,0,3,2,1,0,5,0,0,0,0,0,0,1,0.0217,0.7826,0.1957,0.0,4.2113,2.8464,0,0,0,0,0,0,0,0,0,0,0,http://ubuntu.com/docs/v2/getting-started.html
91,17,10,55,2,2,1,0,3,0,0,1,2,0,1,19,0.2088,0.6703,0.1209,0.0,4.8039,3.2928,0,0,1,0,0,0,2,0,0,0,1,https://recover-portal.cc/index.php?token=4cc8256f5a10bf7ce0d45b6d5e06e641&target=microsoft
44,21,6,9,4,1,1,0,3,0,0,1,1,0,0,4,0.0909,0.7273,0.1818,0.0,4.434,3.8802,0,0,0,0,1,0,3,0,0,0,1,http://w311sfarg0-alert.work/login?auth=true
67,24,22,13,2,1,2,0,5,0,0,1,1,0,0,5,0.0746,0.7612,0.1642,0.0,4.4784,3.7202,0,0,0,0,1,0,3,0,0,0,1,http://customer-service-usps.gq/webscr/billing/submit?session=26899
54,32,15,0,8,1,2,0,4,0,0,0,0,0,0,0,0.0,0.8519,0.1481,0.0,4.2969,3.9886,0,0,0,0,1,0,2,0,0,0,1,http://facebook-support-center.download/support/verify
76,15,28,24,3,2,0,1,5,0,0,1,2,0,1,5,0.0658,0.7632,0.1711,0.0,4.5449,3.2402,0,1,1,0,0,0,0,0,0,0,0,https://blog.tumblr.com/products/enterprise/pricing?session_id=13878&lang=en
82,9,40,24,2,5,1,1,5,0,0,1,2,0,1,8,0.0976,0.6951,0.2073,0.0,4.5757,2.6416,0,0,1,0,0,0,0,0,0,0,0,https://twitch.tv/downloads/releases/version-4.1.2.tar.gz?session_id=22802&lang=en
60,12,15,24,3,2,1,1,3,0,0,1,2,0,1,5,0.0833,0.7167,0.2,0.0,4.6855,3.2516,0,1,1,0,0,0,0,0,0,0,0,https://m.nature.com/privacy-policy?session_id=67467&lang=en
57,13,13,22,3,1,0,0,4,0,0,1,2,0,1,6,0.1053,0.7193,0.1754,0.0,4.6701,3.3347,0,0,1,0,0,0,0,0,0,0,0,https://wikipedia.org/profile/user?id=104928&tab=activity
90,17,10,54,2,2,1,0,3,0,0,1,2,0,1,18,0.2,0.6778,0.1222,0.0,4.8867,3.5725,0,0,1,0,0,0,2,0,0,0,1,https://invoice-portal.cc/index.php?token=a56552ed4c9742d38ef0cdddb7f609c4&target=metamask
22,7,8,0,2,1,0,0,3,0,0,0,0,0,0,0,0.0,0.7727,0.2273,0.0909,3.8797,2.5216,0,0,0,0,0,1,0,0,0,0,1,http://buff.ly/wlzCwdE
68,26,21,13,2,1,2,0,5,0,0,1,1,0,0,5,0.0735,0.7647,0.1618,0.0,4.5492,3.9501,0,0,0,0,1,0,4,0,0,0,1,http://customer-service-paypal.ga/webscr/signin/submit?session=97147
36,13,15,0,3,2,1,0,3,0,0,0,0,0,0,0,0.0,0.8056,0.1944,0.0,4.1206,3.027,0,1,1,0,0,0,0,0,0,0,0,https://www.arxiv.org/privacy-policy
42,17,17,0,3,1,2,0,3,0,0,0,0,0,0,0,0.0,0.8333,0.1667,0.0,4.1003,3.6901,0,0,1,0,0,0,1,0,0,0,0,https://stackoverflow.com/terms-of-service
19,4,8,0,2,1,0,0,3,0,0,0,0,0,0,0,0.0,0.7368,0.2632,0.1053,3.6421,2.0,0,0,0,0,0,1,0,0,0,0,1,http://t.co/qmjxLqO
41,13,6,13,3,2,0,0,3,0,0,1,1,0,0,2,0.0488,0.7561,0.1951,0.0976,4.5338,3.2389,0,1,1,0,0,0,0,0,0,0,0,https://api.quora.com/watch?v=dQw4w9WgXcQ
53,19,1,24,3,2,0,1,3,0,0,1,2,0,1,5,0.0943,0.6981,0.2075,0.0,4.537,3.0106,0,1,1,0,0,0,0,0,0,0,0,https://docs.duckduckgo.com/?session_id=51202&lang=en
71,29,21,13,5,1,2,0,5,0,0,1,1,0,0,5,0.0704,0.7746,0.1549,0.0,4.554,3.9783,0,0,0,0,1,0,3,0,0,0,1,http://customer-service-amazon.faith/webscr/wallet/submit?session=96019
50,14,28,0,3,2,0,0,5,0,0,0,0,0,0,0,0.0,0.84,0.16,0.0,4.0489,3.0391,0,1,1,0,0,0,0,0,0,0,0,https://api.amazon.com/products/enterprise/pricing
59,12,39,0,3,2,2,0,6,0,0,0,0,0,0,6,0.1017,0.7119,0.1864,0.0,4.4694,3.085,0,1,1,0,0,0,0,0,0,0,0,https://m.kaggle.com/blog/2024/05/machine-learning-advances
52,14,30,0,3,1,2,0,4,0,0,0,0,0,0,0,0.0,0.8462,0.1538,0.0,4.1259,3.3788,0,0,1,0,0,0,0,0,0,0,0,https://cloudflare.com/projects/open-source-software
46,24,15,0,3,1,2,0,4,0,0,0,0,0,0,0,0.0,0.8261,0.1739,0.0,4.1142,3.835,0,0,0,0,1,0,2,0,0,0,1,http://fedex-support-center.win/support/verify
58,18,32,0,3,2,1,0,5,0,0,0,0,0,0,0,0.0,0.8448,0.1552,0.0,4.2761,3.6144,0,1,1,0,0,0,1,0,0,0,0,https://api.cloudflare.com/news/technology/science-updates
38,15,15,0,3,2,1,0,3,0,0,0,0,0,0,0,0.0,0.8158,0.1842,0.0,4.1883,3.6402,0,1,1,0,0,0,0,0,0,0,0,https://api.netflix.com/privacy-policy
52,28,17,0,3,1,2,0,4,0,0,0,0,0,0,0,0.0,0.8462,0.1538,0.0,4.0961,3.7359,0,0,0,0,1,0,2,0,0,0,1,http://dropbox-suspended-center.bid/suspended/verify
86,15,10,53,3,2,1,0,3,0,0,1,2,0,1,20,0.2326,0.6395,0.1279,0.0,4.8476,3.5069,0,0,0,0,0,0,2,0,0,0,1,http://auth-portal.com/index.php?token=8c544b2ff8573d0d2c8e8954f7a09c9f&target=binance
77,12,32,24,3,2,1,1,5,0,0,1,2,0,1,5,0.0649,0.7532,0.1818,0.0,4.5163,3.0221,0,1,1,0,0,0,1,0,0,0,0,https://api.nasa.gov/news/technology/science-updates?session_id=63847&lang=en
41,12,22,0,2,4,0,0,4,0,0,0,0,0,0,9,0.2195,0.561,0.2195,0.0,4.2083,2.6887,1,0,0,0,0,0,1,0,0,0,1,http://163.13.88.42/instagram/wallet.html
29,15,6,0,3,2,0,0,3,0,0,0,0,0,0,0,0.0,0.7931,0.2069,0.0,3.8404,3.1899,0,1,1,0,0,0,0,0,0,0,0,https://api.harvard.edu/about
42,13,22,0,3,4,0,0,4,0,0,0,0,0,0,10,0.2381,0.5476,0.2143,0.0,3.8978,1.823,1,0,0,0,0,0,1,0,0,0,1,http://24.25.122.222/metamask/support.html
23,15,1,0,3,2,0,0,3,0,0,0,0,0,0,0,0.0,0.7391,0.2609,0.0,3.7294,3.3232,0,1,0,0,0,0,0,0,0,0,0,http://api.dropbox.com/
43,23,13,0,6,1,2,0,4,0,0,0,0,0,0,0,0.0,0.814,0.186,0.0,4.1093,3.741,0,0,0,0,1,0,2,0,0,0,1,http://dhl-login-center.review/login/verify
55,15,32,0,3,2,1,0,5,0,0,0,0,0,0,0,0.0,0.8364,0.1636,0.0,4.2378,3.1899,0,1,1,0,0,0,1,0,0,0,0,https://api.harvard.edu/news/technology/science-updates
63,15,15,24,3,2,1,1,3,0,0,1,2,0,1,5,0.0794,0.7302,0.1905,0.0,4.6933,3.3736,0,1,1,0,0,0,0,0,0,0,0,https://docs.kaggle.com/privacy-policy?session_id=91812&lang=en
54,31,15,0,7,1,2,0,4,0,0,0,0,0,0,0,0.0,0.8519,0.1481,0.0,3.825,3.3566,0,0,1,0,1,0,2,0,0,0,1,https://coinbase-service-center.science/service/verify
22,7,8,0,2,1,0,0,3,0,0,0,0,0,0,0,0.0,0.7727,0.2273,0.2273,4.0615,2.5216,0,0,0,0,0,1,0,0,0,0,1,http://buff.ly/VTQsIkG
53,12,8,24,3,2,0,1,3,0,0,1,2,0,1,5,0.0943,0.6981,0.2075,0.0,4.4943,3.2516,0,1,1,0,0,0,0,0,0,0,0,https://m.gitlab.com/contact?session_id=58807&lang=en
48,12,28,0,3,2,0,0,5,0,0,0,0,0,0,0,0.0,0.8333,0.1667,0.0,4.0719,2.8554,0,1,1,0,0,0,0,0,0,0,0,https://www.nasa.gov/products/enterprise/pricing
33,17,8,0,3,2,0,0,3,0,0,0,0,0,0,0,0.0,0.8182,0.1818,0.0,3.7149,3.3372,0,1,1,0,0,0,1,0,0,0,0,https://support.quora.com/contact
92,20,10,53,3,2,1,0,3,0,0,1,2,0,1,20,0.2174,0.663,0.1196,0.0,4.8804,3.8219,0,0,1,0,0,0,2,0,0,0,1,https://suspended-portal.com/index.php?token=47e2a59b7bd332f3116e132a5fa89ec2&target=netflix
57,12,38,0,3,2,0,2,5,0,0,0,0,0,0,1,0.0175,0.807,0.1754,0.0,4.1685,3.0221,0,0,0,0,0,0,0,0,0,0,0,http://coursera.org/library/archive/research_paper_v3.pdf
61,33,20,0,6,1,2,0,4,0,0,0,0,0,0,0,0.0,0.8689,0.1311,0.0,4.1701,3.9683,0,0,1,0,1,0,3,0,0,0,1,https://paypal-verification-center.webcam/verification/verify
46,19,6,13,3,2,0,0,3,0,0,1,1,0,0,2,0.0435,0.7826,0.1739,0.087,4.5342,3.6819,0,1,0,0,0,0,0,0,0,0,0,http://m.stackoverflow.com/watch?v=dQw4w9WgXcQ
59,30,22,0,2,1,2,0,4,0,0,0,0,0,0,0,0.0,0.8644,0.1356,0.0,3.999,3.7232,0,0,0,0,1,0,3,0,0,0,1,http://apple-authentication-center.ml/authentication/verify
88,16,39,24,3,2,2,1,6,0,0,1,2,0,1,11,0.125,0.6932,0.1818,0.0,4.7244,3.375,0,1,1,0,0,0,1,0,0,0,0,https://support.nasa.gov/blog/2024/05/machine-learning-advances?session_id=53873&lang=en
23,14,1,0,3,2,0,0,3,0,0,0,0,0,0,0,0.0,0.7391,0.2609,0.0,3.6425,2.8424,0,1,1,0,0,0,0,0,0,0,0,https://www.google.com/
74,18,23,24,3,2,0,1,5,0,0,1,2,0,1,8,0.1081,0.7162,0.1757,0.0,4.6031,3.7255,0,1,1,0,0,0,1,0,0,0,0,https://support.kaggle.com/courses/cs101/syllabus?session_id=70617&lang=en
57,18,6,24,3,2,0,1,3,0,0,1,2,0,1,5,0.0877,0.7193,0.193,0.0,4.5891,3.3921,0,1,1,0,0,0,1,0,0,0,0,https://support.google.com/about?session_id=13805&lang=en
64,16,15,24,3,2,1,1,3,0,0,1,2,0,1,5,0.0781,0.7344,0.1875,0.0,4.7124,3.3278,0,1,1,0,0,0,0,0,0,0,0,https://www.linkedin.com/privacy-policy?session_id=65752&lang=en
84,11,40,24,3,6,1,1,5,0,0,1,2,0,1,8,0.0952,0.6905,0.2143,0.0,4.6718,2.914,0,1,1,0,0,0,0,0,0,0,0,https://api.cnn.com/downloads/releases/version-4.1.2.tar.gz?session_id=67039&lang=en
24,9,8,0,2,1,0,0,3,0,0,0,0,0,0,0,0.0,0.7917,0.2083,0.2083,3.8868,2.7255,0,0,0,0,0,1,0,0,0,0,1,http://shorte.st/cVPEHXi
56,16,32,0,3,2,1,0,5,0,0,0,0,0,0,0,0.0,0.8393,0.1607,0.0,4.087,3.2028,0,1,1,0,0,0,2,0,0,0,0,https://support.ieee.org/news/technology/science-updates
23,14,1,0,3,2,0,0,3,0,0,0,0,0,0,0,0.0,0.7391,0.2609,0.0,3.7623,3.3788,0,1,1,0,0,0,0,0,0,0,0,https://docs.intel.com/
45,31,7,0,4,3,1,0,3,0,0,0,0,0,0,3,0.0667,0.7556,0.1778,0.0,4.5023,4.1715,0,2,0,0,1,0,1,0,0,0,1,http://facebook.com.verify-64d3aa.buzz/verify
56,16,32,0,3,2,1,0,5,0,0,0,0,0,0,0,0.0,0.8393,0.1607,0.0,4.2726,3.4528,0,1,1,0,0,0,1,0,0,0,0,https://docs.mozilla.org/news/technology/science-updates
89,18,10,52,3,2,1,0,3,0,0,1,2,0,1,19,0.2135,0.6629,0.1236,0.0,4.8845,3.7255,0,0,1,0,0,0,2,0,0,0,1,https://service-portal.com/index.php?token=8135fbb1f36d604eefe1d3899ec70d03&target=google
53,25,6,13,3,2,0,0,3,0,0,1,1,0,0,2,0.0377,0.8113,0.1509,0.0755,4.5035,3.5737,0,1,1,0,0,1,1,0,0,0,0,https://support.sciencedirect.com/watch?v=dQw4w9WgXcQ
76,33,22,13,10,1,2,0,5,0,0,1,1,0,0,5,0.0658,0.7895,0.1447,0.0,4.4379,3.8471,0,0,0,0,1,0,4,0,0,0,1,http://customer-service-apple.accountant/webscr/confirm/submit?session=15101
23,14,1,0,3,2,0,0,3,0,0,0,0,0,0,0,0.0,0.7391,0.2609,0.0,3.7951,3.3788,0,1,1,0,0,0,0,0,0,0,0,https://blog.chase.com/
86,16,10,52,2,2,1,0,3,0,0,1,2,0,1,20,0.2326,0.6395,0.1279,0.0,4.8649,3.5778,0,0,0,0,0,0,2,0,0,0,1,http://webscr-portal.cc/index.php?token=8e70de39f99df606a931f0d38b3f7d68&target=amazon
76,35,20,13,10,1,2,0,5,0,0,1,1,0,0,5,0.0658,0.7895,0.1447,0.0,4.4976,3.9789,0,0,0,0,1,0,4,0,0,0,1,http://customer-service-dropbox.accountant/webscr/alert/submit?session=85784
49,27,15,0,6,1,2,0,4,0,0,0,0,0,0,0,0.0,0.8367,0.1633,0.0,3.8405,3.4118,0,0,0,0,1,0,2,0,0,0,1,http://chase-recover-center.stream/recover/verify
42,14,6,13,3,2,0,0,3,0,0,1,1,0,0,2,0.0476,0.7619,0.1905,0.0952,4.475,3.182,0,1,1,0,0,0,0,0,0,0,0,https://api.google.com/watch?v=dQw4w9WgXcQ
49,20,21,0,3,4,0,0,4,0,0,0,0,0,0,16,0.3265,0.4694,0.2041,0.0,4.4919,2.7396,1,0,1,0,0,0,1,0,1,0,1,https://143.137.165.193:8080/binance/invoice.html
41,18,6,9,4,1,1,0,3,0,0,1,1,0,0,1,0.0244,0.7805,0.1951,0.0,4.3387,3.7947,0,0,0,0,1,0,3,0,0,0,1,http://chas3-invoice.club/login?auth=true
60,13,39,0,3,2,2,0,6,0,0,0,0,0,0,6,0.1,0.7167,0.1833,0.0,4.4127,3.0851,0,1,1,0,0,0,0,0,0,0,0,https://blog.nasa.gov/blog/2024/05/machine-learning-advances
50,33,9,0,5,3,1,0,3,0,0,0,0,0,0,4,0.08,0.76,0.16,0.0,4.2811,4.1273,0,2,1,0,1,0,1,0,0,0,1,https://binance.com.security-667b1e.party/security
47,30,10,0,5,3,1,0,3,0,0,0,0,0,0,5,0.1064,0.7234,0.1702,0.0,4.1921,4.1484,0,2,0,0,1,0,1,0,0,0,1,http://dhl.com.suspended-2e4051.trade/suspended
49,16,1,24,3,2,0,1,3,0,0,1,2,0,1,5,0.102,0.6735,0.2245,0.0,4.5989,3.4528,0,1,0,0,0,0,0,0,0,0,0,http://www.stanford.edu/?session_id=75364&lang=en
77,21,23,24,3,2,0,1,5,0,0,1,2,0,1,8,0.1039,0.7273,0.1688,0.0,4.5932,3.368,0,1,1,0,0,1,0,0,0,0,0,https://www.sciencedirect.com/courses/cs101/syllabus?session_id=49393&lang=en
45,22,6,9,7,1,1,0,3,0,0,1,1,0,0,2,0.0444,0.7778,0.1778,0.0,4.369,3.8797,0,0,0,0,1,0,3,0,0,0,1,http://n3tf1ix-update.science/login?auth=true
41,14,20,0,3,4,0,0,4,0,0,0,0,0,0,11,0.2683,0.5122,0.2195,0.0,4.2476,2.9852,1,0,0,0,0,0,1,0,0,0,1,http://72.206.158.244/amazon/account.html
26,17,1,0,2,3,0,0,3,0,0,0,0,0,0,0,0.0,0.7308,0.2692,0.0,3.5843,3.2195,0,2,1,0,0,0,1,0,0,0,0,https://support.bbc.co.uk/
55,33,15,0,10,1,2,0,4,0,0,0,0,0,0,0,0.0,0.8545,0.1455,0.0,3.8464,3.2937,0,0,0,0,1,0,2,0,0,0,1,http://binance-account-center.accountant/account/verify
50,13,29,0,3,3,1,0,5,0,0,0,0,0,0,1,0.02,0.78,0.2,0.0,4.2382,2.8151,0,1,1,0,0,0,0,0,0,0,0,https://www.yahoo.com/docs/v2/getting-started.html
51,15,28,0,3,2,0,0,5,0,0,0,0,0,0,0,0.0,0.8431,0.1569,0.0,3.9872,3.5069,0,1,1,0,0,0,0,0,0,0,0,https://api.nytimes.com/products/enterprise/pricing
89,17,10,54,3,2,1,0,3,0,0,1,2,0,1,21,0.236,0.6404,0.1236,0.0,4.842,3.4992,0,0,0,0,1,0,2,0,0,0,1,http://signin-portal.top/index.php?token=6d3c0952d42aa5c9f2d9c3900b73017a&target=facebook
74,12,30,24,3,2,2,1,4,0,0,1,2,0,1,5,0.0676,0.7432,0.1892,0.0,4.7175,3.0221,0,1,0,0,0,0,0,0,0,0,0,http://m.tumblr.com/projects/open-source-software?session_id=52807&lang=en
42,13,22,0,3,4,0,0,4,0,0,0,0,0,0,10,0.2381,0.5476,0.2143,0.0,4.1955,2.5074,1,0,0,0,0,0,1,0,0,0,1,http://65.153.71.136/metamask/banking.html
21,6,8,0,2,1,0,0,3,0,0,0,0,0,0,1,0.0476,0.7143,0.2381,0.1429,3.8442,2.585,0,0,0,0,0,1,0,0,0,0,1,http://adf.ly/taTA3Gx
43,19,6,9,3,1,1,0,3,0,0,1,1,0,0,3,0.0698,0.7442,0.186,0.0,4.5455,3.7871,0,0,1,0,1,0,3,0,0,0,1,https://fac3b00k-verify.fit/login?auth=true
20,5,8,0,2,1,0,0,3,0,0,0,0,0,0,0,0.0,0.75,0.25,0.25,3.6842,2.3219,0,0,0,0,0,1,0,0,0,0,1,http://is.gd/HUTMUdg
29,15,6,0,3,2,0,0,3,0,0,0,0,0,0,0,0.0,0.7931,0.2069,0.0,3.9783,3.3232,0,1,1,0,0,0,0,0,0,0,0,https://www.nytimes.com/about
34,18,8,0,3,2,0,0,3,0,0,0,0,0,0,0,0.0,0.8235,0.1765,0.0,3.7275,3.3921,0,1,1,0,0,0,2,0,0,0,0,https://support.paypal.com/contact
40,12,6,13,3,2,0,0,3,0,0,1,1,0,0,2,0.05,0.75,0.2,0.1,4.4653,2.9183,0,1,1,0,0,0,0,0,0,0,0,https://m.docker.com/watch?v=dQw4w9WgXcQ
40,15,17,0,3,2,2,0,3,0,0,0,0,0,0,0,0.0,0.8,0.2,0.0,4.1464,3.0566,0,1,1,0,0,0,1,0,0,0,0,https://www.harvard.edu/terms-of-service
54,32,15,0,3,1,2,0,4,0,0,0,0,0,0,0,0.0,0.8519,0.1481,0.0,4.0747,3.6556,0,0,0,0,1,0,2,0,0,0,1,http://bankofamerica-confirm-center.cam/confirm/verify
52,15,29,0,3,3,1,0,5,0,0,0,0,0,0,1,0.0192,0.7885,0.1923,0.0,4.1805,3.1899,0,1,1,0,0,0,0,0,0,0,0,https://api.harvard.edu/docs/v2/getting-started.html
41,13,21,0,2,4,0,0,4,0,0,0,0,0,0,10,0.2439,0.5366,0.2195,0.0,4.0828,2.4493,1,0,0,0,0,0,1,0,0,0,1,http://182.18.189.20/dropbox/support.html
59,15,13,22,3,2,0,0,4,0,0,1,2,0,1,6,0.1017,0.7119,0.1864,0.0,4.745,3.0566,0,1,1,0,0,0,0,0,0,0,0,https://docs.amazon.com/profile/user?id=104928&tab=activity
21,13,0,0,3,2,0,0,2,0,0,0,0,0,0,0,0.0,0.7619,0.2381,0.0,3.8209,3.2389,0,1,1,0,0,0,0,0,0,0,0,https://api.quora.com
55,15,32,0,3,2,1,0,5,0,0,0,0,0,0,0,0.0,0.8364,0.1636,0.0,4.236,3.6402,0,1,1,0,0,0,1,0,0,0,0,https://api.netflix.com/news/technology/science-updates
51,29,14,0,6,1,2,0,4,0,0,0,0,0,0,0,0.0,0.8431,0.1569,0.0,4.0023,3.4661,0,0,1,0,1,0,2,0,0,0,1,https://metamask-wallet-center.stream/wallet/verify
51,15,29,0,3,3,1,0,5,0,0,0,0,0,0,1,0.0196,0.7843,0.1961,0.0,4.2796,3.1899,0,1,0,0,0,0,0,0,0,0,0,http://www.mozilla.org/docs/v2/getting-started.html
21,6,8,0,2,1,0,0,3,0,0,0,0,0,0,1,0.0476,0.7143,0.2381,0.2381,3.7849,1.9183,0,0,0,0,0,1,0,0,0,0,1,http://goo.gl/FZb2UFT
62,15,39,0,3,2,2,0,6,0,0,0,0,0,0,6,0.0968,0.7258,0.1774,0.0,4.5527,3.1899,0,1,1,0,0,0,0,0,0,0,0,https://www.mozilla.org/blog/2024/05/machine-learning-advances
67,24,21,13,2,1,2,0,5,0,0,1,1,0,0,5,0.0746,0.7612,0.1642,0.0,4.4113,3.6368,0,0,1,0,1,0,3,0,0,0,1,https://customer-service-usps.tk/webscr/wallet/submit?session=59051
17,9,0,0,3,1,0,0,2,0,0,0,0,0,0,0,0.0,0.7647,0.2353,0.0,3.7345,2.9477,0,0,1,0,0,0,0,0,0,0,0,https://arxiv.org
47,19,21,0,3,4,0,0,4,0,0,0,0,0,0,15,0.3191,0.4681,0.2128,0.0,4.4161,2.8424,1,0,0,0,0,0,1,0,1,0,1,http://122.77.198.206:3000/netflix/banking.html
36,22,6,0,3,2,0,0,3,0,0,0,0,0,0,0,0.0,0.8333,0.1667,0.0,4.107,3.6069,0,1,1,0,0,1,0,0,0,0,0,https://blog.sciencedirect.com/about
71,13,26,23,3,2,1,1,5,0,0,1,2,0,1,4,0.0563,0.7465,0.1972,0.0,4.5748,3.027,0,1,1,0,0,0,1,0,0,0,0,https://api.yahoo.com/help/faq/account-settings?session_id=5963&lang=en
31,16,8,0,3,2,0,0,3,0,0,0,0,0,0,0,0.0,0.8065,0.1935,0.0,3.8732,3.375,0,1,0,0,0,0,0,0,0,0,0,http://m.cloudflare.com/contact
94,20,10,55,3,2,1,0,3,0,0,1,2,0,1,22,0.234,0.6489,0.117,0.0,4.8875,3.8219,0,0,1,0,0,0,2,0,0,0,1,https://suspended-portal.com/index.php?token=cf86a25e93db704175ea454d82505a95&target=instagram
47,13,26,0,3,2,1,0,5,0,0,0,0,0,0,0,0.0,0.8085,0.1915,0.0,4.2569,3.027,0,1,1,0,0,0,1,0,0,0,0,https://www.quora.com/help/faq/account-settings
20,5,8,0,2,1,0,0,3,0,0,0,0,0,0,1,0.05,0.7,0.25,0.2,3.7842,2.3219,0,0,0,0,0,1,0,0,0,0,1,http://rb.gy/9uVVYuG
26,18,0,0,3,2,0,0,2,0,0,0,0,0,0,0,0.0,0.8077,0.1923,0.0,3.7483,3.5033,0,1,1,0,0,1,0,0,0,0,0,https://docs.pinterest.com
55,15,32,0,3,2,1,0,5,0,0,0,0,0,0,0,0.0,0.8364,0.1636,0.0,4.1567,3.0062,0,1,1,0,0,0,1,0,0,0,0,https://docs.docker.com/news/technology/science-updates
34,18,8,0,3,2,0,0,3,0,0,0,0,0,0,0,0.0,0.8235,0.1765,0.0,3.8366,3.5033,0,1,1,0,0,1,1,0,0,0,0,https://support.reddit.com/contact
85,15,39,23,3,2,2,1,6,0,0,1,2,0,1,10,0.1176,0.6941,0.1882,0.0,4.6397,2.7899,0,1,0,0,0,0,0,0,0,0,0,http://blog.google.com/blog/2024/05/machine-learning-advances?session_id=8925&lang=en
19,11,0,0,3,1,0,0,2,0,0,0,0,0,0,0,0.0,0.7895,0.2105,0.0,3.6163,2.914,0,0,1,0,0,0,0,0,0,0,0,https://harvard.edu
50,14,28,0,3,2,0,0,5,0,0,0,0,0,0,0,0.0,0.84,0.16,0.0,3.9571,3.0391,0,1,1,0,0,0,0,0,0,0,0,https://docs.chase.com/products/enterprise/pricing
36,14,15,0,3,2,1,0,3,0,0,0,0,0,0,0,0.0,0.8056,0.1944,0.0,3.9749,3.3788,0,1,0,0,0,0,0,0,0,0,0,http://api.gitlab.com/privacy-policy
85,18,10,49,3,2,1,0,3,0,0,1,2,0,1,26,0.3059,0.5647,0.1294,0.0,4.8558,3.5724,0,0,0,0,1,0,2,0,0,0,1,http://confirm-portal.top/index.php?token=ec085cc79054b814983d564054599625&target=dhl
42,17,17,0,3,1,2,0,3,0,0,0,0,0,0,0,0.0,0.8333,0.1667,0.0,4.1003,3.6901,0,0,1,0,0,0,1,0,0,0,0,https://stackoverflow.com/terms-of-service
40,12,6,13,3,2,0,0,3,0,0,1,1,0,0,2,0.05,0.75,0.2,0.1,4.4464,3.2516,0,1,1,0,0,0,0,0,0,0,0,https://m.github.com/watch?v=dQw4w9WgXcQ
43,20,6,9,3,1,1,0,3,0,0,1,1,0,0,1,0.0233,0.7907,0.186,0.0,4.3617,3.8219,0,0,0,0,1,0,3,0,0,0,1,http://m3tamask-service.top/login?auth=true
66,25,19,13,2,1,2,0,5,0,0,1,1,0,0,5,0.0758,0.7576,0.1667,0.0,4.4604,3.7795,0,0,1,0,1,0,3,0,0,0,1,https://customer-service-fedex.tk/webscr/auth/submit?session=44452
33,17,8,0,3,2,0,0,3,0,0,0,0,0,0,0,0.0,0.8182,0.1818,0.0,3.8361,3.5725,0,1,1,0,0,0,1,0,0,0,0,https://support.adobe.com/contact
25,16,1,0,3,2,0,0,3,0,0,0,0,0,0,0,0.0,0.76,0.24,0.0,3.6431,3.375,0,1,1,0,0,0,1,0,0,0,0,https://support.nasa.gov/
41,14,19,0,2,4,0,0,4,0,0,0,0,0,0,11,0.2683,0.5122,0.2195,0.0,4.4611,3.0391,1,0,1,0,0,0,1,0,0,0,1,https://148.209.245.65/google/verify.html
42,30,5,0,6,3,1,0,3,0,0,0,0,0,0,5,0.119,0.6905,0.1905,0.0,4.3797,4.2981,0,2,0,0,1,0,1,0,0,0,1,http://dropbox.com.auth-14680c.racing/auth
49,25,16,0,3,1,2,0,4,0,0,0,0,0,0,0,0.0,0.8367,0.1633,0.0,4.1813,3.8439,0,0,1,0,1,0,2,0,0,0,1,https://fedex-password-center.win/password/verify
76,33,22,13,10,1,2,0,5,0,0,1,1,0,0,5,0.0658,0.7895,0.1447,0.0,4.5714,3.8818,0,0,0,0,1,0,4,0,0,0,1,http://customer-service-fedex.accountant/webscr/banking/submit?session=93683
87,22,32,24,3,2,1,1,5,0,0,1,2,0,1,5,0.0575,0.7816,0.1609,0.0,4.5939,3.6978,0,1,1,0,0,0,2,0,0,0,0,https://support.cloudflare.com/news/technology/science-updates?session_id=79372&lang=en
53,18,28,0,3,4,0,0,4,0,0,0,0,0,0,14,0.2642,0.5472,0.1887,0.0,4.4974,2.7193,1,0,0,0,0,0,1,0,1,0,1,http://90.36.229.103:8000/bankofamerica/validate.html
47,11,28,0,2,3,0,0,5,0,0,0,0,0,0,0,0.0,0.8085,0.1915,0.0,4.0518,2.6635,0,2,1,0,0,0,0,0,0,0,0,https://m.bbc.co.uk/products/enterprise/pricing
45,22,6,9,3,1,1,0,3,0,0,1,1,0,0,4,0.0889,0.7333,0.1778,0.0,4.5613,4.1867,0,0,0,0,1,0,3,0,0,0,1,http://w311sfarg0-account.kim/login?auth=true
77,26,29,13,2,1,2,0,5,0,0,1,1,0,0,5,0.0649,0.7922,0.1429,0.0,4.5147,3.9022,0,0,1,0,1,0,5,0,0,0,1,https://customer-service-paypal.ml/webscr/authentication/submit?session=59861
64,14,7,34,3,2,0,0,3,0,0,1,2,0,1,1,0.0156,0.7969,0.1875,0.0,4.4609,3.3249,0,1,1,0,0,0,0,0,0,0,0,https://www.nature.com/search?q=machine+learning+tutorial&page=2
33,17,8,0,3,2,0,0,3,0,0,0,0,0,0,0,0.0,0.8182,0.1818,0.0,3.7267,3.3816,0,1,1,0,0,0,1,0,0,0,0,https://support.apple.com/contact
46,31,8,0,5,3,1,0,3,0,0,0,0,0,0,5,0.1087,0.7174,0.1739,0.0,4.4043,4.1958,0,2,0,0,1,0,1,0,0,0,1,http://amazon.com.banking-7f4756.trade/banking
21,6,8,0,2,1,0,0,3,0,0,0,0,0,0,1,0.0476,0.7143,0.2381,0.1905,3.8802,1.9183,0,0,0,0,0,1,0,0,0,0,1,http://goo.gl/L2GKeSm
44,19,18,0,3,4,0,0,4,0,0,0,0,0,0,15,0.3409,0.4318,0.2273,0.0,4.2544,2.6995,1,0,0,0,0,0,1,0,1,0,1,http://122.35.186.136:8000/dhl/password.html
34,19,8,0,3,2,0,0,3,0,0,0,0,0,0,0,0.0,0.8235,0.1765,0.0,3.9476,3.4714,0,1,0,0,0,0,0,0,0,0,0,http://blog.salesforce.com/contact
62,12,7,34,3,2,0,0,3,0,0,1,2,0,1,1,0.0161,0.7903,0.1935,0.0,4.5389,3.085,0,1,1,0,0,0,0,0,0,0,0,https://blog.edx.org/search?q=machine+learning+tutorial&page=2
60,12,40,0,3,6,1,0,5,0,0,0,0,0,0,3,0.05,0.7333,0.2167,0.0,4.3553,3.2516,0,1,1,0,0,0,0,0,0,0,0,https://m.nature.com/downloads/releases/version-4.1.2.tar.gz
44,23,14,0,3,1,2,0,4,0,0,0,0,0,0,0,0.0,0.8182,0.1818,0.0,4.0226,3.6425,0,0,0,0,1,0,2,0,0,0,1,http://apple-signin-center.top/signin/verify
62,15,39,0,3,2,2,0,6,0,0,0,0,0,0,6,0.0968,0.7258,0.1774,0.0,4.4786,3.3232,0,1,1,0,0,0,0,0,0,0,0,https://api.twitter.com/blog/2024/05/machine-learning-advances
42,19,6,9,3,1,1,0,3,0,0,1,1,0,0,1,0.0238,0.7857,0.1905,0.0,4.2548,3.4316,0,0,0,0,1,0,3,0,0,0,1,http://m3tamask-wallet.kim/login?auth=true
53,15,30,0,3,1,2,0,4,0,0,0,0,0,0,0,0.0,0.8491,0.1509,0.0,4.1979,3.7736,0,0,1,0,0,0,0,0,0,0,0,https://theguardian.com/projects/open-source-software
84,16,10,50,2,2,1,0,3,0,0,1,2,0,1,19,0.2262,0.6429,0.131,0.0,4.9082,3.4528,0,0,0,0,0,0,2,0,0,0,1,http://secure-portal.cc/index.php?token=247fc7969143d9cb5c9dfdb13be5f048&target=usps
60,16,13,22,3,2,0,0,4,0,0,1,2,0,1,6,0.1,0.7167,0.1833,0.0,4.7362,3.4528,0,1,1,0,0,0,0,0,0,0,0,https://docs.mozilla.org/profile/user?id=104928&tab=activity
47,20,19,0,3,4,0,0,4,0,0,0,0,0,0,16,0.3404,0.4468,0.2128,0.0,4.0944,2.1559,1,0,1,0,0,0,1,0,1,0,1,https://110.145.105.114:3000/amazon/signin.html
46,31,8,0,5,3,1,0,3,0,0,0,0,0,0,5,0.1087,0.7174,0.1739,0.0,4.1022,3.9134,0,2,0,0,1,0,2,0,0,0,1,http://amazon.com.payment-3551d5.space/payment
47,9,30,0,2,1,2,0,4,0,0,0,0,0,0,0,0.0,0.8298,0.1702,0.0,4.0245,2.6416,0,0,1,0,0,0,0,0,0,0,0,https://twitch.tv/projects/open-source-software
46,10,28,0,3,1,0,0,5,0,0,0,0,0,0,0,0.0,0.8478,0.1522,0.0,3.9696,3.3219,0,0,1,0,0,0,0,0,0,0,0,https://github.com/products/enterprise/pricing
65,15,7,34,3,2,0,0,3,0,0,1,2,0,1,1,0.0154,0.8,0.1846,0.0,4.4454,3.3736,0,1,1,0,0,0,1,0,0,0,0,https://support.mit.edu/search?q=machine+learning+tutorial&page=2
42,19,6,9,6,1,1,0,3,0,0,1,1,0,0,2,0.0476,0.7619,0.1905,0.0,4.4336,3.6819,0,0,0,0,1,0,3,0,0,0,1,http://app13-webscr.review/login?auth=true
22,7,8,0,2,1,0,0,3,0,0,0,0,0,0,1,0.0455,0.7273,0.2273,0.0909,3.9706,2.5216,0,0,0,0,0,1,0,0,0,0,1,http://buff.ly/qKUc7pa
48,33,8,0,7,3,1,0,3,0,0,0,0,0,0,2,0.0417,0.7917,0.1667,0.0,4.2152,3.9832,0,2,0,0,1,0,2,0,0,0,1,http://paypal.com.billing-e63fbc.science/billing
34,11,15,0,3,2,1,0,3,0,0,0,0,0,0,0,0.0,0.7941,0.2059,0.0,4.1163,2.914,0,1,1,0,0,0,0,0,0,0,0,https://m.quora.com/privacy-policy
65,15,7,34,2,2,0,0,3,0,0,1,2,0,1,1,0.0154,0.8,0.1846,0.0,4.4686,3.0566,0,1,1,0,0,0,1,0,0,0,0,https://support.zoom.us/search?q=machine+learning+tutorial&page=2
46,30,8,0,3,3,1,0,3,0,0,0,0,0,0,5,0.1087,0.7174,0.1739,0.0,4.3524,4.0314,0,2,1,0,1,0,1,0,0,0,1,https://binance.com.recover-d03384.kim/recover
32,9,15,0,3,2,1,0,3,0,0,0,0,0,0,0,0.0,0.7812,0.2188,0.0,4.0153,2.281,0,1,1,0,0,0,0,0,0,0,0,https://m.cnn.com/privacy-policy
67,27,19,13,3,1,2,0,5,0,0,1,1,0,0,5,0.0746,0.7612,0.1642,0.0,4.6182,4.1343,0,0,0,0,1,0,4,0,0,0,1,http://customer-service-paypal.gdn/webscr/auth/submit?session=48801
24,10,6,0,3,1,0,0,3,0,0,0,0,0,0,0,0.0,0.7917,0.2083,0.0,3.7202,3.1219,0,0,1,0,0,0,0,0,0,0,0,https://tumblr.com/about
86,18,10,50,3,2,1,0,3,0,0,1,2,0,1,22,0.2558,0.6163,0.1279,0.0,4.8644,3.4194,0,0,0,0,0,0,2,0,0,0,1,http://support-portal.com/index.php?token=c85283482a51b6d353cc08d5a34617be&target=usps
52,30,15,0,7,1,2,0,4,0,0,0,0,0,0,0,0.0,0.8462,0.1538,0.0,3.8368,3.4981,0,0,0,0,1,0,2,0,0,0,1,http://netflix-recover-center.cricket/recover/verify
44,20,16,0,3,4,0,0,4,0,0,0,0,0,0,16,0.3636,0.4091,0.2273,0.0,4.0272,2.2389,1,0,1,0,0,0,1,0,1,0,1,https://196.161.112.156:8000/chase/auth.html
50,13,29,0,3,2,0,1,4,0,0,0,0,0,0,0,0.0,0.84,0.16,0.02,4.0509,3.3927,0,1,1,0,0,0,0,0,0,0,0,https://api.intel.com/wiki/Artificial_intelligence
49,35,7,0,7,3,1,0,3,0,0,0,0,0,0,5,0.102,0.7347,0.1633,0.0,4.3794,4.2074,0,2,0,0,1,1,1,0,0,0,1,http://microsoft.com.wallet-25180b.cricket/wallet
70,28,21,13,4,1,2,0,5,0,0,1,1,0,0,5,0.0714,0.7714,0.1571,0.0,4.4991,3.8963,0,0,0,0,1,0,3,0,0,0,1,http://customer-service-amazon.buzz/webscr/signin/submit?session=57358
87,18,10,51,3,2,1,0,3,0,0,1,2,0,1,22,0.2529,0.6207,0.1264,0.0,4.7827,3.6144,0,0,0,0,1,0,2,0,0,0,1,http://banking-portal.top/index.php?token=c73596c08fa548418c8e5cf0a645a523&target=apple
22,14,0,0,3,2,0,0,2,0,0,0,0,0,0,0,0.0,0.7727,0.2273,0.0,3.8797,3.5216,0,1,1,0,0,0,0,0,0,0,0,https://m.stanford.edu
59,15,13,22,3,2,0,0,4,0,0,1,2,0,1,6,0.1017,0.7119,0.1864,0.0,4.7467,3.1899,0,1,1,0,0,0,0,0,0,0,0,https://blog.ubuntu.com/profile/user?id=104928&tab=activity
47,32,8,0,5,3,1,0,3,0,0,0,0,0,0,4,0.0851,0.7447,0.1702,0.0,4.2772,4.2417,0,2,0,0,1,0,1,0,0,0,1,http://netflix.com.support-585dd8.party/support
89,19,38,24,3,3,0,3,5,0,0,1,2,0,1,6,0.0674,0.7528,0.1798,0.0,4.7251,3.5369,0,1,0,0,0,0,0,0,0,0,0,http://blog.cloudflare.com/library/archive/research_paper_v3.pdf?session_id=94365&lang=en
48,18,22,0,3,4,0,0,4,0,0,0,0,0,0,14,0.2917,0.5,0.2083,0.0,4.3294,2.8151,1,0,1,0,0,0,2,0,1,0,1,https://148.50.81.193:8888/coinbase/payment.html
53,19,26,0,3,2,1,0,5,0,0,0,0,0,0,0,0.0,0.8302,0.1698,0.0,4.3111,3.2211,0,1,1,0,0,0,1,0,0,0,0,https://blog.duckduckgo.com/help/faq/account-settings
75,31,22,13,7,1,2,0,5,0,0,1,1,0,0,5,0.0667,0.7867,0.1467,0.0,4.3974,3.8087,0,0,1,0,1,0,3,0,0,0,1,https://customer-service-google.country/webscr/recover/submit?session=31712
50,17,14,11,3,2,0,0,5,0,0,1,1,0,0,1,0.02,0.78,0.2,0.0,4.2293,3.5725,0,1,0,0,0,0,1,0,0,0,0,http://support.adobe.com/api/v1/status?format=json
55,11,13,22,3,2,0,0,4,0,0,1,2,0,1,6,0.1091,0.6909,0.2,0.0,4.6927,2.914,0,1,1,0,0,0,0,0,0,0,0,https://m.adobe.com/profile/user?id=104928&tab=activity
64,8,23,24,3,1,0,1,5,0,0,1,2,0,1,8,0.125,0.6875,0.1875,0.0,4.5208,2.4056,0,0,1,0,0,0,0,0,0,0,0,https://ieee.org/courses/cs101/syllabus?session_id=50998&lang=en
90,19,38,24,3,3,0,3,5,0,0,1,2,0,1,6,0.0667,0.7556,0.1778,0.0,4.6226,3.4714,0,1,1,0,0,0,1,0,0,0,0,https://support.harvard.edu/library/archive/research_paper_v3.pdf?session_id=89702&lang=en
39,28,4,0,3,3,1,0,3,0,0,0,0,0,0,5,0.1282,0.6667,0.2051,0.0,4.2268,3.9852,0,2,0,0,1,1,1,0,0,0,1,http://microsoft.com.pay-c64841.kim/pay
70,27,22,13,3,1,2,0,5,0,0,1,1,0,0,5,0.0714,0.7714,0.1571,0.0,4.4851,3.8842,0,0,0,0,1,0,3,0,0,0,1,http://customer-service-amazon.kim/webscr/support/submit?session=43429
83,16,10,49,2,2,1,0,3,0,0,1,2,0,1,21,0.253,0.6145,0.1325,0.0,4.8384,3.5,0,0,0,0,0,0,2,0,0,0,1,http://update-portal.cc/index.php?token=6388f06e425bd819b372c2d29d3a4cd0&target=dhl
70,20,17,24,3,2,2,1,3,0,0,1,2,0,1,5,0.0714,0.7429,0.1857,0.0,4.7002,3.9219,0,1,1,0,0,0,1,0,0,0,0,https://blog.theguardian.com/terms-of-service?session_id=78662&lang=en
91,18,10,54,3,2,1,0,3,0,0,1,2,0,1,18,0.1978,0.6813,0.1209,0.0,4.8369,3.4613,0,0,1,0,1,0,2,0,0,0,1,https://billing-portal.top/index.php?token=d8c53f8512a9dc2f9d4ff4efe72f0484&target=coinbase
54,14,32,0,3,2,1,0,5,0,0,0,0,0,0,0,0.0,0.8333,0.1667,0.0,4.1949,3.0931,0,1,1,0,0,0,1,0,0,0,0,https://blog.yahoo.com/news/technology/science-updates
73,29,22,13,3,1,2,0,5,0,0,1,1,0,0,5,0.0685,0.7808,0.1507,0.0,4.2965,3.8144,0,0,1,0,1,0,2,0,0,0,1,https://customer-service-coinbase.win/webscr/service/submit?session=75922
20,5,8,0,2,1,0,0,3,0,0,0,0,0,0,2,0.1,0.65,0.25,0.2,3.9842,2.3219,0,0,0,0,0,1,0,0,0,0,1,http://is.gd/ZT1eSM8
49,15,14,11,3,2,0,0,5,0,0,1,1,0,0,1,0.0204,0.7755,0.2041,0.0,4.2957,3.2402,0,1,1,0,0,0,0,0,0,0,0,https://blog.tumblr.com/api/v1/status?format=json
51,11,32,0,3,1,1,0,5,0,0,0,0,0,0,0,0.0,0.8431,0.1569,0.0,4.1923,3.4594,0,0,1,0,0,0,1,0,0,0,0,https://netflix.com/news/technology/science-updates
45,9,28,0,2,1,0,0,5,0,0,0,0,0,0,0,0.0,0.8444,0.1556,0.0,3.8579,2.6416,0,0,1,0,0,0,0,0,0,0,0,https://twitch.tv/products/enterprise/pricing
34,11,15,0,3,1,1,0,3,0,0,0,0,0,0,0,0.0,0.8235,0.1765,0.0,4.0719,3.2776,0,0,1,0,0,0,0,0,0,0,0,https://nytimes.com/privacy-policy
51,35,9,0,8,3,1,0,3,0,0,0,0,0,0,4,0.0784,0.7647,0.1569,0.0,4.31,4.0827,0,2,0,0,1,0,1,0,0,0,1,http://google.com.validate-ff2169.download/validate
47,24,6,9,8,1,1,0,3,0,0,1,1,0,0,3,0.0638,0.766,0.1702,0.0,4.4956,3.8035,0,0,0,0,1,0,3,0,0,0,1,http://fac3b00k-unlock.download/login?auth=true
39,11,6,13,3,2,0,0,3,0,0,1,1,0,0,2,0.0513,0.7436,0.2051,0.1026,4.2336,2.4817,0,1,1,0,0,0,0,0,0,0,0,https://www.cnn.com/watch?v=dQw4w9WgXcQ
46,13,26,0,2,4,0,0,4,0,0,0,0,0,0,10,0.2174,0.587,0.1957,0.0,4.1536,2.5074,1,0,0,0,0,0,2,0,0,0,1,http://194.218.94.24/chase/authentication.html
53,19,26,0,3,2,1,0,5,0,0,0,0,0,0,0,0.0,0.8302,0.1698,0.0,4.2132,3.8269,0,1,1,0,0,0,2,0,0,0,0,https://support.netflix.com/help/faq/account-settings
31,15,8,0,3,2,0,0,3,0,0,0,0,0,0,0,0.0,0.8065,0.1935,0.0,3.7568,3.5069,0,1,1,0,0,0,0,0,0,0,0,https://docs.nature.com/contact
24,16,0,0,3,2,0,0,2,0,0,0,0,0,0,0,0.0,0.7917,0.2083,0.0,4.0016,3.5,0,1,1,0,0,0,0,0,0,0,0,https://blog.harvard.edu
54,16,30,0,3,2,2,0,4,0,0,0,0,0,0,0,0.0,0.8333,0.1667,0.0,4.1571,3.4528,0,1,1,0,0,0,0,0,0,0,0,https://blog.twitter.com/projects/open-source-software
74,29,24,13,4,1,2,0,5,0,0,1,1,0,0,5,0.0676,0.7838,0.1486,0.0,4.5234,4.0044,0,0,0,0,1,0,3,0,0,0,1,http://customer-service-netflix.work/webscr/suspended/submit?session=59298
40,17,15,0,3,2,1,0,3,0,0,0,0,0,0,0,0.0,0.825,0.175,0.0,4.1653,3.2928,0,1,1,0,0,0,0,0,0,0,0,https://blog.coursera.org/privacy-policy
42,12,22,0,2,4,0,0,4,0,0,0,0,0,0,9,0.2143,0.5714,0.2143,0.0,4.4696,2.8554,1,0,1,0,0,0,1,0,0,0,1,https://58.62.191.75/coinbase/confirm.html
95,18,10,59,3,2,1,0,3,0,0,1,2,0,1,17,0.1789,0.7053,0.1158,0.0,4.8232,3.6835,0,0,0,0,0,0,2,0,0,0,1,http://invoice-portal.com/index.php?token=f8df4a51b008dcdb05e4b315bc766e1b&target=bankofamerica
19,10,1,0,3,1,0,0,3,0,0,0,0,0,0,0,0.0,0.7368,0.2632,0.0,3.6819,2.9219,0,0,1,0,0,0,0,0,0,0,0,https://docker.com/
54,14,32,0,3,2,1,0,5,0,0,0,0,0,0,0,0.0,0.8333,0.1667,0.0,4.1809,3.2359,0,1,1,0,0,0,1,0,0,0,0,https://api.oracle.com/news/technology/science-updates
57,34,6,9,10,1,2,0,3,0,0,1,1,0,0,0,0.0,0.8421,0.1579,0.0,4.1138,3.6235,0,0,0,0,1,0,4,0,0,0,1,http://instagram-secure-secure.accountant/login?auth=true
47,33,7,0,5,3,1,0,3,0,0,0,0,0,0,3,0.0638,0.766,0.1702,0.0,4.1921,4.0785,0,2,0,0,1,0,1,0,0,0,1,http://instagram.com.portal-c5b6a0.trade/portal
33,10,15,0,3,1,1,0,3,0,0,0,0,0,0,0,0.0,0.8182,0.1818,0.0,4.0815,2.7219,0,0,1,0,0,0,0,0,0,0,0,https://amazon.com/privacy-policy
47,26,14,0,4,1,2,0,4,0,0,0,0,0,0,0,0.0,0.8298,0.1702,0.0,4.2911,3.8253,0,0,0,0,1,0,2,0,0,0,1,http://dropbox-unlock-center.loan/unlock/verify
91,18,10,55,3,2,1,0,3,0,0,1,2,0,1,22,0.2418,0.6374,0.1209,0.0,4.823,3.6835,0,0,0,0,0,0,2,0,0,0,1,http://invoice-portal.com/index.php?token=ca85ee7567e660364a396c6b311f35a1&target=microsoft
44,21,6,9,5,1,1,0,3,0,0,1,1,0,0,2,0.0455,0.7727,0.1818,0.0,4.4168,3.9754,0,0,0,0,1,0,3,0,0,0,1,http://dr0pb0x-recover.faith/login?auth=true
88,16,10,54,3,2,1,0,3,0,0,1,2,0,1,29,0.3295,0.5455,0.125,0.0,4.8944,3.5778,0,0,0,0,0,0,2,0,0,0,1,http://login-portal.com/index.php?token=4233b926404738224531607738d4b827&target=coinbase
46,12,1,24,3,2,0,1,3,0,0,1,2,0,1,5,0.1087,0.6522,0.2391,0.0,4.5014,2.6887,0,1,1,0,0,0,0,0,0,0,0,https://m.amazon.com/?session_id=50710&lang=en
43,25,11,0,5,1,2,0,4,0,0,0,0,0,0,0,0.0,0.814,0.186,0.0,4.0713,3.8635,0,0,0,0,1,0,2,0,0,0,1,http://coinbase-pay-center.faith/pay/verify
24,9,8,0,2,1,0,0,3,0,0,0,0,0,0,2,0.0833,0.7083,0.2083,0.1667,3.8868,2.7255,0,0,0,0,0,1,0,0,0,0,1,http://shorte.st/Nb0WX1L
56,10,38,0,3,2,0,2,5,0,0,0,0,0,0,1,0.0179,0.8036,0.1786,0.0,4.1887,3.1219,0,0,1,0,0,1,0,0,0,0,0,https://reddit.com/library/archive/research_paper_v3.pdf
74,32,21,13,5,1,2,0,5,0,0,1,1,0,0,5,0.0676,0.7838,0.1486,0.0,4.3908,3.7028,0,0,0,0,1,0,3,0,0,0,1,http://customer-service-microsoft.space/webscr/signin/submit?session=60191
40,14,19,0,3,4,0,0,4,0,0,0,0,0,0,11,0.275,0.5,0.225,0.0,4.1842,2.6995,1,0,0,0,0,0,2,0,0,0,1,http://49.247.149.162/fedex/payment.html
47,13,26,0,3,2,1,0,5,0,0,0,0,0,0,0,0.0,0.8085,0.1915,0.0,4.2833,3.027,0,1,1,0,0,0,1,0,0,0,0,https://www.adobe.com/help/faq/account-settings
51,20,24,0,3,4,0,0,4,0,0,0,0,0,0,16,0.3137,0.4902,0.1961,0.0,4.2799,2.2892,1,0,0,0,0,0,1,0,1,0,1,http://101.190.151.145:8080/apple/verification.html
44,30,7,0,3,3,1,0,3,0,0,0,0,0,0,3,0.0682,0.75,0.1818,0.0,4.2999,4.1396,0,2,0,0,1,0,1,0,0,0,1,http://coinbase.com.portal-0bf9a6.icu/portal
21,6,8,0,2,1,0,0,3,0,0,0,0,0,0,2,0.0952,0.6667,0.2381,0.2381,3.9754,2.585,0,0,0,0,0,1,0,0,0,0,1,http://adf.ly/UZF3F7H
24,15,1,0,3,2,0,0,3,0,0,0,0,0,0,0,0.0,0.75,0.25,0.0,3.5739,3.2402,0,1,1,0,0,0,1,0,0,0,0,https://support.cnn.com/
71,29,21,13,4,1,2,0,5,0,0,1,1,0,0,5,0.0704,0.7746,0.1549,0.0,4.3255,3.7714,0,0,0,0,1,0,3,0,0,0,1,http://customer-service-dropbox.rest/webscr/secure/submit?session=69505
43,22,14,0,2,1,2,0,4,0,0,0,0,0,0,0,0.0,0.814,0.186,0.0,3.9028,3.4429,0,0,0,0,1,0,2,0,0,0,1,http://apple-secure-center.cf/secure/verify
41,13,6,13,2,2,0,0,3,0,0,1,1,0,0,2,0.0488,0.7561,0.1951,0.0976,4.1435,3.027,0,1,1,0,0,0,0,0,0,0,0,https://api.twitch.tv/watch?v=dQw4w9WgXcQ
41,27,7,0,3,3,1,0,3,0,0,0,0,0,0,1,0.0244,0.7805,0.1951,0.0,4.2595,4.0043,0,2,0,0,1,0,1,0,0,0,1,http://apple.com.verify-fbe1fa.xyz/verify
78,28,29,13,5,1,2,0,5,0,0,1,1,0,0,5,0.0641,0.7949,0.141,0.0,4.4292,3.7709,0,0,0,0,1,0,4,0,0,0,1,http://customer-service-fedex.space/webscr/authentication/submit?session=84874
32,16,8,0,3,2,0,0,3,0,0,0,0,0,0,0,0.0,0.8125,0.1875,0.0,3.9025,3.5778,0,1,1,0,0,0,0,0,0,0,0,https://blog.spotify.com/contact
89,16,10,54,3,2,1,0,3,0,0,1,2,0,1,19,0.2135,0.6629,0.1236,0.0,4.7891,3.3278,0,0,1,0,1,0,2,0,0,0,1,https://login-portal.top/index.php?token=ca490f3a413f8583a1af02b4aa6e321e&target=metamask
73,28,23,13,3,1,2,0,5,0,0,1,1,0,0,5,0.0685,0.7808,0.1507,0.0,4.4734,3.8249,0,0,1,0,1,0,3,0,0,0,1,https://customer-service-binance.fit/webscr/validate/submit?session=59822
20,13,0,0,3,2,0,0,2,0,0,0,0,0,0,0,0.0,0.75,0.25,0.0,3.5842,3.027,0,1,0,0,0,0,0,0,0,0,0,http://www.chase.com
44,14,23,0,3,2,0,0,5,0,0,0,0,0,0,3,0.0682,0.75,0.1818,0.0,4.1813,3.5216,0,1,0,0,0,0,0,0,0,0,0,http://api.nature.com/courses/cs101/syllabus
74,12,29,24,3,3,1,1,5,0,0,1,2,0,1,6,0.0811,0.7162,0.2027,0.0,4.6384,3.085,0,1,1,0,0,0,0,0,0,0,0,https://blog.edx.org/docs/v2/getting-started.html?session_id=16495&lang=en
53,12,8,24,3,2,0,1,3,0,0,1,2,0,1,5,0.0943,0.6981,0.2075,0.0,4.5909,3.085,0,1,1,0,0,0,0,0,0,0,0,https://blog.edx.org/contact?session_id=87362&lang=en
24,10,6,0,3,1,0,0,3,0,0,0,0,0,0,0,0.0,0.7917,0.2083,0.0,3.8035,3.3219,0,0,1,0,0,0,0,0,0,0,0,https://gitlab.com/about
23,14,1,0,3,1,0,0,3,0,0,0,0,0,0,0,0.0,0.7826,0.2174,0.0,3.7623,3.2359,0,0,1,0,0,0,0,0,0,0,0,https://salesforce.com/
21,12,1,0,2,2,0,0,3,0,0,0,0,0,0,0,0.0,0.7143,0.2857,0.0,3.6538,3.0221,0,1,1,0,0,0,0,0,0,0,0,https://blog.zoom.us/
57,20,29,0,3,2,0,1,4,0,0,0,0,0,0,0,0.0,0.8596,0.1404,0.0175,4.2912,3.8219,0,1,1,0,0,0,0,0,0,0,0,https://docs.theguardian.com/wiki/Artificial_intelligence
49,13,28,0,3,2,0,0,5,0,0,0,0,0,0,0,0.0,0.8367,0.1633,0.0,4.026,3.2389,0,1,1,0,0,0,0,0,0,0,0,https://api.quora.com/products/enterprise/pricing
85,13,10,54,2,2,1,0,3,0,0,1,2,0,1,22,0.2588,0.6118,0.1294,0.0,4.821,3.2389,0,0,0,0,0,0,2,0,0,0,1,http://pay-portal.cc/index.php?token=13c72a8298ad62cf2e5fa02539769c94&target=facebook
22,7,8,0,2,1,0,0,3,0,0,0,0,0,0,0,0.0,0.7727,0.2273,0.0455,3.7888,2.5216,0,0,0,0,0,1,0,0,0,0,1,http://cutt.ly/aelsCqm
69,26,22,13,2,1,2,0,5,0,0,1,1,0,0,5,0.0725,0.7681,0.1594,0.0,4.4257,3.6714,0,0,0,0,1,0,3,0,0,0,1,http://customer-service-google.ml/webscr/support/submit?session=40688
67,19,40,0,3,6,1,0,5,0,0,0,0,0,0,3,0.0448,0.7612,0.194,0.0,4.3565,3.4714,0,1,1,0,0,0,0,0,0,0,0,https://blog.salesforce.com/downloads/releases/version-4.1.2.tar.gz
66,25,8,24,3,2,0,1,3,0,0,1,2,0,1,5,0.0758,0.7576,0.1667,0.0,4.627,3.8439,0,1,1,0,0,0,1,0,0,0,0,https://support.stackoverflow.com/contact?session_id=46061&lang=en
48,11,30,0,3,2,2,0,4,0,0,0,0,0,0,0,0.0,0.8125,0.1875,0.0,4.071,2.6635,0,1,0,0,0,0,0,0,0,0,0,http://m.yahoo.com/projects/open-source-software
41,13,6,13,3,2,0,0,3,0,0,1,1,0,0,2,0.0488,0.7561,0.1951,0.0976,4.5706,3.0851,0,1,1,0,0,0,0,0,0,0,0,https://m.mozilla.org/watch?v=dQw4w9WgXcQ
43,14,22,0,3,4,0,0,4,0,0,0,0,0,0,11,0.2558,0.5349,0.2093,0.0,4.2749,2.6995,1,0,0,0,0,0,1,0,0,0,1,http://155.32.127.174/microsoft/signin.html
38,13,18,0,2,4,0,0,4,0,0,0,0,0,0,10,0.2632,0.5,0.2368,0.0,4.1556,2.8731,1,0,0,0,0,0,1,0,0,0,1,http://174.59.185.90/fedex/wallet.html
62,18,13,22,3,2,0,0,4,0,0,1,2,0,1,6,0.0968,0.7258,0.1774,0.0,4.6409,3.5033,0,1,1,0,0,0,1,0,0,0,0,https://support.nature.com/profile/user?id=104928&tab=activity
63,17,38,0,3,3,0,2,5,0,0,0,0,0,0,1,0.0159,0.8095,0.1746,0.0,4.2803,3.4548,0,1,1,0,0,1,0,0,0,0,0,https://www.pinterest.com/library/archive/research_paper_v3.pdf
31,16,8,0,3,2,0,0,3,0,0,0,0,0,0,0,0.0,0.8065,0.1935,0.0,3.8732,3.1556,0,1,0,0,0,0,0,0,0,0,0,http://blog.mozilla.org/contact
81,31,29,13,3,1,2,0,5,0,0,1,1,0,0,5,0.0617,0.8025,0.1358,0.0,4.5246,3.9378,0,0,0,0,1,0,4,0,0,0,1,http://customer-service-wellsfargo.fit/webscr/authentication/submit?session=15460
86,13,40,24,3,6,1,1,5,0,0,1,2,0,1,8,0.093,0.6977,0.2093,0.0,4.5731,3.3927,0,1,1,0,0,0,0,0,0,0,0,https://api.intel.com/downloads/releases/version-4.1.2.tar.gz?session_id=17912&lang=en
56,9,39,0,3,1,2,0,6,0,0,0,0,0,0,6,0.1071,0.7143,0.1786,0.0,4.439,2.9477,0,0,1,0,0,0,0,0,0,0,0,https://adobe.com/blog/2024/05/machine-learning-advances
46,12,14,11,3,2,0,0,5,0,0,1,1,0,0,1,0.0217,0.7609,0.2174,0.0,4.1334,2.8554,0,1,1,0,0,0,0,0,0,0,0,https://www.nasa.gov/api/v1/status?format=json
71,28,22,13,3,1,2,0,5,0,0,1,1,0,0,5,0.0704,0.7746,0.1549,0.0,4.337,3.8518,0,0,0,0,1,0,2,0,0,0,1,http://customer-service-binance.top/webscr/service/submit?session=65277
47,31,8,0,2,3,1,0,3,0,0,0,0,0,0,2,0.0426,0.7872,0.1702,0.0,4.1334,3.889,0,2,1,0,1,0,1,0,0,0,1,https://instagram.com.service-e82ace.ml/service
87,14,10,55,3,2,1,0,3,0,0,1,2,0,1,21,0.2414,0.6322,0.1264,0.0,4.8789,3.3788,0,0,0,0,0,0,2,0,0,0,1,http://pay-portal.com/index.php?token=4e5340eba11d78816f44a5408deb797c&target=instagram
56,19,29,0,3,2,0,1,4,0,0,0,0,0,0,0,0.0,0.8571,0.1429,0.0179,4.1463,3.4058,0,1,1,0,0,0,1,0,0,0,0,https://support.twitter.com/wiki/Artificial_intelligence
75,24,29,13,3,1,2,0,5,0,0,1,1,0,0,5,0.0667,0.7867,0.1467,0.0,4.6001,4.0535,0,0,1,0,1,0,4,0,0,0,1,https://customer-service-dhl.xyz/webscr/authentication/submit?session=34176
49,27,15,0,5,1,2,0,4,0,0,0,0,0,0,0,0.0,0.8367,0.1633,0.0,4.1499,3.8282,0,0,0,0,1,0,3,0,0,0,1,http://paypal-confirm-center.space/confirm/verify
28,14,6,0,3,2,0,0,3,0,0,0,0,0,0,0,0.0,0.7857,0.2143,0.0,3.8424,3.182,0,1,1,0,0,0,0,0,0,0,0,https://m.coursera.org/about
53,31,15,0,5,1,2,0,4,0,0,0,0,0,0,0,0.0,0.8491,0.1509,0.0,4.2517,3.9378,0,0,0,0,1,0,2,0,0,0,1,http://wellsfargo-confirm-center.space/confirm/verify
55,15,32,0,3,2,1,0,5,0,0,0,0,0,0,0,0.0,0.8364,0.1636,0.0,4.2426,3.1899,0,1,1,0,0,0,1,0,0,0,0,https://blog.kaggle.com/news/technology/science-updates
20,5,8,0,2,1,0,0,3,0,0,0,0,0,0,2,0.1,0.65,0.25,0.1,3.9842,2.3219,0,0,0,0,0,1,0,0,0,0,1,http://ow.ly/ZjE3i7b
45,15,23,0,3,4,0,0,4,0,0,0,0,0,0,12,0.2667,0.5333,0.2,0.0,4.3195,2.6566,1,0,0,0,0,0,1,0,0,0,1,http://129.159.151.236/instagram/confirm.html
47,25,15,0,4,1,2,0,4,0,0,0,0,0,0,0,0.0,0.8298,0.1702,0.0,4.1956,3.8137,0,0,0,0,1,0,2,0,0,0,1,http://fedex-confirm-center.club/confirm/verify
41,18,6,9,3,1,1,0,3,0,0,1,1,0,0,1,0.0244,0.7805,0.1951,0.0,4.3059,3.6144,0,0,0,0,1,0,3,0,0,0,1,http://binanc3-unlock.men/login?auth=true
75,14,29,23,2,4,1,1,5,0,0,1,2,0,1,5,0.0667,0.72,0.2133,0.0,4.6232,2.8424,0,2,1,0,0,0,0,0,0,0,0,https://docs.bbc.co.uk/docs/v2/getting-started.html?session_id=7632&lang=en
43,29,6,0,3,3,1,0,3,0,0,0,0,0,0,3,0.0698,0.7442,0.186,0.0,4.2512,3.9228,0,2,1,0,1,0,1,0,0,0,1,https://facebook.com.alert-5e30de.men/alert
26,17,1,0,2,3,0,0,3,0,0,0,0,0,0,0,0.0,0.7308,0.2692,0.0,3.5843,3.2195,0,2,1,0,0,0,1,0,0,0,0,https://support.bbc.co.uk/
20,12,0,0,3,2,0,0,2,0,0,0,0,0,0,0,0.0,0.75,0.25,0.0,3.6842,3.2516,0,1,1,0,0,0,0,0,0,0,0,https://docs.mit.edu
45,30,8,0,3,3,1,0,3,0,0,0,0,0,0,5,0.1111,0.7111,0.1778,0.0,4.1722,3.8477,0,2,0,0,1,0,1,0,0,0,1,http://binance.com.recover-8899d9.win/recover
44,29,7,0,2,3,1,0,3,0,0,0,0,0,0,4,0.0909,0.7273,0.1818,0.0,4.2007,4.0044,0,2,1,0,1,0,1,0,0,0,1,https://coinbase.com.secure-e53c49.tk/secure
45,17,6,13,3,2,0,0,3,0,0,1,1,0,0,2,0.0444,0.7778,0.1778,0.0889,4.4914,3.4548,0,1,1,0,0,0,0,0,0,0,0,https://docs.stanford.edu/watch?v=dQw4w9WgXcQ
26,11,8,0,3,1,0,0,3,0,0,0,0,0,0,2,0.0769,0.7308,0.1923,0.0769,4.3347,3.4594,0,0,0,0,0,1,0,0,0,0,1,http://tinyurl.com/1qbZM0v
54,14,32,0,3,2,1,0,5,0,0,0,0,0,0,0,0.0,0.8333,0.1667,0.0,4.1949,3.0931,0,1,1,0,0,0,1,0,0,0,0,https://blog.yahoo.com/news/technology/science-updates
51,28,6,9,7,1,1,0,3,0,0,1,1,0,0,4,0.0784,0.7647,0.1569,0.0,4.5769,4.1106,0,0,0,0,1,0,3,0,0,0,1,http://w311sfarg0-ebayisapi.cricket/login?auth=true
38,26,5,0,3,3,1,0,3,0,0,0,0,0,0,3,0.0789,0.7105,0.2105,0.0,4.0208,3.7962,0,2,0,0,1,0,1,0,0,0,1,http://amazon.com.auth-57f9dd.cam/auth
73,29,22,13,3,1,2,0,5,0,0,1,1,0,0,5,0.0685,0.7808,0.1507,0.0,4.5755,4.0473,0,0,1,0,1,0,3,0,0,0,1,https://customer-service-facebook.xyz/webscr/confirm/submit?session=91531
49,12,29,0,3,3,1,0,5,0,0,0,0,0,0,1,0.0204,0.7755,0.2041,0.0,4.1396,3.085,0,1,1,0,0,0,0,0,0,0,0,https://docs.edx.org/docs/v2/getting-started.html
21,6,8,0,2,1,0,0,3,0,0,0,0,0,0,0,0.0,0.7619,0.2381,0.1905,3.9754,2.585,0,0,0,0,0,1,0,0,0,0,1,http://adf.ly/LfExKTo
49,12,29,0,3,3,1,0,5,0,0,0,0,0,0,1,0.0204,0.7755,0.2041,0.0,4.1067,2.8554,0,1,1,0,0,0,0,0,0,0,0,https://api.ieee.org/docs/v2/getting-started.html
21,6,8,0,2,1,0,0,3,0,0,0,0,0,0,0,0.0,0.7619,0.2381,0.1905,3.7849,1.9183,0,0,0,0,0,1,0,0,0,0,1,http://goo.gl/ylHjTQL
51,34,10,0,4,3,1,0,3,0,0,0,0,0,0,4,0.0784,0.7647,0.1569,0.0,4.3756,4.1385,0,2,0,0,1,0,1,0,0,0,1,http://facebook.com.ebayisapi-7d9c92.work/ebayisapi
61,17,13,22,3,2,0,0,4,0,0,1,2,0,1,6,0.0984,0.7213,0.1803,0.0,4.6358,3.4548,0,1,1,0,0,0,1,0,0,0,0,https://support.arxiv.org/profile/user?id=104928&tab=activity
57,13,13,22,3,2,0,0,4,0,0,1,2,0,1,6,0.1053,0.7018,0.193,0.0,4.6203,3.027,0,1,1,0,0,0,0,0,0,0,0,https://m.twitter.com/profile/user?id=104928&tab=activity
56,31,17,0,4,1,2,0,4,0,0,0,0,0,0,0,0.0,0.8571,0.1429,0.0,4.2105,3.9378,0,0,1,0,1,0,2,0,0,0,1,https://instagram-suspended-center.club/suspended/verify
50,16,26,0,3,2,1,0,5,0,0,0,0,0,0,0,0.0,0.82,0.18,0.0,4.224,3.4528,0,1,1,0,0,0,1,0,0,0,0,https://api.linkedin.com/help/faq/account-settings
30,14,8,0,2,2,0,0,3,0,0,0,0,0,0,0,0.0,0.8,0.2,0.0,3.56,3.182,0,1,1,0,0,0,0,0,0,0,0,https://docs.twitch.tv/contact
49,28,14,0,4,1,2,0,4,0,0,0,0,0,0,0,0.0,0.8367,0.1633,0.0,4.2803,4.0391,0,0,0,0,1,0,2,0,0,0,1,http://microsoft-update-center.buzz/update/verify
23,15,0,0,3,2,0,0,2,0,0,0,0,0,0,0,0.0,0.7826,0.2174,0.0,3.4971,2.9232,0,1,1,0,0,0,0,0,0,0,0,https://www.twitter.com
46,15,23,0,3,2,0,0,5,0,0,0,0,0,0,3,0.0652,0.7609,0.1739,0.0,4.1891,3.1899,0,1,1,0,0,0,0,0,0,0,0,https://blog.amazon.com/courses/cs101/syllabus
57,21,29,0,3,2,0,1,4,0,0,0,0,0,0,0,0.0,0.8596,0.1404,0.0175,4.1438,3.4633,0,1,0,0,0,1,1,0,0,0,0,http://support.pinterest.com/wiki/Artificial_intelligence
85,18,10,49,3,2,1,0,3,0,0,1,2,0,1,22,0.2588,0.6118,0.1294,0.0,4.8663,3.6835,0,0,0,0,0,0,2,0,0,0,1,http://billing-portal.com/index.php?token=76687ade467a638cf1ae1589007e2d08&target=dhl
42,11,23,0,3,1,0,0,5,0,0,0,0,0,0,3,0.0714,0.7619,0.1667,0.0,4.0703,3.2776,0,0,1,0,0,0,0,0,0,0,0,https://spotify.com/courses/cs101/syllabus
26,18,0,0,3,2,0,0,2,0,0,0,0,0,0,0,0.0,0.8077,0.1923,0.0,3.7672,3.4613,0,1,1,0,0,0,1,0,0,0,0,https://support.docker.com
42,18,6,9,2,1,1,0,3,0,0,1,1,0,0,1,0.0238,0.7857,0.1905,0.0,4.3088,3.4194,0,0,1,0,1,0,3,0,0,0,1,https://binanc3-invoice.ga/login?auth=true
71,30,20,13,3,1,2,0,5,0,0,1,1,0,0,5,0.0704,0.7746,0.1549,0.0,4.4672,3.7559,0,0,0,0,1,0,3,0,0,0,1,http://customer-service-microsoft.win/webscr/login/submit?session=86923
45,19,19,0,3,4,0,0,4,0,0,0,0,0,0,15,0.3333,0.4444,0.2222,0.0,4.3559,3.0391,1,0,0,0,0,0,1,0,1,0,1,http://120.65.139.208:8888/binance/login.html
46,31,8,0,4,3,1,0,3,0,0,0,0,0,0,2,0.0435,0.7826,0.1739,0.0,4.1621,3.889,0,2,0,0,1,0,1,0,0,0,1,http://binance.com.recover-dde1b5.work/recover
60,20,32,0,3,2,1,0,5,0,0,0,0,0,0,0,0.0,0.85,0.15,0.0,4.2033,3.8219,0,1,1,0,0,0,1,0,0,0,0,https://docs.theguardian.com/news/technology/science-updates
53,19,14,11,3,2,0,0,5,0,0,1,1,0,0,1,0.0189,0.7925,0.1887,0.0,4.415,3.5369,0,1,1,0,0,0,0,0,0,0,0,https://blog.cloudflare.com/api/v1/status?format=json
60,14,38,0,3,3,0,2,5,0,0,0,0,0,0,1,0.0167,0.8,0.1833,0.0,4.2924,3.3788,0,1,1,0,0,0,0,0,0,0,0,https://api.kaggle.com/library/archive/research_paper_v3.pdf
70,28,21,13,3,1,2,0,5,0,0,1,1,0,0,5,0.0714,0.7714,0.1571,0.0,4.3764,3.8249,0,0,0,0,1,0,3,0,0,0,1,http://customer-service-binance.fit/webscr/secure/submit?session=93275
48,25,15,0,3,1,2,0,4,0,0,0,0,0,0,0,0.0,0.8333,0.1667,0.0,4.1071,3.6235,0,0,1,0,1,0,2,0,0,0,1,https://amazon-recover-center.gdn/recover/verify
91,19,10,54,3,2,1,0,3,0,0,1,2,0,1,20,0.2198,0.6593,0.1209,0.0,4.849,3.4316,0,0,0,0,1,0,2,0,0,0,1,http://validate-portal.top/index.php?token=674cef8b2e33d4bfd067cd502507f526&target=metamask
90,18,10,54,3,2,1,0,3,0,0,1,2,0,1,17,0.1889,0.6889,0.1222,0.0,4.7929,3.4613,0,0,0,0,1,0,2,0,0,0,1,http://billing-portal.top/index.php?token=5323d683d7babd0ce2d45f7e0d4dd8e7&target=metamask
49,13,28,0,3,2,0,0,5,0,0,0,0,0,0,0,0.0,0.8367,0.1633,0.0,4.1171,3.027,0,1,1,0,0,0,0,0,0,0,0,https://www.adobe.com/products/enterprise/pricing
64,14,7,34,2,2,0,0,3,0,0,1,2,0,1,1,0.0156,0.7969,0.1875,0.0,4.4956,3.182,0,1,1,0,0,0,0,0,0,0,0,https://docs.twitch.tv/search?q=machine+learning+tutorial&page=2
57,23,26,0,3,2,1,0,5,0,0,0,0,0,0,0,0.0,0.8421,0.1579,0.0,4.2225,3.9149,0,1,1,0,0,0,2,0,0,0,0,https://support.theguardian.com/help/faq/account-settings
45,22,6,9,4,1,1,0,3,0,0,1,1,0,0,3,0.0667,0.7556,0.1778,0.0,4.4579,3.914,0,0,0,0,1,0,3,0,0,0,1,http://fac3b00k-security.rest/login?auth=true
58,14,13,22,3,2,0,0,4,0,0,1,2,0,1,6,0.1034,0.7069,0.1897,0.0,4.6979,3.5216,0,1,1,0,0,0,0,0,0,0,0,https://m.stanford.edu/profile/user?id=104928&tab=activity
91,18,10,54,3,2,1,0,3,0,0,1,2,0,1,22,0.2418,0.6374,0.1209,0.0,4.8687,3.6835,0,0,1,0,0,0,2,0,0,0,1,https://billing-portal.com/index.php?token=978702c40771dd6191a12ea9c96e2b6f&target=coinbase
46,23,15,0,3,1,2,0,4,0,0,0,0,0,0,0,0.0,0.8261,0.1739,0.0,3.9708,3.5884,0,0,1,0,1,0,2,0,0,0,1,https://usps-recover-center.cam/recover/verify
63,15,40,0,3,6,1,0,5,0,0,0,0,0,0,3,0.0476,0.746,0.2063,0.0,4.382,3.5069,0,1,1,0,0,0,0,0,0,0,0,https://api.nytimes.com/downloads/releases/version-4.1.2.tar.gz
95,24,10,52,2,2,1,0,3,0,0,1,2,0,1,24,0.2526,0.6316,0.1158,0.0,4.8561,3.6054,0,0,1,0,0,0,3,0,0,0,1,https://authentication-portal.cc/index.php?token=0de21901c38a2795131a440fd5268f14&target=google
54,17,29,0,3,2,0,1,4,0,0,0,0,0,0,0,0.0,0.8519,0.1481,0.0185,4.2618,3.7345,0,1,1,0,0,0,0,0,0,0,0,https://m.theguardian.com/wiki/Artificial_intelligence
61,13,15,24,3,2,1,1,3,0,0,1,2,0,1,5,0.082,0.7213,0.1967,0.0,4.6745,3.0851,0,1,1,0,0,0,0,0,0,0,0,https://blog.nasa.gov/privacy-policy?session_id=20194&lang=en
56,12,13,22,3,2,0,0,4,0,0,1,2,0,1,6,0.1071,0.6964,0.1964,0.0,4.709,2.8554,0,1,1,0,0,0,0,0,0,0,0,https://m.ubuntu.com/profile/user?id=104928&tab=activity
79,17,29,24,3,2,1,1,5,0,0,1,2,0,1,6,0.0759,0.7468,0.1772,0.0,4.6106,3.6901,0,0,1,0,0,0,0,0,0,0,0,https://stackoverflow.com/docs/v2/getting-started.html?session_id=62636&lang=en
88,20,10,49,3,2,1,0,3,0,0,1,2,0,1,20,0.2273,0.6477,0.125,0.0,4.9148,3.8219,0,0,1,0,0,0,2,0,0,0,1,https://suspended-portal.com/index.php?token=3483712469d6fbef64dc03ffbd65c265&target=dhl
26,11,8,0,3,1,0,0,3,0,0,0,0,0,0,0,0.0,0.8077,0.1923,0.1154,4.1039,3.4594,0,0,0,0,0,1,0,0,0,0,1,http://tinyurl.com/DoVsVsw
67,17,7,34,3,2,0,0,3,0,0,1,2,0,1,1,0.0149,0.806,0.1791,0.0,4.4994,3.3816,0,1,1,0,0,0,0,0,0,0,0,https://docs.linkedin.com/search?q=machine+learning+tutorial&page=2
37,12,18,0,1,4,0,0,4,0,0,0,0,0,0,9,0.2432,0.5135,0.2432,0.0,4.3242,3.0221,1,0,0,0,0,0,1,0,0,0,1,http://89.126.105.4/usps/recover.html
84,15,10,51,3,2,1,0,3,0,0,1,2,0,1,23,0.2738,0.5952,0.131,0.0,4.9233,3.5069,0,0,0,0,0,0,2,0,0,0,1,http://auth-portal.com/index.php?token=575072f90c373ca213d9b71621c4db46&target=chase
70,29,19,13,3,1,2,0,5,0,0,1,1,0,0,5,0.0714,0.7714,0.1571,0.0,4.3895,3.6595,0,0,1,0,1,0,3,0,0,0,1,https://customer-service-metamask.kim/webscr/auth/submit?session=73500
50,28,15,0,4,1,2,0,4,0,0,0,0,0,0,0,0.0,0.84,0.16,0.0,4.146,3.8074,0,0,0,0,1,0,2,0,0,0,1,http://metamask-invoice-center.work/invoice/verify
43,18,17,0,3,2,2,0,3,0,0,0,0,0,0,0,0.0,0.814,0.186,0.0,3.9414,3.5033,0,1,1,0,0,1,1,0,0,0,0,https://docs.pinterest.com/terms-of-service
25,16,1,0,3,2,0,0,3,0,0,0,0,0,0,0,0.0,0.76,0.24,0.0,3.6431,3.375,0,1,1,0,0,0,1,0,0,0,0,https://support.nasa.gov/
65,19,38,0,3,3,0,2,5,0,0,0,0,0,0,1,0.0154,0.8154,0.1692,0.0,4.2091,3.2866,0,1,1,0,0,0,0,0,0,0,0,https://docs.salesforce.com/library/archive/research_paper_v3.pdf
85,13,39,24,3,2,2,1,6,0,0,1,2,0,1,11,0.1294,0.6824,0.1882,0.0,4.7204,3.027,0,1,1,0,0,0,0,0,0,0,0,https://www.apple.com/blog/2024/05/machine-learning-advances?session_id=59800&lang=en
42,28,7,0,5,3,1,0,3,0,0,0,0,0,0,4,0.0952,0.7143,0.1905,0.0,4.2845,4.1106,0,2,0,0,1,0,1,0,0,0,1,http://usps.com.unlock-02ec23.party/unlock
73,14,26,24,3,2,1,1,5,0,0,1,2,0,1,5,0.0685,0.7397,0.1918,0.0,4.6594,3.0391,0,1,1,0,0,0,2,0,0,0,0,https://www.paypal.com/help/faq/account-settings?session_id=96484&lang=en
22,7,8,0,2,1,0,0,3,0,0,0,0,0,0,0,0.0,0.7727,0.2273,0.1364,3.9706,2.5216,0,0,0,0,0,1,0,0,0,0,1,http://buff.ly/zdJOnFd
44,17,20,0,2,4,0,0,4,0,0,0,0,0,0,13,0.2955,0.4773,0.2273,0.0,4.2433,2.8554,1,0,0,0,0,0,1,0,1,0,1,http://21.240.66.95:8888/dropbox/portal.html
48,14,27,0,3,4,0,0,4,0,0,0,0,0,0,11,0.2292,0.5833,0.1875,0.0,4.4702,2.8424,1,0,0,0,0,0,1,0,0,0,1,http://64.247.248.100/bankofamerica/account.html
37,14,6,9,2,1,1,0,3,0,0,1,1,0,0,2,0.0541,0.7297,0.2162,0.0,4.3347,3.5216,0,0,0,0,1,0,3,0,0,0,1,http://f3d3x-alert.cf/login?auth=true
88,17,10,52,2,2,1,0,3,0,0,1,2,0,1,19,0.2159,0.6591,0.125,0.0,4.8736,3.2928,0,0,1,0,0,0,3,0,0,0,1,https://recover-portal.cc/index.php?token=91d3c3951bf405992deb63cff3cd88f4&target=paypal
59,11,15,24,3,1,1,1,3,0,0,1,2,0,1,5,0.0847,0.7288,0.1864,0.0,4.6405,2.914,0,0,1,0,0,0,0,0,0,0,0,https://harvard.edu/privacy-policy?session_id=71119&lang=en
55,18,29,0,3,3,1,0,5,0,0,0,0,0,0,1,0.0182,0.8,0.1818,0.0,4.2104,3.281,0,1,1,0,0,0,1,0,0,0,0,https://support.ubuntu.com/docs/v2/getting-started.html
50,15,28,0,3,2,0,0,5,0,0,0,0,0,0,0,0.0,0.84,0.16,0.0,4.0811,3.2402,0,1,0,0,0,0,1,0,0,0,0,http://docs.paypal.com/products/enterprise/pricing
54,18,28,0,3,2,0,0,5,0,0,0,0,0,0,0,0.0,0.8519,0.1481,0.0,3.9587,3.4613,0,1,1,0,0,0,1,0,0,0,0,https://support.oracle.com/products/enterprise/pricing
42,14,6,13,3,2,0,0,3,0,0,1,1,0,0,2,0.0476,0.7619,0.1905,0.0952,4.4633,3.3788,0,1,1,0,0,0,0,0,0,0,0,https://docs.arxiv.org/watch?v=dQw4w9WgXcQ
85,14,10,52,2,2,1,0,3,0,0,1,2,0,1,19,0.2235,0.6471,0.1294,0.0,4.858,3.3788,0,0,1,0,0,0,2,0,0,0,1,https://auth-portal.cc/index.php?token=4ae713fdeab65b2e726a63040dea5278&target=amazon
24,15,1,0,3,2,0,0,3,0,0,0,0,0,0,0,0.0,0.75,0.25,0.0,3.5739,3.2402,0,1,1,0,0,0,1,0,0,0,0,https://support.cnn.com/
26,11,8,0,3,1,0,0,3,0,0,0,0,0,0,2,0.0769,0.7308,0.1923,0.0385,4.1808,3.4594,0,0,0,0,0,1,0,0,0,0,1,http://tinyurl.com/8owwQ5d
51,14,29,0,3,2,0,1,4,0,0,0,0,0,0,0,0.0,0.8431,0.1569,0.0196,4.1447,2.8424,0,1,1,0,0,0,0,0,0,0,0,https://www.google.com/wiki/Artificial_intelligence
72,28,23,13,6,1,2,0,5,0,0,1,1,0,0,5,0.0694,0.7778,0.1528,0.0,4.3547,3.5801,0,0,0,0,1,0,3,0,0,0,1,http://customer-service-usps.review/webscr/password/submit?session=42955
45,30,7,0,5,3,1,0,3,0,0,0,0,0,0,5,0.1111,0.7111,0.1778,0.0,4.4134,4.0981,0,2,1,0,1,0,1,0,0,0,1,https://amazon.com.unlock-2f2494.trade/unlock
74,32,21,13,7,1,2,0,5,0,0,1,1,0,0,5,0.0676,0.7838,0.1486,0.0,4.4272,3.8514,0,0,0,0,1,0,2,0,0,0,1,http://customer-service-dropbox.cricket/webscr/webscr/submit?session=29463
49,15,26,0,3,2,1,0,5,0,0,0,0,0,0,0,0.0,0.8163,0.1837,0.0,4.2703,3.3736,0,1,1,0,0,0,1,0,0,0,0,https://docs.tumblr.com/help/faq/account-settings
82,22,28,23,3,2,0,1,5,0,0,1,2,0,1,4,0.0488,0.7927,0.1585,0.0,4.3131,3.261,0,1,1,0,0,1,0,0,0,0,0,https://docs.sciencedirect.com/products/enterprise/pricing?session_id=2671&lang=en
42,28,7,0,3,3,1,0,3,0,0,0,0,0,0,4,0.0952,0.7143,0.1905,0.0,4.4336,4.1375,0,2,0,0,1,0,1,0,0,0,1,http://amazon.com.secure-bb7610.win/secure
79,14,32,24,3,2,1,1,5,0,0,1,2,0,1,5,0.0633,0.7595,0.1772,0.0,4.5501,3.0391,0,1,1,0,0,0,1,0,0,0,0,https://api.amazon.com/news/technology/science-updates?session_id=42649&lang=en
62,18,13,22,3,2,0,0,4,0,0,1,2,0,1,6,0.0968,0.7258,0.1774,0.0,4.5948,3.5033,0,1,1,0,0,1,1,0,0,0,0,https://support.reddit.com/profile/user?id=104928&tab=activity
52,15,29,0,3,3,1,0,5,0,0,0,0,0,0,1,0.0192,0.7885,0.1923,0.0,4.0805,3.1899,0,1,1,0,0,1,0,0,0,0,0,https://docs.reddit.com/docs/v2/getting-started.html
38,22,8,0,3,2,0,0,3,0,0,0,0,0,0,0,0.0,0.8421,0.1579,0.0,3.9483,3.6069,0,1,1,0,0,1,0,0,0,0,0,https://blog.sciencedirect.com/contact
62,13,7,34,2,3,0,0,3,0,0,1,2,0,1,1,0.0161,0.7742,0.2097,0.0,4.502,3.027,0,2,0,0,0,0,0,0,0,0,0,http://api.bbc.co.uk/search?q=machine+learning+tutorial&page=2
40,15,17,0,3,2,2,0,3,0,0,0,0,0,0,0,0.0,0.8,0.2,0.0,4.2464,3.6402,0,1,1,0,0,0,1,0,0,0,0,https://blog.nature.com/terms-of-service
19,4,8,0,2,1,0,0,3,0,0,0,0,0,0,2,0.1053,0.6316,0.2632,0.2105,3.7474,2.0,0,0,0,0,0,1,0,0,0,0,1,http://t.co/KrCZA43
70,28,21,13,4,1,2,0,5,0,0,1,1,0,0,5,0.0714,0.7714,0.1571,0.0,4.4358,3.8249,0,0,0,0,1,0,4,0,0,0,1,http://customer-service-paypal.rest/webscr/wallet/submit?session=91971
75,33,21,13,2,1,2,0,5,0,0,1,1,0,0,5,0.0667,0.7867,0.1467,0.0,4.5383,3.9832,0,0,0,0,1,0,3,0,0,0,1,http://customer-service-bankofamerica.ml/webscr/update/submit?session=75745
21,6,8,0,2,1,0,0,3,0,0,0,0,0,0,0,0.0,0.7619,0.2381,0.1905,3.8442,2.585,0,0,0,0,0,1,0,0,0,0,1,http://bit.ly/YvmYGKr
47,13,1,24,3,2,0,1,3,0,0,1,2,0,1,5,0.1064,0.6596,0.234,0.0,4.453,3.027,0,1,1,0,0,0,0,0,0,0,0,https://api.apple.com/?session_id=31781&lang=en
60,13,39,0,3,2,2,0,6,0,0,0,0,0,0,6,0.1,0.7167,0.1833,0.0,4.6046,3.027,0,1,1,0,0,0,0,0,0,0,0,https://www.quora.com/blog/2024/05/machine-learning-advances
46,25,14,0,3,1,2,0,4,0,0,0,0,0,0,0,0.0,0.8261,0.1739,0.0,3.8865,3.4293,0,0,0,0,1,0,2,0,0,0,1,http://binance-signin-center.fit/signin/verify
45,7,30,0,3,1,2,0,4,0,0,0,0,0,0,0,0.0,0.8222,0.1778,0.0,4.0702,2.8074,0,0,1,0,0,0,0,0,0,0,0,https://edx.org/projects/open-source-software
85,16,10,51,3,2,1,0,3,0,0,1,2,0,1,21,0.2471,0.6235,0.1294,0.0,4.7704,3.3278,0,0,0,0,1,0,2,0,0,0,1,http://login-portal.top/index.php?token=5759555c9ec68a8b8f2d5bba2c394300&target=apple
85,18,10,49,2,2,1,0,3,0,0,1,2,0,1,22,0.2588,0.6118,0.1294,0.0,4.8268,3.5724,0,0,0,0,0,0,2,0,0,0,1,http://validate-portal.cc/index.php?token=ea1f5521728d7b7c90316688c7d239ca&target=dhl
44,31,6,0,5,3,1,0,3,0,0,0,0,0,0,6,0.1364,0.6818,0.1818,0.0,4.51,4.3005,0,2,0,0,1,0,1,0,0,0,1,http://metamask.com.login-025478.trade/login
53,16,29,0,3,2,0,1,4,0,0,0,0,0,0,0,0.0,0.8491,0.1509,0.0189,4.1966,3.1556,0,1,1,0,0,0,0,0,0,0,0,https://www.coursera.org/wiki/Artificial_intelligence
75,32,22,13,4,1,2,0,5,0,0,1,1,0,0,5,0.0667,0.7867,0.1467,0.0,4.5184,3.8247,0,0,0,0,1,0,4,0,0,0,1,http://customer-service-wellsfargo.rest/webscr/payment/submit?session=26675
52,31,14,0,8,1,2,0,4,0,0,0,0,0,0,0,0.0,0.8462,0.1538,0.0,4.2381,3.7844,0,0,0,0,1,0,2,0,0,0,1,http://coinbase-webscr-center.download/webscr/verify
50,34,9,0,6,3,1,0,3,0,0,0,0,0,0,4,0.08,0.76,0.16,0.0,4.3264,4.1385,0,2,0,0,1,0,1,0,0,0,1,http://dropbox.com.password-3df979.review/password
67,11,23,24,3,1,0,1,5,0,0,1,2,0,1,8,0.1194,0.7015,0.1791,0.0,4.6815,3.0272,0,0,1,0,0,0,0,0,0,0,0,https://dropbox.com/courses/cs101/syllabus?session_id=29305&lang=en
51,13,30,0,3,2,2,0,4,0,0,0,0,0,0,0,0.0,0.8235,0.1765,0.0,4.0179,3.027,0,1,1,0,0,0,0,0,0,0,0,https://m.twitter.com/projects/open-source-software
38,14,17,0,2,4,0,0,4,0,0,0,0,0,0,11,0.2895,0.4737,0.2368,0.0,3.9027,2.2988,1,0,0,0,0,0,1,0,0,0,1,http://151.191.199.72/usps/update.html
42,13,22,0,3,4,0,0,4,0,0,0,0,0,0,10,0.2381,0.5476,0.2143,0.0,4.2611,2.7193,1,0,0,0,0,0,1,0,0,0,1,http://39.93.155.200/metamask/banking.html
57,13,13,22,3,2,0,0,4,0,0,1,2,0,1,6,0.1053,0.7018,0.193,0.0,4.7341,3.1808,0,1,1,0,0,0,0,0,0,0,0,https://www.intel.com/profile/user?id=104928&tab=activity
89,17,10,53,2,2,1,0,3,0,0,1,2,0,1,22,0.2472,0.6292,0.1236,0.0,4.7691,3.5725,0,0,1,0,0,0,2,0,0,0,1,https://invoice-portal.cc/index.php?token=a1b79bcbf15550b74b610960790dc706&target=binance
72,13,26,24,3,2,1,1,5,0,0,1,2,0,1,5,0.0694,0.7361,0.1944,0.0,4.5255,3.027,0,1,1,0,0,0,1,0,0,0,0,https://docs.ieee.org/help/faq/account-settings?session_id=38132&lang=en
79,9,39,23,3,2,2,1,6,0,0,1,2,0,1,10,0.1266,0.6709,0.2025,0.0,4.7035,2.7255,0,1,0,0,0,0,0,0,0,0,0,http://m.mit.edu/blog/2024/05/machine-learning-advances?session_id=6155&lang=en
92,15,10,59,3,2,1,0,3,0,0,1,2,0,1,23,0.25,0.6304,0.1196,0.0,4.8442,3.1899,0,0,0,0,1,0,2,0,0,0,1,http://auth-portal.top/index.php?token=290ec3359f5fe53a624123a7d13882f0&target=bankofamerica
48,33,7,0,8,3,1,0,3,0,0,0,0,0,0,5,0.1042,0.7292,0.1667,0.0,4.4073,4.165,0,2,1,0,1,0,2,0,0,0,1,https://paypal.com.secure-309c69.download/secure
47,33,7,0,6,3,1,0,3,0,0,0,0,0,0,5,0.1064,0.7234,0.1702,0.0,4.3093,4.0667,0,2,0,0,1,0,1,0,0,0,1,http://metamask.com.signin-0047c9.webcam/signin
21,6,8,0,2,1,0,0,3,0,0,0,0,0,0,2,0.0952,0.6667,0.2381,0.0952,3.8802,2.585,0,0,0,0,0,1,0,0,0,0,1,http://adf.ly/d2uyCB3
19,10,1,0,3,1,0,0,3,0,0,0,0,0,0,0,0.0,0.7368,0.2632,0.0,3.5766,2.7219,0,0,1,0,0,0,0,0,0,0,0,https://amazon.com/
61,14,39,0,3,2,2,0,6,0,0,0,0,0,0,6,0.0984,0.7213,0.1803,0.0,4.4423,3.3788,0,1,1,0,0,0,0,0,0,0,0,https://api.gitlab.com/blog/2024/05/machine-learning-advances
45,11,14,11,3,2,0,0,5,0,0,1,1,0,0,1,0.0222,0.7556,0.2222,0.0,4.2167,3.0958,0,1,1,0,0,0,0,0,0,0,0,https://m.intel.com/api/v1/status?format=json
49,13,28,0,3,2,0,0,5,0,0,0,0,0,0,0,0.0,0.8367,0.1633,0.0,4.0006,3.2389,0,1,1,0,0,0,0,0,0,0,0,https://m.spotify.com/products/enterprise/pricing
43,14,22,0,3,4,0,0,4,0,0,0,0,0,0,11,0.2558,0.5349,0.2093,0.0,4.3969,2.6995,1,0,0,0,0,0,1,0,0,0,1,http://198.205.28.119/coinbase/service.html
44,19,17,0,3,2,2,0,3,0,0,0,0,0,0,0,0.0,0.8182,0.1818,0.0,4.127,3.8269,0,1,1,0,0,0,2,0,0,0,0,https://support.netflix.com/terms-of-service
21,6,8,0,2,1,0,0,3,0,0,0,0,0,0,1,0.0476,0.7143,0.2381,0.1429,3.749,2.585,0,0,0,0,0,1,0,0,0,0,1,http://bit.do/EhVs9Ms
20,5,8,0,2,1,0,0,3,0,0,0,0,0,0,1,0.05,0.7,0.25,0.25,3.7842,2.3219,0,0,0,0,0,1,0,0,0,0,1,http://ow.ly/XhX6HYN
45,14,23,0,3,2,0,0,5,0,0,0,0,0,0,3,0.0667,0.7556,0.1778,0.0,4.0643,3.0931,0,1,1,0,0,0,0,0,0,0,0,https://blog.yahoo.com/courses/cs101/syllabus
55,18,29,0,3,2,0,1,4,0,0,0,0,0,0,0,0.0,0.8545,0.1455,0.0182,4.2927,3.3502,0,1,1,0,0,0,0,0,0,0,0,https://api.duckduckgo.com/wiki/Artificial_intelligence
20,5,8,0,2,1,0,0,3,0,0,0,0,0,0,2,0.1,0.65,0.25,0.05,3.7842,2.3219,0,0,0,0,0,1,0,0,0,0,1,http://is.gd/fgX5o1d
56,35,14,0,7,1,2,0,4,0,0,0,0,0,0,0,0.0,0.8571,0.1429,0.0,4.1737,3.8074,0,0,0,0,1,0,2,0,0,0,1,http://bankofamerica-wallet-center.science/wallet/verify
64,18,38,0,3,3,0,2,5,0,0,0,0,0,0,1,0.0156,0.8125,0.1719,0.0,4.26,3.5033,0,1,1,0,0,0,1,0,0,0,0,https://support.nature.com/library/archive/research_paper_v3.pdf
27,11,8,0,3,1,0,0,3,0,0,0,0,0,0,0,0.0,0.8148,0.1852,0.0,3.8245,3.4594,0,0,1,0,0,0,0,0,0,0,0,https://netflix.com/contact
69,19,7,34,3,2,0,0,3,0,0,1,2,0,1,1,0.0145,0.8116,0.1739,0.0,4.5446,3.0106,0,1,1,0,0,0,0,0,0,0,0,https://docs.duckduckgo.com/search?q=machine+learning+tutorial&page=2
25,17,0,0,3,2,0,0,2,0,0,0,0,0,0,0,0.0,0.8,0.2,0.0,3.6733,3.3372,0,1,1,0,0,0,1,0,0,0,0,https://support.quora.com
42,14,6,13,3,1,0,0,3,0,0,1,1,0,0,2,0.0476,0.7857,0.1667,0.0952,4.5109,3.2359,0,0,1,0,0,0,0,0,0,0,0,https://salesforce.com/watch?v=dQw4w9WgXcQ
43,28,7,0,3,3,1,0,3,0,0,0,0,0,0,5,0.1163,0.6977,0.186,0.0,4.3419,4.0567,0,2,1,0,1,0,1,0,0,0,1,https://google.com.secure-12034c.xyz/secure
68,18,7,34,3,2,0,0,3,0,0,1,2,0,1,1,0.0147,0.8088,0.1765,0.0,4.4435,3.4613,0,1,1,0,0,0,1,0,0,0,0,https://support.amazon.com/search?q=machine+learning+tutorial&page=2
20,5,8,0,2,1,0,0,3,0,0,0,0,0,0,2,0.1,0.65,0.25,0.2,3.8842,1.9219,0,0,0,0,0,1,0,0,0,0,1,http://bc.vc/1nQAP9E
44,23,14,0,3,1,2,0,4,0,0,0,0,0,0,0,0.0,0.8182,0.1818,0.0,3.8968,3.4642,0,0,0,0,1,0,2,0,0,0,1,http://chase-secure-center.top/secure/verify
63,15,40,0,3,6,1,0,5,0,0,0,0,0,0,3,0.0476,0.746,0.2063,0.0,4.4517,3.1899,0,1,1,0,0,0,0,0,0,0,0,https://blog.ubuntu.com/downloads/releases/version-4.1.2.tar.gz
49,15,14,11,3,2,0,0,5,0,0,1,1,0,0,1,0.0204,0.7755,0.2041,0.0,4.2937,3.5069,0,1,1,0,0,0,0,0,0,0,0,https://docs.gitlab.com/api/v1/status?format=json
52,29,16,0,5,1,2,0,4,0,0,0,0,0,0,0,0.0,0.8462,0.1538,0.0,4.0267,3.647,0,0,0,0,1,0,2,0,0,0,1,http://binance-validate-center.space/validate/verify
58,14,13,22,3,2,0,0,4,0,0,1,2,0,1,6,0.1034,0.7069,0.1897,0.0,4.7205,3.0931,0,1,1,0,0,0,0,0,0,0,0,https://blog.yahoo.com/profile/user?id=104928&tab=activity
49,26,16,0,4,1,2,0,4,0,0,0,0,0,0,0,0.0,0.8367,0.1633,0.0,4.1659,3.7672,0,0,0,0,1,0,2,0,0,0,1,http://chase-password-center.work/password/verify
62,14,40,0,3,6,1,0,5,0,0,0,0,0,0,3,0.0484,0.7419,0.2097,0.0,4.4665,3.3249,0,1,1,0,0,0,0,0,0,0,0,https://www.github.com/downloads/releases/version-4.1.2.tar.gz
44,19,17,0,3,2,2,0,3,0,0,0,0,0,0,0,0.0,0.8182,0.1818,0.0,3.9159,3.4058,0,1,1,0,0,0,2,0,0,0,0,https://support.twitter.com/terms-of-service
54,39,7,0,7,3,1,0,3,0,0,0,0,0,0,5,0.0926,0.7593,0.1481,0.0,4.3607,4.1217,0,2,1,0,1,0,1,0,0,0,1,https://bankofamerica.com.webscr-b38361.cricket/webscr
88,14,10,56,3,2,1,0,3,0,0,1,2,0,1,19,0.2159,0.6591,0.125,0.0,4.9153,3.3788,0,0,0,0,0,0,2,0,0,0,1,http://pay-portal.com/index.php?token=33f3e67cf4c4d8b101690fe16f9ba10d&target=wellsfargo
45,30,8,0,6,3,1,0,3,0,0,0,0,0,0,2,0.0444,0.7778,0.1778,0.0,4.208,4.0062,0,2,0,0,1,0,1,0,0,0,1,http://usps.com.invoice-fec6f9.stream/invoice
24,15,1,0,3,2,0,0,3,0,0,0,0,0,0,0,0.0,0.75,0.25,0.0,3.8035,3.3736,0,1,1,0,0,0,0,0,0,0,0,https://api.archive.org/
87,16,10,53,3,2,1,0,3,0,0,1,2,0,1,20,0.2299,0.6437,0.1264,0.0,4.8465,3.375,0,0,0,0,0,0,2,0,0,0,1,http://alert-portal.com/index.php?token=f1b5b37972520ba1d148d2e062a3e6ed&target=netflix
20,5,8,0,2,1,0,0,3,0,0,0,0,0,0,3,0.15,0.6,0.25,0.1,3.7842,1.9219,0,0,0,0,0,1,0,0,0,0,1,http://bc.vc/m5T5Q6q
50,29,14,0,4,1,2,0,4,0,0,0,0,0,0,0,0.0,0.84,0.16,0.0,4.066,3.7025,0,0,0,0,1,0,2,0,0,0,1,http://wellsfargo-portal-center.rest/portal/verify
36,13,15,0,3,2,1,0,3,0,0,0,0,0,0,0,0.0,0.8056,0.1944,0.0,4.1552,3.1808,0,1,1,0,0,0,0,0,0,0,0,https://www.intel.com/privacy-policy
67,27,19,13,2,1,2,0,5,0,0,1,1,0,0,5,0.0746,0.7612,0.1642,0.0,4.5399,3.9303,0,0,0,0,1,0,3,0,0,0,1,http://customer-service-dropbox.ml/webscr/auth/submit?session=19015
45,17,21,0,2,4,0,0,4,0,0,0,0,0,0,13,0.2889,0.4889,0.2222,0.0,4.267,2.6258,1,0,0,0,0,0,1,0,1,0,1,http://68.70.227.52:8888/netflix/recover.html
60,14,38,0,3,3,0,2,5,0,0,0,0,0,0,1,0.0167,0.8,0.1833,0.0,4.3652,2.8424,0,1,1,0,0,0,0,0,0,0,0,https://www.google.com/library/archive/research_paper_v3.pdf
73,30,22,13,3,1,2,0,5,0,0,1,1,0,0,5,0.0685,0.7808,0.1507,0.0,4.4536,3.8477,0,0,0,0,1,0,3,0,0,0,1,http://customer-service-microsoft.gdn/webscr/support/submit?session=63248
70,22,40,0,3,6,1,0,5,0,0,0,0,0,0,3,0.0429,0.7714,0.1857,0.0,4.4451,3.8231,0,1,1,0,0,0,0,0,0,0,0,https://blog.stackoverflow.com/downloads/releases/version-4.1.2.tar.gz
50,29,14,0,5,1,2,0,4,0,0,0,0,0,0,0,0.0,0.84,0.16,0.0,4.3337,3.9263,0,0,0,0,1,0,2,0,0,0,1,http://instagram-unlock-center.space/unlock/verify
59,18,8,24,3,2,0,1,3,0,0,1,2,0,1,5,0.0847,0.7288,0.1864,0.0,4.4954,3.4613,0,1,1,0,0,0,1,0,0,0,0,https://support.oracle.com/contact?session_id=64472&lang=en
37,14,6,9,3,1,1,0,3,0,0,1,1,0,0,1,0.027,0.7568,0.2162,0.0,4.3242,3.3249,0,0,0,0,1,0,3,0,0,0,1,http://amaz0n-pay.kim/login?auth=true
51,27,6,9,5,1,1,0,3,0,0,1,1,0,0,2,0.0392,0.8039,0.1569,0.0,4.508,3.8842,0,0,1,0,1,0,3,0,0,0,1,https://bank0fam3rica-service.space/login?auth=true
78,16,29,24,3,3,1,1,5,0,0,1,2,0,1,6,0.0769,0.7308,0.1923,0.0,4.5642,3.625,0,1,1,0,0,0,0,0,0,0,0,https://blog.nytimes.com/docs/v2/getting-started.html?session_id=28102&lang=en
27,18,1,0,3,2,0,0,3,0,0,0,0,0,0,0,0.0,0.7778,0.2222,0.0,3.7542,3.4613,0,1,1,0,0,0,1,0,0,0,0,https://support.amazon.com/
44,16,6,13,3,2,0,0,3,0,0,1,1,0,0,2,0.0455,0.7727,0.1818,0.0909,4.6009,3.4528,0,1,1,0,0,0,0,0,0,0,0,https://api.linkedin.com/watch?v=dQw4w9WgXcQ
30,14,8,0,3,2,0,0,3,0,0,0,0,0,0,0,0.0,0.8,0.2,0.0,3.7777,3.3788,0,1,1,0,0,0,0,0,0,0,0,https://api.gitlab.com/contact
42,28,7,0,3,3,1,0,3,0,0,0,0,0,0,2,0.0476,0.7619,0.1905,0.0,4.1236,3.8868,0,2,0,0,1,0,1,0,0,0,1,http://google.com.update-1dbb5b.gdn/update
39,16,6,9,4,1,1,0,3,0,0,1,1,0,0,4,0.1026,0.6923,0.2051,0.0,4.1756,3.5,0,0,0,0,1,0,2,0,0,0,1,http://g00g13-auth.date/login?auth=true
48,26,15,0,3,1,2,0,4,0,0,0,0,0,0,0,0.0,0.8333,0.1667,0.0,4.142,3.7155,0,0,0,0,1,0,2,0,0,0,1,http://netflix-banking-center.men/banking/verify
39,16,15,0,3,2,1,0,3,0,0,0,0,0,0,0,0.0,0.8205,0.1795,0.0,4.0898,3.3278,0,1,1,0,0,0,0,0,0,0,0,https://docs.twitter.com/privacy-policy
35,10,17,0,3,1,2,0,3,0,0,0,0,0,0,0,0.0,0.8,0.2,0.0,4.1503,3.1219,0,0,1,0,0,0,1,0,0,0,0,https://kaggle.com/terms-of-service
43,19,6,9,5,1,1,0,3,0,0,1,1,0,0,4,0.093,0.7209,0.186,0.0,4.3129,3.6819,0,0,1,0,1,0,3,0,0,0,1,https://g00g13-signin.trade/login?auth=true
34,11,15,0,2,2,1,0,3,0,0,0,0,0,0,0,0.0,0.7941,0.2059,0.0,4.0797,3.0958,0,1,1,0,0,0,0,0,0,0,0,https://api.zoom.us/privacy-policy
58,18,32,0,3,2,1,0,5,0,0,0,0,0,0,0,0.0,0.8448,0.1552,0.0,4.2761,3.6144,0,1,1,0,0,0,1,0,0,0,0,https://api.cloudflare.com/news/technology/science-updates
48,26,15,0,4,1,2,0,4,0,0,0,0,0,0,0,0.0,0.8333,0.1667,0.0,3.9821,3.5074,0,0,0,0,1,0,2,0,0,0,1,http://amazon-recover-center.loan/recover/verify
37,14,15,0,3,2,1,0,3,0,0,0,0,0,0,0,0.0,0.8108,0.1892,0.0,3.9927,3.2359,0,1,1,0,0,0,0,0,0,0,0,https://api.oracle.com/privacy-policy
42,19,6,9,3,1,1,0,3,0,0,1,1,0,0,1,0.0238,0.7857,0.1905,0.0,4.318,3.6819,0,0,0,0,0,1,4,0,0,0,1,http://binanc3-payment.com/login?auth=true
71,28,22,13,3,1,2,0,5,0,0,1,1,0,0,5,0.0704,0.7746,0.1549,0.0,4.5549,3.9138,0,0,0,0,1,0,3,0,0,0,1,http://customer-service-dropbox.cam/webscr/billing/submit?session=68811
38,12,19,0,2,4,0,0,4,0,0,0,0,0,0,9,0.2368,0.5263,0.2368,0.0,3.8,2.2296,1,0,0,0,0,0,2,0,0,0,1,http://99.31.139.71/paypal/portal.html
50,13,29,0,3,3,1,0,5,0,0,0,0,0,0,1,0.02,0.78,0.2,0.0,4.0869,3.027,0,1,1,0,0,0,0,0,0,0,0,https://m.twitter.com/docs/v2/getting-started.html
76,15,28,24,3,2,0,1,5,0,0,1,2,0,1,5,0.0658,0.7632,0.1711,0.0,4.4965,3.0566,0,1,1,0,0,0,0,0,0,0,0,https://docs.amazon.com/products/enterprise/pricing?session_id=24394&lang=en
47,14,1,24,3,2,0,1,3,0,0,1,2,0,1,5,0.1064,0.6596,0.234,0.0,4.536,3.2359,0,1,0,0,0,0,0,0,0,0,0,http://m.linkedin.com/?session_id=82396&lang=en
51,27,6,9,3,1,2,0,3,0,0,1,1,0,0,0,0.0,0.8235,0.1765,0.0,4.202,3.634,0,0,1,0,1,0,4,0,0,0,1,https://instagram-secure-signin.gdn/login?auth=true
91,19,10,54,3,2,1,0,3,0,0,1,2,0,1,21,0.2308,0.6484,0.1209,0.0,4.8808,3.6819,0,0,0,0,0,0,2,0,0,0,1,http://validate-portal.com/index.php?token=cf75e3c3e940e8836bd4340a65cf7627&target=coinbase
43,28,8,0,2,3,1,0,3,0,0,0,0,0,0,2,0.0465,0.7674,0.186,0.0,4.1535,3.9947,0,2,0,0,1,0,1,0,0,0,1,http://google.com.support-1aeda9.cf/support
87,17,10,52,2,2,1,0,3,0,0,1,2,0,1,17,0.1954,0.6782,0.1264,0.0,4.7788,3.6169,0,0,0,0,0,0,3,0,0,0,1,http://payment-portal.cc/index.php?token=7d60635fdec7adda733296db5c7ff5c4&target=google
40,15,17,0,3,1,2,0,3,0,0,0,0,0,0,0,0.0,0.825,0.175,0.0,4.2153,3.7736,0,0,1,0,0,0,1,0,0,0,0,https://theguardian.com/terms-of-service
89,17,10,54,3,2,1,0,3,0,0,1,2,0,1,20,0.2247,0.6517,0.1236,0.0,4.9401,3.7345,0,0,0,0,0,0,2,0,0,0,1,http://webscr-portal.com/index.php?token=0140ff45af4f8b09ed97a382660cc33a&target=coinbase
26,11,8,0,3,1,0,0,3,0,0,0,0,0,0,0,0.0,0.8077,0.1923,0.1154,4.2578,3.4594,0,0,0,0,0,1,0,0,0,0,1,http://tinyurl.com/zxFvQcB
51,28,16,0,4,1,2,0,4,0,0,0,0,0,0,0,0.0,0.8431,0.1569,0.0,4.0122,3.5976,0,0,0,0,1,0,2,0,0,0,1,http://binance-security-center.date/security/verify
40,27,6,0,3,3,1,0,3,0,0,0,0,0,0,3,0.075,0.725,0.2,0.0,4.1562,3.8101,0,2,0,0,1,0,1,0,0,0,1,http://google.com.login-6dd3b2.icu/login
51,30,14,0,6,1,2,0,4,0,0,0,0,0,0,0,0.0,0.8431,0.1569,0.0,4.2316,3.8981,0,0,0,0,1,0,2,0,0,0,1,http://instagram-portal-center.webcam/portal/verify
23,15,0,0,3,2,0,0,2,0,0,0,0,0,0,0,0.0,0.7826,0.2174,0.0,3.5555,3.0062,0,1,1,0,0,1,0,0,0,0,0,https://m.microsoft.com
67,20,39,0,3,2,2,0,6,0,0,0,0,0,0,6,0.0896,0.7463,0.1642,0.0,4.5504,3.8219,0,1,1,0,0,0,1,0,0,0,0,https://support.linkedin.com/blog/2024/05/machine-learning-advances
59,15,13,22,3,2,0,0,4,0,0,1,2,0,1,6,0.1017,0.7119,0.1864,0.0,4.7083,3.6402,0,1,1,0,0,0,0,0,0,0,0,https://api.netflix.com/profile/user?id=104928&tab=activity
56,9,39,0,3,2,2,0,6,0,0,0,0,0,0,6,0.1071,0.6964,0.1964,0.0,4.405,2.281,0,1,1,0,0,0,0,0,0,0,0,https://m.cnn.com/blog/2024/05/machine-learning-advances
40,17,15,0,3,2,1,0,3,0,0,0,0,0,0,0,0.0,0.825,0.175,0.0,4.1751,3.5725,0,1,1,0,0,0,1,0,0,0,0,https://support.adobe.com/privacy-policy
87,17,10,52,3,2,1,0,3,0,0,1,2,0,1,25,0.2874,0.5862,0.1264,0.0,4.8735,3.2195,0,0,0,0,0,0,1,0,0,0,1,http://portal-portal.com/index.php?token=11d816897041539a62df6026bc88540d&target=google
73,11,29,24,3,3,1,1,5,0,0,1,2,0,1,6,0.0822,0.7123,0.2055,0.0,4.5897,2.914,0,1,1,0,0,0,0,0,0,0,0,https://api.cnn.com/docs/v2/getting-started.html?session_id=18507&lang=en
57,20,29,0,3,2,0,1,4,0,0,0,0,0,0,0,0.0,0.8596,0.1404,0.0175,4.3131,3.9219,0,1,1,0,0,0,0,0,0,0,0,https://blog.theguardian.com/wiki/Artificial_intelligence
61,13,40,0,3,6,1,0,5,0,0,0,0,0,0,3,0.0492,0.7377,0.2131,0.0,4.3347,3.1808,0,1,1,0,0,0,0,0,0,0,0,https://www.intel.com/downloads/releases/version-4.1.2.tar.gz
59,12,39,0,3,2,2,0,6,0,0,0,0,0,0,6,0.1017,0.7119,0.1864,0.0,4.4521,3.2516,0,1,1,0,0,0,0,0,0,0,0,https://m.gitlab.com/blog/2024/05/machine-learning-advances
46,19,6,13,3,2,0,0,3,0,0,1,1,0,0,2,0.0435,0.7826,0.1739,0.087,4.5968,3.6163,0,1,0,0,0,0,1,0,0,0,0,http://support.nytimes.com/watch?v=dQw4w9WgXcQ
22,7,8,0,2,1,0,0,3,0,0,0,0,0,0,0,0.0,0.7727,0.2273,0.1818,3.8797,2.5216,0,0,0,0,0,1,0,0,0,0,1,http://cutt.ly/PNgrdDH
87,17,10,52,3,2,1,0,3,0,0,1,2,0,1,23,0.2644,0.6092,0.1264,0.0,4.8032,3.6169,0,0,0,0,0,0,2,0,0,0,1,http://update-portal.com/index.php?token=34d88dc89b484ec0e6a401f917758498&target=google
43,15,21,0,3,4,0,0,4,0,0,0,0,0,0,12,0.2791,0.5116,0.2093,0.0,4.162,2.2826,1,0,0,0,0,0,2,0,0,0,1,http://101.106.101.208/dropbox/payment.html
53,9,13,22,3,1,0,0,4,0,0,1,2,0,1,6,0.1132,0.6981,0.1887,0.0,4.6737,2.9477,0,0,1,0,0,0,0,0,0,0,0,https://adobe.com/profile/user?id=104928&tab=activity
81,10,39,23,3,1,2,1,6,0,0,1,2,0,1,10,0.1235,0.6914,0.1852,0.0,4.6512,3.1219,0,0,1,0,0,1,0,0,0,0,0,https://reddit.com/blog/2024/05/machine-learning-advances?session_id=3082&lang=en
57,21,28,0,3,2,0,0,5,0,0,0,0,0,0,0,0.0,0.8596,0.1404,0.0,4.2262,3.5945,0,1,1,0,0,0,0,0,0,0,0,https://www.stackoverflow.com/products/enterprise/pricing
43,20,6,9,3,1,1,0,3,0,0,1,1,0,0,3,0.0698,0.7442,0.186,0.0,4.5364,3.8219,0,0,0,0,1,0,3,0,0,0,1,http://fac3b00k-confirm.win/login?auth=true
66,16,7,34,3,2,0,0,3,0,0,1,2,0,1,1,0.0152,0.803,0.1818,0.0,4.4777,3.3278,0,1,1,0,0,0,0,0,0,0,0,https://docs.harvard.edu/search?q=machine+learning+tutorial&page=2
22,7,8,0,2,1,0,0,3,0,0,0,0,0,0,0,0.0,0.7727,0.2273,0.1364,3.7544,2.5216,0,0,0,0,0,1,0,0,0,0,1,http://tiny.cc/pKXijgP
55,11,13,22,3,2,0,0,4,0,0,1,2,0,1,6,0.1091,0.6909,0.2,0.0,4.7273,3.0958,0,1,1,0,0,0,0,0,0,0,0,https://m.arxiv.org/profile/user?id=104928&tab=activity
43,20,15,0,3,2,1,0,3,0,0,0,0,0,0,0,0.0,0.8372,0.1628,0.0,4.2488,3.8219,0,1,1,0,0,0,1,0,0,0,0,https://support.linkedin.com/privacy-policy
45,17,6,13,3,2,0,0,3,0,0,1,1,0,0,2,0.0444,0.7778,0.1778,0.0889,4.5635,3.7345,0,1,1,0,0,0,0,0,0,0,0,https://m.theguardian.com/watch?v=dQw4w9WgXcQ
36,22,6,0,3,2,0,0,3,0,0,0,0,0,0,0,0.0,0.8333,0.1667,0.0,4.1598,3.8231,0,1,1,0,0,0,0,0,0,0,0,https://blog.stackoverflow.com/about
70,28,21,13,4,1,2,0,5,0,0,1,1,0,0,5,0.0714,0.7714,0.1571,0.0,4.6128,4.0391,0,0,0,0,1,0,4,0,0,0,1,http://customer-service-paypal.work/webscr/update/submit?session=98307
26,18,0,0,3,2,0,0,2,0,0,0,0,0,0,0,0.0,0.8077,0.1923,0.0,3.8253,3.3921,0,1,1,0,0,1,0,0,0,0,0,https://blog.microsoft.com
20,5,8,0,2,1,0,0,3,0,0,0,0,0,0,2,0.1,0.65,0.25,0.1,3.8842,2.3219,0,0,0,0,0,1,0,0,0,0,1,http://rb.gy/kv8J3Ig
37,12,17,0,3,2,2,0,3,0,0,0,0,0,0,0,0.0,0.7838,0.2162,0.0,3.9387,3.085,0,1,1,0,0,1,1,0,0,0,0,https://m.reddit.com/terms-of-service
22,7,8,0,2,1,0,0,3,0,0,0,0,0,0,2,0.0909,0.6818,0.2273,0.0909,3.9706,2.5216,0,0,0,0,0,1,0,0,0,0,1,http://buff.ly/a88mOMo
92,18,10,55,3,2,1,0,3,0,0,1,2,0,1,21,0.2283,0.6522,0.1196,0.0,4.8996,3.7255,0,0,1,0,0,0,2,0,0,0,1,https://service-portal.com/index.php?token=7865e3c77e06d92923b8f3ea35aab159&target=microsoft
89,16,10,54,2,2,1,0,3,0,0,1,2,0,1,24,0.2697,0.6067,0.1236,0.0,4.884,3.5,0,0,1,0,0,0,2,0,0,0,1,https://update-portal.cc/index.php?token=ec7d1801d992b028744c24653d97c054&target=facebook
45,23,14,0,3,1,2,0,4,0,0,0,0,0,0,0,0.0,0.8222,0.1778,0.0,3.9304,3.584,0,0,1,0,1,0,2,0,0,0,1,https://apple-secure-center.fit/secure/verify
76,14,29,24,3,2,0,2,4,0,0,1,2,0,1,5,0.0658,0.7632,0.1711,0.0132,4.62,2.9502,0,1,1,0,0,0,0,0,0,0,0,https://docs.yahoo.com/wiki/Artificial_intelligence?session_id=85790&lang=en
52,27,17,0,3,1,2,0,4,0,0,0,0,0,0,0,0.0,0.8462,0.1538,0.0,4.1687,3.8842,0,0,1,0,1,0,2,0,0,0,1,https://amazon-ebayisapi-center.icu/ebayisapi/verify
20,5,8,0,2,1,0,0,3,0,0,0,0,0,0,1,0.05,0.7,0.25,0.1,3.8842,2.3219,0,0,0,0,0,1,0,0,0,0,1,http://rb.gy/Wdxn9rU
20,5,8,0,2,1,0,0,3,0,0,0,0,0,0,1,0.05,0.7,0.25,0.2,3.8842,2.3219,0,0,0,0,0,1,0,0,0,0,1,http://rb.gy/Y9rQDjB
49,28,14,0,4,1,2,0,4,0,0,0,0,0,0,0,0.0,0.8367,0.1633,0.0,4.451,4.0661,0,0,0,0,1,0,2,0,0,0,1,http://instagram-unlock-center.buzz/unlock/verify
44,13,23,0,3,2,0,0,5,0,0,0,0,0,0,3,0.0682,0.75,0.1818,0.0,4.0926,3.027,0,1,1,0,0,0,0,0,0,0,0,https://www.apple.com/courses/cs101/syllabus
32,18,6,0,3,2,0,0,3,0,0,0,0,0,0,0,0.0,0.8125,0.1875,0.0,4.0931,3.4613,0,1,1,0,0,0,0,0,0,0,0,https://www.cloudflare.com/about
46,23,6,9,7,1,1,0,3,0,0,1,1,0,0,1,0.0217,0.8043,0.1739,0.0,4.2304,3.5014,0,0,0,0,1,0,3,0,0,0,1,http://binanc3-banking.cricket/login?auth=true
48,26,14,0,4,1,2,0,4,0,0,0,0,0,0,0,0.0,0.8333,0.1667,0.0,4.0698,3.4885,0,0,1,0,1,0,2,0,0,0,1,https://binance-wallet-center.loan/wallet/verify
56,18,30,0,3,2,2,0,4,0,0,0,0,0,0,0,0.0,0.8393,0.1607,0.0,4.0309,3.128,0,1,1,0,0,1,0,0,0,0,0,https://docs.microsoft.com/projects/open-source-software
59,13,38,0,2,4,0,2,5,0,0,0,0,0,0,1,0.0169,0.7797,0.2034,0.0,4.2453,3.027,0,2,1,0,0,0,0,0,0,0,0,https://api.bbc.co.uk/library/archive/research_paper_v3.pdf
40,15,17,0,3,2,2,0,3,0,0,0,0,0,0,0,0.0,0.8,0.2,0.0,4.1964,3.4566,0,1,1,0,0,0,1,0,0,0,0,https://m.wikipedia.org/terms-of-service
49,25,17,0,4,1,2,0,4,0,0,0,0,0,0,0,0.0,0.8367,0.1633,0.0,4.0988,3.7337,0,0,0,0,1,0,2,0,0,0,1,http://dhl-suspended-center.buzz/suspended/verify
29,21,1,0,3,2,0,0,3,0,0,0,0,0,0,0,0.0,0.7931,0.2069,0.0,3.9523,3.5945,0,1,0,0,0,0,0,0,0,0,0,http://www.stackoverflow.com/
87,16,10,53,3,2,1,0,3,0,0,1,2,0,1,24,0.2759,0.5977,0.1264,0.0,4.7789,3.3278,0,0,0,0,1,0,2,0,0,0,1,http://login-portal.top/index.php?token=a6789f1459e9d65522dbf389914147e4&target=netflix
46,18,6,13,3,2,0,0,3,0,0,1,1,0,0,2,0.0435,0.7826,0.1739,0.087,4.6133,3.7255,0,1,1,0,0,1,0,0,0,0,0,https://blog.pinterest.com/watch?v=dQw4w9WgXcQ
78,36,21,13,10,1,2,0,5,0,0,1,1,0,0,5,0.0641,0.7949,0.141,0.0,4.4043,3.7391,0,0,0,0,1,0,3,0,0,0,1,http://customer-service-metamask.accountant/webscr/webscr/submit?session=38564
58,31,20,0,2,1,2,0,4,0,0,0,0,0,0,0,0.0,0.8621,0.1379,0.0,3.957,3.6553,0,0,0,0,1,0,2,0,0,0,1,http://facebook-verification-center.cf/verification/verify
53,35,11,0,10,1,2,0,4,0,0,0,0,0,0,0,0.0,0.8491,0.1509,0.0,4.1142,3.7859,0,0,0,0,1,0,3,0,0,0,1,http://bankofamerica-pay-center.accountant/pay/verify
41,17,6,9,3,1,1,0,3,0,0,1,1,0,0,2,0.0488,0.7561,0.1951,0.0,4.1739,3.3372,0,0,1,0,1,0,3,0,0,0,1,https://app13-account.top/login?auth=true
40,12,21,0,2,4,0,0,4,0,0,0,0,0,0,9,0.225,0.55,0.225,0.0,4.1342,2.5221,1,0,0,0,0,0,1,0,0,0,1,http://76.121.51.10/metamask/secure.html
22,7,8,0,2,1,0,0,3,0,0,0,0,0,0,1,0.0455,0.7273,0.2273,0.0909,4.0615,2.5216,0,0,0,0,0,1,0,0,0,0,1,http://buff.ly/id8okHC
64,16,40,0,3,6,1,0,5,0,0,0,0,0,0,3,0.0469,0.75,0.2031,0.0,4.3271,3.5,0,1,1,0,0,0,0,0,0,0,0,https://blog.harvard.edu/downloads/releases/version-4.1.2.tar.gz
22,7,8,0,2,1,0,0,3,0,0,0,0,0,0,0,0.0,0.7727,0.2273,0.2273,4.0615,2.5216,0,0,0,0,0,1,0,0,0,0,1,http://buff.ly/qKDkMTC
44,21,6,9,4,1,1,0,3,0,0,1,1,0,0,1,0.0227,0.7955,0.1818,0.0,4.2429,3.4633,0,0,0,0,1,0,4,0,0,0,1,http://m3tamask-payment.date/login?auth=true
43,9,26,0,2,2,1,0,5,0,0,0,0,0,0,0,0.0,0.7907,0.2093,0.0,4.1711,2.5033,0,1,1,0,0,0,1,0,0,0,0,https://bbc.co.uk/help/faq/account-settings
59,11,40,0,3,5,1,0,5,0,0,0,0,0,0,3,0.0508,0.7458,0.2034,0.0,4.3031,3.0958,0,0,1,0,0,0,0,0,0,0,0,https://mozilla.org/downloads/releases/version-4.1.2.tar.gz
62,39,15,0,4,3,1,0,3,0,0,0,0,0,0,2,0.0323,0.8387,0.129,0.0,4.2232,4.1504,0,2,1,0,1,0,2,0,0,0,1,https://metamask.com.authentication-bf2df9.club/authentication
74,14,28,24,3,2,0,1,5,0,0,1,2,0,1,5,0.0676,0.7568,0.1757,0.0,4.4651,3.3788,0,1,0,0,0,0,0,0,0,0,0,http://api.gitlab.com/products/enterprise/pricing?session_id=19777&lang=en
70,29,19,13,5,1,2,0,5,0,0,1,1,0,0,5,0.0714,0.7714,0.1571,0.0,4.4664,3.8404,0,0,1,0,1,0,3,0,0,0,1,https://customer-service-amazon.trade/webscr/auth/submit?session=13448
89,17,10,54,3,2,1,0,3,0,0,1,2,0,1,20,0.2247,0.6517,0.1236,0.0,4.8558,3.2195,0,0,0,0,0,0,1,0,0,0,1,http://portal-portal.com/index.php?token=7728413cdc9139e47496de5bb6cef4f3&target=coinbase
90,16,10,56,3,2,1,0,3,0,0,1,2,0,1,16,0.1778,0.7,0.1222,0.0,4.83,3.375,0,0,0,0,0,0,2,0,0,0,1,http://alert-portal.com/index.php?token=e6c7fbce9415a6ec22cbfa10e78b8b00&target=wellsfargo
60,12,40,0,3,6,1,0,5,0,0,0,0,0,0,3,0.05,0.7333,0.2167,0.0,4.322,3.085,0,1,1,0,0,1,0,0,0,0,0,https://m.reddit.com/downloads/releases/version-4.1.2.tar.gz
55,17,30,0,3,1,2,0,4,0,0,0,0,0,0,0,0.0,0.8545,0.1455,0.0,4.1225,3.6901,0,0,1,0,0,0,0,0,0,0,0,https://stackoverflow.com/projects/open-source-software
47,23,16,0,3,1,2,0,4,0,0,0,0,0,0,0,0.0,0.8298,0.1702,0.0,4.3072,4.0888,0,0,1,0,1,0,2,0,0,0,1,https://dhl-password-center.xyz/password/verify
51,15,28,0,3,2,0,0,5,0,0,0,0,0,0,0,0.0,0.8431,0.1569,0.0,3.8767,3.1899,0,1,1,0,0,1,0,0,0,0,0,https://docs.reddit.com/products/enterprise/pricing
69,19,7,34,3,2,0,0,3,0,0,1,2,0,1,1,0.0145,0.8116,0.1739,0.0,4.3837,3.2608,0,1,1,0,0,1,0,0,0,0,0,https://m.sciencedirect.com/search?q=machine+learning+tutorial&page=2
65,15,7,34,3,2,0,0,3,0,0,1,2,0,1,1,0.0154,0.8,0.1846,0.0,4.4394,3.1899,0,1,1,0,0,0,0,0,0,0,0,https://blog.oracle.com/search?q=machine+learning+tutorial&page=2
42,19,15,0,3,2,1,0,3,0,0,0,0,0,0,0,0.0,0.8333,0.1667,0.0,4.2704,3.2211,0,1,1,0,0,0,0,0,0,0,0,https://blog.duckduckgo.com/privacy-policy
54,13,8,24,3,2,0,1,3,0,0,1,2,0,1,5,0.0926,0.7037,0.2037,0.0,4.3941,3.027,0,1,1,0,0,0,0,0,0,0,0,https://docs.ieee.org/contact?session_id=93109&lang=en
51,15,28,0,3,2,0,0,5,0,0,0,0,0,0,0,0.0,0.8431,0.1569,0.0,4.0895,3.1899,0,1,1,0,0,0,0,0,0,0,0,https://blog.oracle.com/products/enterprise/pricing
41,10,23,0,3,1,0,0,5,0,0,0,0,0,0,3,0.0732,0.7561,0.1707,0.0,4.0923,2.9219,0,0,1,0,0,0,0,0,0,0,0,https://docker.com/courses/cs101/syllabus
87,15,10,54,3,2,1,0,3,0,0,1,2,0,1,24,0.2759,0.5977,0.1264,0.0,4.9063,3.1899,0,0,0,0,1,0,2,0,0,0,1,http://auth-portal.top/index.php?token=4fc78063b1da2222204523f9401b87c3&target=metamask
69,26,22,13,2,1,2,0,5,0,0,1,1,0,0,5,0.0725,0.7681,0.1594,0.0,4.5254,3.8731,0,0,0,0,1,0,3,0,0,0,1,http://customer-service-amazon.cf/webscr/confirm/submit?session=13560
48,18,22,0,3,4,0,0,4,0,0,0,0,0,0,14,0.2917,0.5,0.2083,0.0,4.4961,2.6612,1,0,1,0,0,0,1,0,1,0,1,https://93.30.235.192:8000/binance/password.html
19,11,0,0,3,2,0,0,2,0,0,0,0,0,0,0,0.0,0.7368,0.2632,0.0,3.7216,2.914,0,1,1,0,0,0,0,0,0,0,0,https://m.adobe.com
42,13,22,0,3,4,0,0,4,0,0,0,0,0,0,10,0.2381,0.5476,0.2143,0.0,4.2704,2.6612,1,0,0,0,0,0,1,0,0,0,1,http://73.93.209.249/microsoft/wallet.html
62,22,32,0,3,2,1,0,5,0,0,0,0,0,0,0,0.0,0.8548,0.1452,0.0,4.0471,3.261,0,1,1,0,0,1,1,0,0,0,0,https://docs.sciencedirect.com/news/technology/science-updates
83,16,10,49,2,2,1,0,3,0,0,1,2,0,1,19,0.2289,0.6386,0.1325,0.0,4.7732,3.5,0,0,0,0,0,0,2,0,0,0,1,http://update-portal.cc/index.php?token=bbe1814ede182b055a654b8384dcd37f&target=dhl
29,13,8,0,3,2,0,0,3,0,0,0,0,0,0,0,0.0,0.7931,0.2069,0.0,3.6764,3.027,0,1,1,0,0,0,0,0,0,0,0,https://api.apple.com/contact
29,22,0,0,3,2,0,0,2,0,0,0,0,0,0,0,0.0,0.8276,0.1724,0.0,3.9783,3.6069,0,1,0,0,0,1,0,0,0,0,0,http://blog.sciencedirect.com
64,20,13,22,3,2,0,0,4,0,0,1,2,0,1,6,0.0938,0.7344,0.1719,0.0,4.7596,3.9219,0,1,1,0,0,0,0,0,0,0,0,https://blog.theguardian.com/profile/user?id=104928&tab=activity
89,15,10,55,3,2,1,0,3,0,0,1,2,0,1,17,0.191,0.6854,0.1236,0.0,4.9122,3.5069,0,0,1,0,0,0,2,0,0,0,1,https://auth-portal.com/index.php?token=ea8293f9f4c29adfa566bcc15d026eb7&target=instagram
42,11,23,0,3,1,0,0,5,0,0,0,0,0,0,3,0.0714,0.7619,0.1667,0.0,3.9784,3.0958,0,0,1,0,0,0,0,0,0,0,0,https://youtube.com/courses/cs101/syllabus
48,25,15,0,2,1,2,0,4,0,0,0,0,0,0,0,0.0,0.8333,0.1667,0.0,4.0221,3.6693,0,0,1,0,1,0,2,0,0,0,1,https://netflix-recover-center.gq/recover/verify
33,17,8,0,3,2,0,0,3,0,0,0,0,0,0,0,0.0,0.8182,0.1818,0.0,3.7267,3.3816,0,1,1,0,0,0,1,0,0,0,0,https://support.apple.com/contact
49,16,26,0,3,2,1,0,5,0,0,0,0,0,0,0,0.0,0.8163,0.1837,0.0,4.2495,3.625,0,1,0,0,0,0,1,0,0,0,0,http://blog.nytimes.com/help/faq/account-settings
26,19,0,0,3,2,0,0,2,0,0,0,0,0,0,0,0.0,0.8077,0.1923,0.0,3.8441,3.2866,0,1,0,0,0,0,0,0,0,0,0,http://docs.salesforce.com
47,20,20,0,3,4,0,0,4,0,0,0,0,0,0,16,0.3404,0.4468,0.2128,0.0,4.1851,2.1493,1,0,0,0,0,0,1,0,1,0,1,http://131.230.131.132:8888/netflix/secure.html
63,15,40,0,3,6,1,0,5,0,0,0,0,0,0,3,0.0476,0.746,0.2063,0.0,4.382,3.3232,0,1,1,0,0,0,0,0,0,0,0,https://www.nytimes.com/downloads/releases/version-4.1.2.tar.gz
74,13,28,24,3,2,0,1,5,0,0,1,2,0,1,5,0.0676,0.7568,0.1757,0.0,4.4572,3.1808,0,1,1,0,0,0,0,0,0,0,0,https://m.nytimes.com/products/enterprise/pricing?session_id=89857&lang=en
42,14,6,13,3,2,0,0,3,0,0,1,1,0,0,2,0.0476,0.7619,0.1905,0.0952,4.3501,3.3249,0,1,1,0,0,0,0,0,0,0,0,https://www.github.com/watch?v=dQw4w9WgXcQ
33,19,6,0,3,2,0,0,3,0,0,0,0,0,0,0,0.0,0.8182,0.1818,0.0,3.9344,3.6163,0,1,1,0,0,0,1,0,0,0,0,https://support.nytimes.com/about
70,29,20,13,6,1,2,0,5,0,0,1,1,0,0,5,0.0714,0.7714,0.1571,0.0,4.5449,3.6716,0,0,0,0,1,0,3,0,0,0,1,http://customer-service-fedex.review/webscr/login/submit?session=17294
42,14,6,13,3,2,0,0,3,0,0,1,1,0,0,2,0.0476,0.7619,0.1905,0.0952,4.4633,3.3788,0,1,1,0,0,0,0,0,0,0,0,https://blog.chase.com/watch?v=dQw4w9WgXcQ
87,15,10,53,2,2,1,0,3,0,0,1,2,0,1,22,0.2529,0.6207,0.1264,0.0,4.8864,3.5069,0,0,1,0,0,0,2,0,0,0,1,https://login-portal.cc/index.php?token=0b61303751e8d620a9456dc43e6a77fa&target=binance
65,17,40,0,3,6,1,0,5,0,0,0,0,0,0,3,0.0462,0.7538,0.2,0.0,4.3399,3.7345,0,1,1,0,0,0,0,0,0,0,0,https://blog.stanford.edu/downloads/releases/version-4.1.2.tar.gz
54,14,32,0,3,1,1,0,5,0,0,0,0,0,0,0,0.0,0.8519,0.1481,0.0,4.1413,3.2359,0,0,1,0,0,0,1,0,0,0,0,https://salesforce.com/news/technology/science-updates
85,36,27,13,8,1,2,0,5,0,0,1,1,0,0,5,0.0588,0.8118,0.1294,0.0,4.5853,4.0515,0,0,1,0,1,0,3,0,0,0,1,https://customer-service-wellsfargo.download/webscr/verification/submit?session=40829
68,22,39,0,3,2,2,0,6,0,0,0,0,0,0,6,0.0882,0.75,0.1618,0.0,4.5671,3.6978,0,1,0,0,0,0,1,0,0,0,0,http://support.cloudflare.com/blog/2024/05/machine-learning-advances
88,15,10,55,2,2,1,0,3,0,0,1,2,0,1,24,0.2727,0.6023,0.125,0.0,4.8016,3.2402,0,0,0,0,0,0,2,0,0,0,1,http://alert-portal.cc/index.php?token=d6033919325c8ea6716974d9d2229c4a&target=instagram
66,39,20,0,8,1,2,0,4,0,0,0,0,0,0,0,0.0,0.8788,0.1212,0.0,4.192,3.9579,0,0,0,0,1,0,2,0,0,0,1,http://wellsfargo-verification-center.download/verification/verify
91,18,10,55,3,2,1,0,3,0,0,1,2,0,1,22,0.2418,0.6374,0.1209,0.0,4.888,3.4194,0,0,0,0,0,0,2,0,0,0,1,http://account-portal.com/index.php?token=b3cfea6375a51929022474c50355bf0f&target=instagram
63,15,15,24,3,2,1,1,3,0,0,1,2,0,1,5,0.0794,0.7302,0.1905,0.0,4.6657,3.2402,0,1,1,0,0,0,1,0,0,0,0,https://blog.paypal.com/privacy-policy?session_id=11302&lang=en
21,6,8,0,2,1,0,0,3,0,0,0,0,0,0,2,0.0952,0.6667,0.2381,0.1429,3.8442,2.585,0,0,0,0,0,1,0,0,0,0,1,http://bit.ly/QrL6i3V
62,15,39,0,3,2,2,0,6,0,0,0,0,0,0,6,0.0968,0.7258,0.1774,0.0,4.5204,3.1899,0,1,1,0,0,0,0,0,0,0,0,https://docs.ubuntu.com/blog/2024/05/machine-learning-advances
72,29,22,13,6,1,2,0,5,0,0,1,1,0,0,5,0.0694,0.7778,0.1528,0.0,4.4628,3.7454,0,0,0,0,1,0,4,0,0,0,1,http://customer-service-apple.review/webscr/payment/submit?session=97828
85,12,40,24,3,6,1,1,5,0,0,1,2,0,1,8,0.0941,0.6941,0.2118,0.0,4.5958,3.085,0,1,1,0,0,0,0,0,0,0,0,https://blog.edx.org/downloads/releases/version-4.1.2.tar.gz?session_id=91176&lang=en
74,31,21,13,5,1,2,0,5,0,0,1,1,0,0,5,0.0676,0.7838,0.1486,0.0,4.3727,3.9134,0,0,1,0,1,0,3,0,0,0,1,https://customer-service-coinbase.faith/webscr/secure/submit?session=16978
45,11,1,24,3,1,0,1,3,0,0,1,2,0,1,5,0.1111,0.6667,0.2222,0.0,4.5635,3.0958,0,0,1,0,0,0,0,0,0,0,0,https://mozilla.org/?session_id=70391&lang=en
52,31,14,0,6,1,2,0,4,0,0,0,0,0,0,0,0.0,0.8462,0.1538,0.0,4.3395,4.0392,0,0,0,0,1,0,2,0,0,0,1,http://wellsfargo-update-center.webcam/update/verify
65,15,17,24,3,2,2,1,3,0,0,1,2,0,1,5,0.0769,0.7231,0.2,0.0,4.6795,3.4566,0,1,1,0,0,0,1,0,0,0,0,https://www.netflix.com/terms-of-service?session_id=51140&lang=en
70,27,22,13,5,1,2,0,5,0,0,1,1,0,0,5,0.0714,0.7714,0.1571,0.0,4.379,3.6899,0,0,0,0,1,0,3,0,0,0,1,http://customer-service-usps.trade/webscr/invoice/submit?session=98392
38,10,6,13,3,1,0,0,3,0,0,1,1,0,0,2,0.0526,0.7632,0.1842,0.1053,4.5041,3.3219,0,0,1,0,0,0,0,0,0,0,0,https://nature.com/watch?v=dQw4w9WgXcQ
44,19,17,0,2,4,0,0,4,0,0,0,0,0,0,15,0.3409,0.4318,0.2273,0.0,4.3342,2.5567,1,0,1,0,0,0,1,0,1,0,1,https://150.121.127.42:3000/fedex/login.html
88,17,38,24,3,3,0,3,5,0,0,1,2,0,1,6,0.0682,0.75,0.1818,0.0,4.7318,3.1751,0,1,1,0,0,1,0,0,0,0,0,https://www.microsoft.com/library/archive/research_paper_v3.pdf?session_id=96049&lang=en
20,12,0,0,2,2,0,0,2,0,0,0,0,0,0,0,0.0,0.75,0.25,0.0,3.6842,3.0221,0,1,1,0,0,0,0,0,0,0,0,https://blog.zoom.us
88,16,10,54,2,2,1,0,3,0,0,1,2,0,1,20,0.2273,0.6477,0.125,0.0,4.7645,3.5,0,0,0,0,0,0,2,0,0,0,1,http://update-portal.cc/index.php?token=f7847c2412504c9e6dd98a7f8f548ecf&target=facebook
56,18,30,0,3,2,2,0,4,0,0,0,0,0,0,0,0.0,0.8393,0.1607,0.0,4.2604,3.3502,0,1,1,0,0,0,0,0,0,0,0,https://api.duckduckgo.com/projects/open-source-software
42,11,23,0,3,1,0,0,5,0,0,0,0,0,0,3,0.0714,0.7619,0.1667,0.0,4.1096,3.0272,0,0,1,0,0,0,0,0,0,0,0,https://dropbox.com/courses/cs101/syllabus
48,26,15,0,3,1,2,0,4,0,0,0,0,0,0,0,0.0,0.8333,0.1667,0.0,4.3061,3.9791,0,0,0,0,1,0,2,0,0,0,1,http://dropbox-banking-center.kim/banking/verify
22,7,8,0,2,1,0,0,3,0,0,0,0,0,0,3,0.1364,0.6364,0.2273,0.0455,3.8454,2.5216,0,0,0,0,0,1,0,0,0,0,1,http://tiny.cc/4vgmF94
72,22,7,34,3,2,0,0,3,0,0,1,2,0,1,1,0.0139,0.8194,0.1667,0.0,4.5399,3.4474,0,1,1,0,0,0,1,0,0,0,0,https://support.duckduckgo.com/search?q=machine+learning+tutorial&page=2
19,4,8,0,2,1,0,0,3,0,0,0,0,0,0,1,0.0526,0.6842,0.2632,0.2105,3.6421,2.0,0,0,0,0,0,1,0,0,0,0,1,http://t.co/CLD7aUo
43,12,23,0,3,2,0,0,5,0,0,0,0,0,0,3,0.0698,0.7442,0.186,0.0,4.1558,3.085,0,1,1,0,0,0,0,0,0,0,0,https://m.kaggle.com/courses/cs101/syllabus
51,28,15,0,3,1,2,0,4,0,0,0,0,0,0,0,0.0,0.8431,0.1569,0.0,4.2708,3.9408,0,0,1,0,1,0,2,0,0,0,1,https://microsoft-banking-center.top/banking/verify
42,14,20,0,3,4,0,0,4,0,0,0,0,0,0,11,0.2619,0.5238,0.2143,0.0,4.4516,2.9852,1,0,1,0,0,0,1,0,0,0,1,https://95.123.186.179/fedex/security.html
65,15,7,34,3,2,0,0,3,0,0,1,2,0,1,1,0.0154,0.8,0.1846,0.0,4.5129,3.3232,0,1,1,0,0,0,0,0,0,0,0,https://www.nytimes.com/search?q=machine+learning+tutorial&page=2
51,13,30,0,3,1,2,0,4,0,0,0,0,0,0,0,0.0,0.8431,0.1569,0.0,3.9667,3.3927,0,0,1,0,0,1,0,0,0,0,0,https://pinterest.com/projects/open-source-software
45,18,20,0,2,4,0,0,4,0,0,0,0,0,0,14,0.3111,0.4667,0.2222,0.0,4.3916,2.5654,1,0,0,0,0,0,1,0,1,0,1,http://163.236.35.83:8000/binance/webscr.html
56,15,8,24,3,2,0,1,3,0,0,1,2,0,1,5,0.0893,0.7143,0.1964,0.0,4.4547,3.3736,0,1,1,0,0,1,0,0,0,0,0,https://m.pinterest.com/contact?session_id=48675&lang=en
43,7,28,0,3,1,0,0,5,0,0,0,0,0,0,0,0.0,0.8372,0.1628,0.0,3.8478,2.2359,0,0,1,0,0,0,0,0,0,0,0,https://cnn.com/products/enterprise/pricing
85,17,10,50,3,2,1,0,3,0,0,1,2,0,1,16,0.1882,0.6824,0.1294,0.0,4.8578,3.7345,0,0,0,0,0,0,2,0,0,0,1,http://webscr-portal.com/index.php?token=4c4514a5f9f66ed2adcceb2fbb993a42&target=usps
54,32,14,0,7,1,2,0,4,0,0,0,0,0,0,0,0.0,0.8519,0.1481,0.0,4.2405,3.9139,0,0,1,0,1,0,2,0,0,0,1,https://wellsfargo-webscr-center.country/webscr/verify
20,5,8,0,2,1,0,0,3,0,0,0,0,0,0,1,0.05,0.7,0.25,0.2,3.8464,2.3219,0,0,0,0,0,1,0,0,0,0,1,http://rb.gy/t9PeWAV
88,16,39,24,3,2,2,1,6,0,0,1,2,0,1,11,0.125,0.6932,0.1818,0.0,4.6981,3.25,0,1,1,0,0,0,0,0,0,0,0,https://m.salesforce.com/blog/2024/05/machine-learning-advances?session_id=26309&lang=en
88,20,10,50,3,2,1,0,3,0,0,1,2,0,1,23,0.2614,0.6136,0.125,0.0,4.7728,3.8219,0,0,0,0,0,0,2,0,0,0,1,http://suspended-portal.com/index.php?token=a1690ea6456971965ec90c4c09b7045a&target=usps
57,29,20,0,3,1,2,0,4,0,0,0,0,0,0,0,0.0,0.8596,0.1404,0.0,4.041,3.7975,0,0,1,0,1,0,2,0,0,0,1,https://chase-verification-center.kim/verification/verify
43,9,26,0,3,1,1,0,5,0,0,0,0,0,0,0,0.0,0.814,0.186,0.0,4.1649,2.9477,0,0,1,0,0,0,1,0,0,0,0,https://quora.com/help/faq/account-settings
21,6,8,0,2,1,0,0,3,0,0,0,0,0,0,1,0.0476,0.7143,0.2381,0.1905,3.749,1.9183,0,0,0,0,0,1,0,0,0,0,1,http://goo.gl/vg1QPGA
54,17,29,0,3,2,0,1,4,0,0,0,0,0,0,0,0.0,0.8519,0.1481,0.0185,4.1525,3.3816,0,1,1,0,0,0,0,0,0,0,0,https://docs.linkedin.com/wiki/Artificial_intelligence
42,18,6,9,3,1,1,0,3,0,0,1,1,0,0,2,0.0476,0.7619,0.1905,0.0,4.3477,3.6835,0,0,1,0,0,0,3,0,0,0,1,https://dr0pb0x-secure.net/login?auth=true
43,9,14,11,3,1,0,0,5,0,0,1,1,0,0,1,0.0233,0.7674,0.2093,0.0,4.1711,2.9477,0,0,1,0,0,0,0,0,0,0,0,https://apple.com/api/v1/status?format=json
20,11,1,0,2,2,0,0,3,0,0,0,0,0,0,0,0.0,0.7,0.3,0.0,3.5842,3.0958,0,1,1,0,0,0,0,0,0,0,0,https://api.zoom.us/
42,14,6,13,3,2,0,0,3,0,0,1,1,0,0,2,0.0476,0.7619,0.1905,0.0952,4.4157,3.182,0,1,1,0,0,0,0,0,0,0,0,https://www.tumblr.com/watch?v=dQw4w9WgXcQ
48,18,23,0,2,4,0,0,4,0,0,0,0,0,0,14,0.2917,0.5,0.2083,0.0,4.5692,2.8151,1,0,0,0,0,0,1,0,1,0,1,http://104.186.17.72:3000/facebook/security.html
74,31,21,13,3,1,2,0,5,0,0,1,1,0,0,5,0.0676,0.7838,0.1486,0.0,4.5996,4.0668,0,0,1,0,1,0,3,0,0,0,1,https://customer-service-wellsfargo.gdn/webscr/portal/submit?session=76398
69,26,22,13,2,1,2,0,5,0,0,1,1,0,0,5,0.0725,0.7681,0.1594,0.0,4.494,3.8731,0,0,0,0,1,0,3,0,0,0,1,http://customer-service-amazon.ga/webscr/invoice/submit?session=31023
41,11,22,0,2,4,0,0,4,0,0,0,0,0,0,8,0.1951,0.5854,0.2195,0.0,4.4307,2.6635,1,0,1,0,0,0,1,0,0,0,1,https://89.16.49.43/dropbox/security.html
48,12,28,0,3,2,0,0,5,0,0,0,0,0,0,0,0.0,0.8333,0.1667,0.0,3.9707,2.9183,0,1,1,0,0,0,0,0,0,0,0,https://m.docker.com/products/enterprise/pricing
52,14,30,0,3,2,2,0,4,0,0,0,0,0,0,0,0.0,0.8269,0.1731,0.0,4.148,3.3249,0,1,1,0,0,0,0,0,0,0,0,https://api.ubuntu.com/projects/open-source-software
62,12,7,34,3,1,0,0,3,0,0,1,2,0,1,1,0.0161,0.8065,0.1774,0.0,4.3628,3.0221,0,0,1,0,0,0,0,0,0,0,0,https://coursera.org/search?q=machine+learning+tutorial&page=2
54,32,15,0,2,3,1,0,3,0,0,0,0,0,0,6,0.1111,0.7407,0.1481,0.0,4.1805,4.1403,0,2,0,0,1,0,2,0,0,0,1,http://dhl.com.authentication-508253.ml/authentication
50,27,6,9,3,1,1,0,3,0,0,1,1,0,0,1,0.02,0.82,0.16,0.0,4.2064,3.736,0,0,0,0,1,0,3,0,0,0,1,http://m3tamask-authentication.win/login?auth=true
44,18,19,0,2,4,0,0,4,0,0,0,0,0,0,14,0.3182,0.4545,0.2273,0.0,4.127,2.8151,1,0,0,0,0,0,1,0,1,0,1,http://141.201.95.57:8888/metamask/auth.html
83,12,38,24,3,3,0,3,5,0,0,1,2,0,1,6,0.0723,0.7349,0.1928,0.0,4.7108,2.7516,0,1,1,0,0,0,0,0,0,0,0,https://m.medium.com/library/archive/research_paper_v3.pdf?session_id=72258&lang=en
76,13,30,24,3,2,2,1,4,0,0,1,2,0,1,5,0.0658,0.75,0.1842,0.0,4.6712,3.0851,0,1,1,0,0,0,0,0,0,0,0,https://m.mozilla.org/projects/open-source-software?session_id=68802&lang=en
45,14,23,0,3,2,0,0,5,0,0,0,0,0,0,3,0.0667,0.7556,0.1778,0.0,4.0833,3.2359,0,1,1,0,0,0,0,0,0,0,0,https://blog.apple.com/courses/cs101/syllabus
22,7,8,0,2,1,0,0,3,0,0,0,0,0,0,2,0.0909,0.6818,0.2273,0.0,3.6978,2.5216,0,0,0,0,0,1,0,0,0,0,1,http://buff.ly/5fp2fwi
73,15,26,23,3,2,1,1,5,0,0,1,2,0,1,4,0.0548,0.7534,0.1918,0.0,4.5789,3.2402,0,1,1,0,0,0,2,0,0,0,0,https://docs.paypal.com/help/faq/account-settings?session_id=8213&lang=en
22,7,8,0,2,1,0,0,3,0,0,0,0,0,0,3,0.1364,0.6364,0.2273,0.0,3.7888,2.5216,0,0,0,0,0,1,0,0,0,0,1,http://cutt.ly/82v3fav
19,4,8,0,2,1,0,0,3,0,0,0,0,0,0,0,0.0,0.7368,0.2632,0.2105,3.7474,2.0,0,0,0,0,0,1,0,0,0,0,1,http://t.co/CedDAPz
22,14,0,0,2,2,0,0,2,0,0,0,0,0,0,0,0.0,0.7727,0.2273,0.0,3.659,3.3249,0,1,1,0,0,0,0,0,0,0,0,https://blog.twitch.tv
41,18,15,0,3,2,1,0,3,0,0,0,0,0,0,0,0.0,0.8293,0.1707,0.0,4.2571,3.5724,0,1,1,0,0,0,0,0,0,0,0,https://blog.wikipedia.org/privacy-policy
30,14,8,0,3,2,0,0,3,0,0,0,0,0,0,0,0.0,0.8,0.2,0.0,3.5777,3.0391,0,1,1,0,0,0,0,0,0,0,0,https://docs.chase.com/contact
37,14,15,0,3,2,1,0,3,0,0,0,0,0,0,0,0.0,0.8108,0.1892,0.0,4.2293,3.3249,0,1,1,0,0,0,0,0,0,0,0,https://blog.quora.com/privacy-policy
65,17,40,0,3,6,1,0,5,0,0,0,0,0,0,3,0.0462,0.7538,0.2,0.0,4.3778,3.1751,0,1,1,0,0,1,0,0,0,0,0,https://www.microsoft.com/downloads/releases/version-4.1.2.tar.gz
47,24,15,0,3,1,2,0,4,0,0,0,0,0,0,0,0.0,0.8298,0.1702,0.0,4.1048,3.6368,0,0,1,0,1,0,2,0,0,0,1,https://apple-confirm-center.men/confirm/verify
44,30,7,0,5,3,1,0,3,0,0,0,0,0,0,4,0.0909,0.7273,0.1818,0.0,4.3565,4.1647,0,2,0,0,1,0,2,0,0,0,1,http://paypal.com.webscr-79ff46.party/webscr
73,30,22,13,7,1,2,0,5,0,0,1,1,0,0,5,0.0685,0.7808,0.1507,0.0,4.3809,3.5362,0,0,0,0,1,0,4,0,0,0,1,http://customer-service-chase.science/webscr/payment/submit?session=36971
72,27,24,13,2,1,2,0,5,0,0,1,1,0,0,5,0.0694,0.7778,0.1528,0.0,4.5512,3.9121,0,0,0,0,1,0,3,0,0,0,1,http://customer-service-netflix.tk/webscr/ebayisapi/submit?session=63286
52,8,13,22,3,1,0,0,4,0,0,1,2,0,1,6,0.1154,0.6923,0.1923,0.0,4.5931,2.4056,0,0,1,0,0,0,0,0,0,0,0,https://ieee.org/profile/user?id=104928&tab=activity
27,19,1,0,3,2,0,0,3,0,0,0,0,0,0,0,0.0,0.7778,0.2222,0.0,3.6619,3.4316,0,1,0,0,0,0,1,0,0,0,0,http://support.spotify.com/
51,14,29,0,3,2,0,1,4,0,0,0,0,0,0,0,0.0,0.8431,0.1569,0.0196,4.1359,3.3788,0,1,1,0,0,0,0,0,0,0,0,https://docs.intel.com/wiki/Artificial_intelligence
22,7,8,0,2,1,0,0,3,0,0,0,0,0,0,2,0.0909,0.6818,0.2273,0.0909,3.8454,2.5216,0,0,0,0,0,1,0,0,0,0,1,http://tiny.cc/02XBpam
42,19,6,9,3,1,1,0,3,0,0,1,1,0,0,2,0.0476,0.7619,0.1905,0.0,4.4133,3.7871,0,0,0,0,0,0,3,0,0,0,1,http://dr0pb0x-service.net/login?auth=true
77,34,22,13,6,1,2,0,5,0,0,1,1,0,0,5,0.0649,0.7922,0.1429,0.0,4.5362,3.9842,0,0,0,0,1,0,3,0,0,0,1,http://customer-service-wellsfargo.racing/webscr/billing/submit?session=79692
42,9,14,11,3,1,0,0,5,0,0,1,1,0,0,1,0.0238,0.7619,0.2143,0.0,4.1665,2.9477,0,0,0,0,0,0,0,0,0,0,0,http://arxiv.org/api/v1/status?format=json
62,14,40,0,3,6,1,0,5,0,0,0,0,0,0,3,0.0484,0.7419,0.2097,0.0,4.402,3.3249,0,1,1,0,0,0,0,0,0,0,0,https://www.gitlab.com/downloads/releases/version-4.1.2.tar.gz
54,14,8,24,2,2,0,1,3,0,0,1,2,0,1,5,0.0926,0.7037,0.2037,0.0,4.5063,3.3249,0,1,0,0,0,0,0,0,0,0,0,http://blog.twitch.tv/contact?session_id=86322&lang=en
45,14,23,0,3,2,0,0,5,0,0,0,0,0,0,3,0.0667,0.7556,0.1778,0.0,4.0525,3.3788,0,1,1,0,0,0,0,0,0,0,0,https://blog.chase.com/courses/cs101/syllabus
24,15,1,0,3,2,0,0,3,0,0,0,0,0,0,0,0.0,0.75,0.25,0.0,3.8239,3.3232,0,1,1,0,0,0,0,0,0,0,0,https://api.dropbox.com/
33,17,8,0,3,2,0,0,3,0,0,0,0,0,0,0,0.0,0.8182,0.1818,0.0,3.692,3.4992,0,1,1,0,0,0,1,0,0,0,0,https://support.chase.com/contact
60,14,39,0,3,2,2,0,6,0,0,0,0,0,0,6,0.1,0.7167,0.1833,0.0,4.492,3.5216,0,1,0,0,0,0,0,0,0,0,0,http://api.github.com/blog/2024/05/machine-learning-advances
89,17,39,24,3,2,2,1,6,0,0,1,2,0,1,11,0.1236,0.6966,0.1798,0.0,4.8029,3.1751,0,1,1,0,0,1,0,0,0,0,0,https://www.microsoft.com/blog/2024/05/machine-learning-advances?session_id=41737&lang=en
52,14,30,0,3,2,2,0,4,0,0,0,0,0,0,0,0.0,0.8269,0.1731,0.0,4.2488,3.3788,0,1,1,0,0,0,0,0,0,0,0,https://api.kaggle.com/projects/open-source-software
19,4,8,0,2,1,0,0,3,0,0,0,0,0,0,2,0.1053,0.6316,0.2632,0.0526,3.7474,2.0,0,0,0,0,0,1,0,0,0,0,1,http://t.co/Eg5wdm1
88,16,10,53,2,2,1,0,3,0,0,1,2,0,1,24,0.2727,0.6023,0.125,0.0,4.9213,3.5,0,0,1,0,0,0,2,0,0,0,1,https://update-portal.cc/index.php?token=0621f43b85072583ae4dd949648a12b4&target=netflix
47,14,26,0,3,4,0,0,4,0,0,0,0,0,0,11,0.234,0.5745,0.1915,0.0,4.2863,2.3527,1,0,0,0,0,0,1,0,0,0,1,http://145.84.118.131/bankofamerica/portal.html
52,18,14,11,3,2,0,0,5,0,0,1,1,0,0,1,0.0192,0.7885,0.1923,0.0,4.3018,3.7255,0,1,1,0,0,0,1,0,0,0,0,https://support.kaggle.com/api/v1/status?format=json
43,18,18,0,2,4,0,0,4,0,0,0,0,0,0,14,0.3256,0.4419,0.2326,0.0,4.2085,2.8731,1,0,0,0,0,0,1,0,1,0,1,http://178.242.15.43:8888/dropbox/auth.html
70,29,20,13,4,1,2,0,5,0,0,1,1,0,0,5,0.0714,0.7714,0.1571,0.0,4.4629,3.7589,0,0,0,0,1,0,3,0,0,0,1,http://customer-service-netflix.rest/webscr/login/submit?session=60407
43,14,22,0,3,4,0,0,4,0,0,0,0,0,0,11,0.2558,0.5349,0.2093,0.0,4.1155,2.4677,1,0,0,0,0,0,1,0,0,0,1,http://121.162.86.155/instagram/portal.html
59,15,13,22,3,2,0,0,4,0,0,1,2,0,1,6,0.1017,0.7119,0.1864,0.0,4.7049,3.3232,0,1,1,0,0,0,0,0,0,0,0,https://www.archive.org/profile/user?id=104928&tab=activity
48,26,15,0,2,1,2,0,4,0,0,0,0,0,0,0,0.0,0.8333,0.1667,0.0,3.9647,3.5805,0,0,0,0,1,0,2,0,0,0,1,http://coinbase-recover-center.ga/recover/verify
21,6,8,0,2,1,0,0,3,0,0,0,0,0,0,1,0.0476,0.7143,0.2381,0.1905,3.6538,1.9183,0,0,0,0,0,1,0,0,0,0,1,http://goo.gl/MOqOt1E
70,9,28,24,3,1,0,1,5,0,0,1,2,0,1,5,0.0714,0.7571,0.1714,0.0,4.4312,2.9477,0,0,1,0,0,0,0,0,0,0,0,https://apple.com/products/enterprise/pricing?session_id=50212&lang=en
42,14,6,13,3,2,0,0,3,0,0,1,1,0,0,2,0.0476,0.7619,0.1905,0.0952,4.4992,3.3788,0,1,1,0,0,0,0,0,0,0,0,https://docs.intel.com/watch?v=dQw4w9WgXcQ
23,15,0,0,3,1,0,0,2,0,0,0,0,0,0,0,0.0,0.8261,0.1739,0.0,4.056,3.7736,0,0,1,0,0,0,0,0,0,0,0,https://theguardian.com
24,15,1,0,3,2,0,0,3,0,0,0,0,0,0,0,0.0,0.75,0.25,0.0,3.5739,3.2402,0,1,1,0,0,0,1,0,0,0,0,https://support.cnn.com/
28,14,6,0,3,2,0,0,3,0,0,0,0,0,0,0,0.0,0.7857,0.2143,0.0,3.9408,3.2359,0,1,1,0,0,0,0,0,0,0,0,https://blog.arxiv.org/about
92,18,10,55,2,2,1,0,3,0,0,1,2,0,1,23,0.25,0.6304,0.1196,0.0,4.8398,3.5724,0,0,1,0,0,0,2,0,0,0,1,https://validate-portal.cc/index.php?token=8d262c56471e0d43c9121d0a483c261c&target=instagram
41,14,6,13,3,2,0,0,3,0,0,1,1,0,0,2,0.0488,0.7561,0.1951,0.0976,4.485,3.182,0,1,0,0,0,0,0,0,0,0,0,http://m.coursera.org/watch?v=dQw4w9WgXcQ
43,20,6,9,3,1,1,0,3,0,0,1,1,0,0,2,0.0465,0.7674,0.186,0.0,4.3884,3.9219,0,0,0,0,1,0,3,0,0,0,1,http://dr0pb0x-validate.icu/login?auth=true
78,16,29,24,3,3,1,1,5,0,0,1,2,0,1,6,0.0769,0.7308,0.1923,0.0,4.6251,3.625,0,1,1,0,0,0,0,0,0,0,0,https://docs.netflix.com/docs/v2/getting-started.html?session_id=81967&lang=en
62,18,13,22,3,2,0,0,4,0,0,1,2,0,1,6,0.0968,0.7258,0.1774,0.0,4.6231,3.4613,0,1,1,0,0,0,1,0,0,0,0,https://support.oracle.com/profile/user?id=104928&tab=activity
44,21,15,0,3,2,1,0,3,0,0,0,0,0,0,0,0.0,0.8409,0.1591,0.0,4.0643,3.4633,0,1,1,0,0,1,0,0,0,0,0,https://api.sciencedirect.com/privacy-policy
40,17,15,0,3,2,1,0,3,0,0,0,0,0,0,0,0.0,0.825,0.175,0.0,4.3276,3.4992,0,1,1,0,0,0,0,0,0,0,0,https://blog.linkedin.com/privacy-policy
44,16,6,13,3,2,0,0,3,0,0,1,1,0,0,2,0.0455,0.7727,0.1818,0.0909,4.4363,3.125,0,1,1,0,0,0,0,0,0,0,0,https://docs.dropbox.com/watch?v=dQw4w9WgXcQ
65,15,7,34,3,2,0,0,3,0,0,1,2,0,1,1,0.0154,0.8,0.1846,0.0,4.4887,3.1899,0,1,1,0,0,0,0,0,0,0,0,https://blog.amazon.com/search?q=machine+learning+tutorial&page=2
38,15,15,0,3,2,1,0,3,0,0,0,0,0,0,0,0.0,0.8158,0.1842,0.0,4.0562,3.3232,0,1,1,0,0,0,0,0,0,0,0,https://www.spotify.com/privacy-policy
53,14,6,24,3,2,0,1,3,0,0,1,2,0,1,5,0.0943,0.6981,0.2075,0.0,4.6378,3.5216,0,1,1,0,0,0,0,0,0,0,0,https://api.tumblr.com/about?session_id=83662&lang=en
45,14,23,0,2,2,0,0,5,0,0,0,0,0,0,3,0.0667,0.7556,0.1778,0.0,4.1532,3.3249,0,1,1,0,0,0,0,0,0,0,0,https://blog.twitch.tv/courses/cs101/syllabus
29,13,8,0,3,2,0,0,3,0,0,0,0,0,0,0,0.0,0.7931,0.2069,0.0,3.9094,3.0851,0,1,1,0,0,0,0,0,0,0,0,https://m.harvard.edu/contact
68,19,17,24,3,2,2,1,3,0,0,1,2,0,1,5,0.0735,0.7353,0.1912,0.0,4.6938,3.4316,0,1,0,0,0,0,2,0,0,0,0,http://support.youtube.com/terms-of-service?session_id=45294&lang=en
46,23,6,9,4,1,1,0,3,0,0,1,1,0,0,4,0.087,0.7391,0.1739,0.0,4.4372,3.7951,0,0,0,0,1,0,3,0,0,0,1,http://w311sfarg0-recover.rest/login?auth=true
41,18,15,0,3,2,1,0,3,0,0,0,0,0,0,0,0.0,0.8293,0.1707,0.0,4.0435,3.4613,0,1,1,0,0,0,1,0,0,0,0,https://support.oracle.com/privacy-policy
75,16,26,24,3,2,1,1,5,0,0,1,2,0,1,5,0.0667,0.7467,0.1867,0.0,4.5708,3.5,0,1,1,0,0,0,1,0,0,0,0,https://docs.archive.org/help/faq/account-settings?session_id=19131&lang=en
40,12,6,13,3,1,0,0,3,0,0,1,1,0,0,2,0.05,0.775,0.175,0.1,4.4276,3.0221,0,0,1,0,0,0,0,0,0,0,0,https://coursera.org/watch?v=dQw4w9WgXcQ
54,19,28,0,3,4,0,0,4,0,0,0,0,0,0,15,0.2778,0.537,0.1852,0.0,4.385,2.4956,1,0,0,0,0,0,1,0,1,0,1,http://70.181.156.117:8000/instagram/verification.html
74,16,26,23,3,2,1,1,5,0,0,1,2,0,1,4,0.0541,0.7568,0.1892,0.0,4.5268,3.4528,0,1,1,0,0,0,1,0,0,0,0,https://api.linkedin.com/help/faq/account-settings?session_id=6856&lang=en
47,11,28,0,3,2,0,0,5,0,0,0,0,0,0,0,0.0,0.8298,0.1702,0.0,3.9667,2.4817,0,1,1,0,0,0,0,0,0,0,0,https://www.cnn.com/products/enterprise/pricing
50,13,29,0,3,2,1,0,5,0,0,0,0,0,0,1,0.02,0.8,0.18,0.0,4.1415,3.027,0,0,1,0,0,1,0,0,0,0,0,https://microsoft.com/docs/v2/getting-started.html
49,27,15,0,2,1,2,0,4,0,0,0,0,0,0,0,0.0,0.8367,0.1633,0.0,4.0471,3.7179,0,0,0,0,1,0,2,0,0,0,1,http://instagram-recover-center.gq/recover/verify
51,18,26,0,3,2,1,0,5,0,0,0,0,0,0,0,0.0,0.8235,0.1765,0.0,4.256,3.6144,0,1,0,0,0,0,1,0,0,0,0,http://api.cloudflare.com/help/faq/account-settings
46,15,23,0,3,2,0,0,5,0,0,0,0,0,0,3,0.0652,0.7609,0.1739,0.0,4.1696,3.3232,0,1,1,0,0,0,0,0,0,0,0,https://www.spotify.com/courses/cs101/syllabus
43,15,6,13,2,2,0,0,3,0,0,1,1,0,0,2,0.0465,0.7674,0.186,0.093,4.4548,3.0566,0,1,1,0,0,0,1,0,0,0,0,https://support.zoom.us/watch?v=dQw4w9WgXcQ
53,15,30,0,3,2,2,0,4,0,0,0,0,0,0,0,0.0,0.8302,0.1698,0.0,4.162,3.5069,0,1,1,0,0,0,0,0,0,0,0,https://api.youtube.com/projects/open-source-software
49,13,28,0,3,2,0,0,5,0,0,0,0,0,0,0,0.0,0.8367,0.1633,0.0,4.026,3.027,0,1,1,0,0,0,0,0,0,0,0,https://m.dropbox.com/products/enterprise/pricing
45,24,14,0,3,1,2,0,4,0,0,0,0,0,0,0,0.0,0.8222,0.1778,0.0,4.2633,3.9183,0,0,0,0,1,0,3,0,0,0,1,http://paypal-unlock-center.kim/unlock/verify
57,7,7,34,3,1,0,0,3,0,0,1,2,0,1,1,0.0175,0.7895,0.193,0.0,4.432,2.8074,0,0,1,0,0,0,0,0,0,0,0,https://mit.edu/search?q=machine+learning+tutorial&page=2
62,15,39,0,3,2,2,0,6,0,0,0,0,0,0,6,0.0968,0.7258,0.1774,0.0,4.5184,3.3232,0,1,1,0,0,0,0,0,0,0,0,https://blog.docker.com/blog/2024/05/machine-learning-advances
49,12,29,0,3,2,1,0,5,0,0,0,0,0,0,1,0.0204,0.7959,0.1837,0.0,4.2058,3.2516,0,0,1,0,0,0,0,0,0,0,0,https://linkedin.com/docs/v2/getting-started.html
85,17,10,50,3,2,1,0,3,0,0,1,2,0,1,22,0.2588,0.6118,0.1294,0.0,4.8997,3.6169,0,0,0,0,1,0,2,0,0,0,1,http://verify-portal.top/index.php?token=7a58b34704300ef58a60865cfe1dd310&target=usps
50,27,15,0,4,1,2,0,4,0,0,0,0,0,0,0,0.0,0.84,0.16,0.0,4.0391,3.4397,0,0,1,0,1,0,2,0,0,0,1,https://binance-account-center.date/account/verify
26,11,8,0,3,1,0,0,3,0,0,0,0,0,0,2,0.0769,0.7308,0.1923,0.0385,4.027,3.4594,0,0,0,0,0,1,0,0,0,0,1,http://tinyurl.com/n11cYgl
48,11,29,0,3,2,0,1,4,0,0,0,0,0,0,0,0.0,0.8333,0.1667,0.0208,4.1441,2.914,0,1,1,0,0,0,0,0,0,0,0,https://m.apple.com/wiki/Artificial_intelligence
27,19,0,0,3,2,0,0,2,0,0,0,0,0,0,0,0.0,0.8148,0.1852,0.0,3.8562,3.6819,0,1,1,0,0,0,1,0,0,0,0,https://support.archive.org
61,11,17,24,3,2,2,1,3,0,0,1,2,0,1,5,0.082,0.7049,0.2131,0.0,4.6471,2.914,0,1,1,0,0,0,1,0,0,0,0,https://m.apple.com/terms-of-service?session_id=27094&lang=en
44,20,6,9,5,1,1,0,3,0,0,1,1,0,0,1,0.0227,0.7955,0.1818,0.0,4.3171,3.8842,0,0,1,0,1,0,2,0,0,0,1,https://m3tamask-login.party/login?auth=true
53,16,29,0,3,2,0,1,4,0,0,0,0,0,0,0,0.0,0.8491,0.1509,0.0189,4.1804,3.25,0,1,1,0,0,0,0,0,0,0,0,https://m.salesforce.com/wiki/Artificial_intelligence
39,13,19,0,2,4,0,0,4,0,0,0,0,0,0,10,0.2564,0.5128,0.2308,0.0,4.2723,2.6612,1,0,0,0,0,0,1,0,0,0,1,http://116.209.14.29/coinbase/auth.html
57,10,39,0,3,1,2,0,6,0,0,0,0,0,0,6,0.1053,0.7193,0.1754,0.0,4.4115,2.6464,0,0,1,0,0,0,0,0,0,0,0,https://google.com/blog/2024/05/machine-learning-advances
92,15,10,59,3,2,1,0,3,0,0,1,2,0,1,19,0.2065,0.6739,0.1196,0.0,4.8051,3.5069,0,0,0,0,0,0,2,0,0,0,1,http://auth-portal.com/index.php?token=eada97a1029fe96c517d8d29bb7d2186&target=bankofamerica
22,7,8,0,2,1,0,0,3,0,0,0,0,0,0,3,0.1364,0.6364,0.2273,0.1364,3.8454,2.5216,0,0,0,0,0,1,0,0,0,0,1,http://buff.ly/0IVf7G7
68,19,7,34,3,2,0,0,3,0,0,1,2,0,1,1,0.0147,0.8088,0.1765,0.0,4.569,3.6819,0,1,0,0,0,0,0,0,0,0,0,http://m.stackoverflow.com/search?q=machine+learning+tutorial&page=2
88,17,10,52,2,2,1,0,3,0,0,1,2,0,1,17,0.1932,0.6818,0.125,0.0,4.7986,3.7345,0,0,1,0,0,0,2,0,0,0,1,https://banking-portal.cc/index.php?token=9fce7565efdfa605517bbe29d4bd59a7&target=google
60,17,13,22,3,2,0,0,4,0,0,1,2,0,1,6,0.1,0.7167,0.1833,0.0,4.6362,3.4548,0,1,0,0,0,0,1,0,0,0,0,http://support.arxiv.org/profile/user?id=104928&tab=activity
56,34,15,0,8,1,2,0,4,0,0,0,0,0,0,0,0.0,0.8571,0.1429,0.0,4.1238,3.7826,0,0,0,0,1,0,2,0,0,0,1,http://wellsfargo-recover-center.download/recover/verify
51,30,14,0,8,1,2,0,4,0,0,0,0,0,0,0,0.0,0.8431,0.1569,0.0,4.2927,3.8981,0,0,0,0,1,0,2,0,0,0,1,http://netflix-unlock-center.download/unlock/verify
67,19,40,0,3,6,1,0,5,0,0,0,0,0,0,3,0.0448,0.7612,0.194,0.0,4.3255,3.4058,0,1,1,0,0,0,1,0,0,0,0,https://support.twitter.com/downloads/releases/version-4.1.2.tar.gz
57,13,13,22,2,2,0,0,4,0,0,1,2,0,1,6,0.1053,0.7018,0.193,0.0,4.5766,2.5654,0,1,1,0,0,0,0,0,0,0,0,https://www.twitch.tv/profile/user?id=104928&tab=activity
55,14,8,24,3,2,0,1,3,0,0,1,2,0,1,5,0.0909,0.7091,0.2,0.0,4.5633,2.9852,0,1,1,0,0,0,0,0,0,0,0,https://www.ubuntu.com/contact?session_id=18984&lang=en
60,14,38,0,3,3,0,2,5,0,0,0,0,0,0,1,0.0167,0.8,0.1833,0.0,4.2574,3.182,0,1,1,0,0,0,0,0,0,0,0,https://api.medium.com/library/archive/research_paper_v3.pdf
42,26,8,0,3,3,1,0,3,0,0,0,0,0,0,4,0.0952,0.7143,0.1905,0.0,4.2438,4.1039,0,2,1,0,1,0,1,0,0,0,1,https://dhl.com.account-89a7e4.fit/account
46,21,17,0,3,2,2,0,3,0,0,0,0,0,0,0,0.0,0.8261,0.1739,0.0,3.9881,3.4633,0,1,1,0,0,1,1,0,0,0,0,https://api.sciencedirect.com/terms-of-service
69,27,21,13,3,1,2,0,5,0,0,1,1,0,0,5,0.0725,0.7681,0.1594,0.0,4.4999,3.8842,0,0,0,0,1,0,3,0,0,0,1,http://customer-service-paypal.top/webscr/webscr/submit?session=21605
40,25,7,0,3,3,1,0,3,0,0,0,0,0,0,4,0.1,0.7,0.2,0.0,4.2751,4.0733,0,2,1,0,1,0,1,0,0,0,1,https://dhl.com.wallet-d964f2.gdn/wallet
50,15,28,0,3,2,0,0,5,0,0,0,0,0,0,0,0.0,0.84,0.16,0.0,4.1664,3.1899,0,1,0,0,0,0,0,0,0,0,0,http://blog.kaggle.com/products/enterprise/pricing
48,29,12,0,6,1,2,0,4,0,0,0,0,0,0,0,0.0,0.8333,0.1667,0.0,4.244,3.9523,0,0,0,0,1,0,2,0,0,0,1,http://wellsfargo-auth-center.racing/auth/verify
39,14,17,0,3,2,2,0,3,0,0,0,0,0,0,0,0.0,0.7949,0.2051,0.0,4.1504,3.3788,0,1,1,0,0,0,1,0,0,0,0,https://blog.intel.com/terms-of-service
90,20,10,52,3,2,1,0,3,0,0,1,2,0,1,23,0.2556,0.6222,0.1222,0.0,4.87,3.5842,0,0,0,0,1,0,2,0,0,0,1,http://suspended-portal.top/index.php?token=5898683573f66101894fccb80f49e8ab&target=google
53,30,15,0,10,1,2,0,4,0,0,0,0,0,0,0,0.0,0.8491,0.1509,0.0,4.2356,3.8566,0,0,1,0,1,0,3,0,0,0,1,https://usps-billing-center.accountant/billing/verify
78,29,27,13,4,1,2,0,5,0,0,1,1,0,0,5,0.0641,0.7949,0.141,0.0,4.4195,3.8235,0,0,1,0,1,0,3,0,0,0,1,https://customer-service-binance.club/webscr/verification/submit?session=79006
68,26,21,13,3,1,2,0,5,0,0,1,1,0,0,5,0.0735,0.7647,0.1618,0.0,4.5617,4.0081,0,0,0,0,1,0,3,0,0,0,1,http://customer-service-apple.xyz/webscr/signin/submit?session=81891
47,25,15,0,2,1,2,0,4,0,0,0,0,0,0,0,0.0,0.8298,0.1702,0.0,4.0679,3.6235,0,0,0,0,1,0,2,0,0,0,1,http://binance-confirm-center.ml/confirm/verify
72,11,29,24,3,2,0,2,4,0,0,1,2,0,1,5,0.0694,0.75,0.1806,0.0139,4.4898,3.0958,0,1,0,0,0,0,0,0,0,0,0,http://m.intel.com/wiki/Artificial_intelligence?session_id=80171&lang=en
21,12,1,0,3,1,0,0,3,0,0,0,0,0,0,0,0.0,0.7619,0.2381,0.0,3.6538,3.0221,0,0,1,0,0,0,0,0,0,0,0,https://coursera.org/
50,18,25,0,2,4,0,0,4,0,0,0,0,0,0,14,0.28,0.52,0.2,0.0,4.3415,2.4416,1,0,0,0,0,0,1,0,1,0,1,http://33.183.236.73:8000/instagram/ebayisapi.html
49,26,6,9,7,1,2,0,3,0,0,1,1,0,0,0,0.0,0.8163,0.1837,0.0,4.2529,3.5843,0,0,0,0,1,0,4,0,0,0,1,http://usps-secure-webscr.country/login?auth=true
58,14,13,22,2,2,0,0,4,0,0,1,2,0,1,6,0.1034,0.7069,0.1897,0.0,4.5973,3.182,0,1,1,0,0,0,0,0,0,0,0,https://docs.twitch.tv/profile/user?id=104928&tab=activity
58,38,13,0,6,3,1,0,3,0,0,0,0,0,0,3,0.0517,0.8103,0.1379,0.0,4.2761,4.1486,0,2,0,0,1,0,1,0,0,0,1,http://dropbox.com.verification-f98ec8.stream/verification
65,15,17,24,3,2,2,1,3,0,0,1,2,0,1,5,0.0769,0.7231,0.2,0.0,4.6795,3.3232,0,1,1,0,0,0,1,0,0,0,0,https://blog.medium.com/terms-of-service?session_id=82003&lang=en
20,5,8,0,2,1,0,0,3,0,0,0,0,0,0,1,0.05,0.7,0.25,0.2,3.8842,1.9219,0,0,0,0,0,1,0,0,0,0,1,http://bc.vc/R8HsZAm
83,16,10,49,2,2,1,0,3,0,0,1,2,0,1,18,0.2169,0.6506,0.1325,0.0,4.7813,3.4528,0,0,0,0,0,0,2,0,0,0,1,http://unlock-portal.cc/index.php?token=b9503c106f9fc0b905fe68bc18aeff59&target=dhl
22,14,0,0,3,2,0,0,2,0,0,0,0,0,0,0,0.0,0.7727,0.2273,0.0,3.7888,3.182,0,1,1,0,0,0,0,0,0,0,0,https://docs.quora.com
55,16,6,24,3,2,0,1,3,0,0,1,2,0,1,5,0.0909,0.7091,0.2,0.0,4.6635,3.5778,0,1,1,0,0,0,0,0,0,0,0,https://blog.spotify.com/about?session_id=75341&lang=en
44,19,18,0,3,4,0,0,4,0,0,0,0,0,0,15,0.3409,0.4318,0.2273,0.0,4.1807,2.6106,1,0,0,0,0,0,1,0,1,0,1,http://106.92.121.195:8888/chase/secure.html
70,22,40,0,3,6,1,0,5,0,0,0,0,0,0,3,0.0429,0.7714,0.1857,0.0,4.3626,3.6069,0,1,1,0,0,1,0,0,0,0,0,https://blog.sciencedirect.com/downloads/releases/version-4.1.2.tar.gz
50,34,8,0,6,3,1,0,3,0,0,0,0,0,0,3,0.06,0.78,0.16,0.0,4.4031,4.1385,0,2,1,0,1,0,1,0,0,0,1,https://coinbase.com.billing-04ad6c.review/billing
41,11,23,0,3,4,0,0,4,0,0,0,0,0,0,8,0.1951,0.5854,0.2195,0.0,4.3267,2.1626,1,0,0,0,0,0,1,0,0,0,1,http://26.85.8.228/wellsfargo/unlock.html
23,15,0,0,3,2,0,0,2,0,0,0,0,0,0,0,0.0,0.7826,0.2174,0.0,3.6753,3.3232,0,1,1,0,0,0,0,0,0,0,0,https://www.spotify.com
51,28,6,9,10,1,1,0,3,0,0,1,1,0,0,2,0.0392,0.8039,0.1569,0.0,4.3111,3.9138,0,0,0,0,1,0,4,0,0,0,1,http://micr0s0ft-billing.accountant/login?auth=true
23,15,0,0,3,2,0,0,2,0,0,0,0,0,0,0,0.0,0.7826,0.2174,0.0,3.882,3.1899,0,1,1,0,0,0,0,0,0,0,0,https://blog.oracle.com
53,16,29,0,3,3,1,0,5,0,0,0,0,0,0,1,0.0189,0.7925,0.1887,0.0,4.2913,3.625,0,1,1,0,0,0,0,0,0,0,0,https://blog.netflix.com/docs/v2/getting-started.html
20,5,8,0,2,1,0,0,3,0,0,0,0,0,0,2,0.1,0.65,0.25,0.25,3.7842,1.9219,0,0,0,0,0,1,0,0,0,0,1,http://bc.vc/5C4XCML
60,12,40,0,3,6,1,0,5,0,0,0,0,0,0,3,0.05,0.7333,0.2167,0.0,4.3258,3.085,0,1,1,0,0,0,0,0,0,0,0,https://blog.nih.gov/downloads/releases/version-4.1.2.tar.gz
73,30,22,13,4,1,2,0,5,0,0,1,1,0,0,5,0.0685,0.7808,0.1507,0.0,4.4706,3.8817,0,0,0,0,1,0,3,0,0,0,1,http://customer-service-facebook.club/webscr/recover/submit?session=27680
72,22,7,34,3,2,0,0,3,0,0,1,2,0,1,1,0.0139,0.8194,0.1667,0.0,4.6023,3.8231,0,1,1,0,0,0,0,0,0,0,0,https://blog.stackoverflow.com/search?q=machine+learning+tutorial&page=2
74,30,22,13,6,1,2,0,5,0,0,1,1,0,0,5,0.0676,0.7838,0.1486,0.0,4.3669,3.8314,0,0,1,0,1,0,4,0,0,0,1,https://customer-service-paypal.stream/webscr/support/submit?session=36626
90,19,10,53,3,2,1,0,3,0,0,1,2,0,1,25,0.2778,0.6,0.1222,0.0,4.8654,3.4316,0,0,0,0,1,0,2,0,0,0,1,http://validate-portal.top/index.php?token=43d444f6647084b81b162fd20215509c&target=binance
71,29,21,13,3,1,2,0,5,0,0,1,1,0,0,5,0.0704,0.7746,0.1549,0.0,4.5126,3.9094,0,0,0,0,1,0,3,0,0,0,1,http://customer-service-coinbase.gdn/webscr/portal/submit?session=27042
45,11,14,11,3,2,0,0,5,0,0,1,1,0,0,1,0.0222,0.7556,0.2222,0.0,4.1868,3.0958,0,1,1,0,0,0,0,0,0,0,0,https://m.arxiv.org/api/v1/status?format=json
75,35,19,13,4,1,2,0,5,0,0,1,1,0,0,5,0.0667,0.7867,0.1467,0.0,4.5236,4.036,0,0,0,0,1,0,3,0,0,0,1,http://customer-service-bankofamerica.buzz/webscr/auth/submit?session=91933
35,12,15,0,3,2,1,0,3,0,0,0,0,0,0,0,0.0,0.8,0.2,0.0,4.0004,2.8554,0,1,1,0,0,0,0,0,0,0,0,https://api.ieee.org/privacy-policy
50,16,26,0,3,2,1,0,5,0,0,0,0,0,0,0,0.0,0.82,0.18,0.0,4.2942,3.1556,0,1,1,0,0,0,1,0,0,0,0,https://blog.mozilla.org/help/faq/account-settings
87,18,10,50,3,2,1,0,3,0,0,1,2,0,1,12,0.1379,0.7356,0.1264,0.0,4.8085,3.4194,0,0,1,0,0,0,2,0,0,0,1,https://recover-portal.com/index.php?token=ae4ebbb9c7ed21e560cd3abeae25afd8&target=usps
40,14,19,0,3,4,0,0,4,0,0,0,0,0,0,11,0.275,0.5,0.225,0.0,4.2653,2.6456,1,0,0,0,0,0,1,0,0,0,1,http://100.188.71.203/fedex/service.html
24,16,0,0,3,2,0,0,2,0,0,0,0,0,0,0,0.0,0.7917,0.2083,0.0,3.9702,3.625,0,1,1,0,0,0,0,0,0,0,0,https://blog.nytimes.com
71,22,7,34,3,2,0,0,3,0,0,1,2,0,1,1,0.0141,0.8169,0.169,0.0,4.4348,3.6069,0,1,0,0,0,1,0,0,0,0,0,http://blog.sciencedirect.com/search?q=machine+learning+tutorial&page=2
74,12,29,24,3,3,1,1,5,0,0,1,2,0,1,6,0.0811,0.7162,0.2027,0.0,4.6196,3.0221,0,1,1,0,0,0,0,0,0,0,0,https://m.tumblr.com/docs/v2/getting-started.html?session_id=68692&lang=en
45,23,15,0,4,1,2,0,4,0,0,0,0,0,0,0,0.0,0.8222,0.1778,0.0,4.208,3.882,0,0,0,0,1,0,2,0,0,0,1,http://dhl-confirm-center.club/confirm/verify
21,6,8,0,2,1,0,0,3,0,0,0,0,0,0,0,0.0,0.7619,0.2381,0.1905,3.6897,1.9183,0,0,0,0,0,1,0,0,0,0,1,http://goo.gl/PmlMbUM
73,30,22,13,3,1,2,0,5,0,0,1,1,0,0,5,0.0685,0.7808,0.1507,0.0,4.4159,3.7559,0,0,0,0,1,0,3,0,0,0,1,http://customer-service-instagram.cam/webscr/recover/submit?session=28396
53,13,32,0,3,2,1,0,5,0,0,0,0,0,0,0,0.0,0.8302,0.1698,0.0,4.1311,3.027,0,1,1,0,0,0,1,0,0,0,0,https://www.apple.com/news/technology/science-updates
46,15,23,0,3,2,0,0,5,0,0,0,0,0,0,3,0.0652,0.7609,0.1739,0.0,4.0858,3.1899,0,1,1,0,0,0,0,0,0,0,0,https://www.youtube.com/courses/cs101/syllabus
73,12,28,24,3,2,0,1,5,0,0,1,2,0,1,5,0.0685,0.7534,0.1781,0.0,4.4259,2.7516,0,1,1,0,0,0,0,0,0,0,0,https://m.medium.com/products/enterprise/pricing?session_id=55325&lang=en
69,13,23,24,3,2,0,1,5,0,0,1,2,0,1,8,0.1159,0.6957,0.1884,0.0,4.5845,3.3927,0,1,1,0,0,0,0,0,0,0,0,https://api.intel.com/courses/cs101/syllabus?session_id=55206&lang=en
36,13,16,0,2,4,0,0,4,0,0,0,0,0,0,10,0.2778,0.4722,0.25,0.0,3.9267,2.5074,1,0,0,0,0,0,1,0,0,0,1,http://201.166.33.26/chase/auth.html
46,19,19,0,3,4,0,0,4,0,0,0,0,0,0,15,0.3261,0.4565,0.2174,0.0,4.2733,2.9852,1,0,1,0,0,0,2,0,1,0,1,https://63.174.195.219:8888/paypal/update.html
76,11,32,24,3,1,1,1,5,0,0,1,2,0,1,5,0.0658,0.7632,0.1711,0.0,4.5402,2.914,0,0,1,0,0,0,1,0,0,0,0,https://harvard.edu/news/technology/science-updates?session_id=11722&lang=en
21,6,8,0,2,1,0,0,3,0,0,0,0,0,0,1,0.0476,0.7143,0.2381,0.2381,3.7849,1.9183,0,0,0,0,0,1,0,0,0,0,1,http://goo.gl/QhIVW7U
40,17,6,9,3,1,1,0,3,0,0,1,1,0,0,2,0.05,0.75,0.2,0.0,4.4342,3.5725,0,0,0,0,1,0,3,0,0,0,1,http://f3d3x-banking.win/login?auth=true
22,7,8,0,2,1,0,0,3,0,0,0,0,0,0,2,0.0909,0.6818,0.2273,0.0909,3.8454,2.5216,0,0,0,0,0,1,0,0,0,0,1,http://tiny.cc/y53sjLJ
48,33,8,0,3,3,1,0,3,0,0,0,0,0,0,4,0.0833,0.75,0.1667,0.0,4.3061,4.0667,0,2,0,0,1,0,1,0,0,0,1,http://wellsfargo.com.recover-36f63e.bid/recover
53,15,30,0,3,2,2,0,4,0,0,0,0,0,0,0,0.0,0.8302,0.1698,0.0,4.0226,3.0062,0,1,1,0,0,1,0,0,0,0,0,https://m.microsoft.com/projects/open-source-software
21,6,8,0,2,1,0,0,3,0,0,0,0,0,0,0,0.0,0.7619,0.2381,0.2381,3.9754,2.585,0,0,0,0,0,1,0,0,0,0,1,http://adf.ly/JoqSVSE
23,14,1,0,3,2,0,0,3,0,0,0,0,0,0,0,0.0,0.7391,0.2609,0.0,3.8492,3.3788,0,1,1,0,0,0,0,0,0,0,0,https://blog.intel.com/
47,24,6,9,7,1,1,0,3,0,0,1,1,0,0,1,0.0213,0.8085,0.1702,0.0,4.4083,3.9702,0,0,0,0,1,0,3,0,0,0,1,http://amaz0n-suspended.country/login?auth=true
80,19,28,24,3,2,0,1,5,0,0,1,2,0,1,5,0.0625,0.775,0.1625,0.0,4.417,3.7871,0,1,1,0,0,0,0,0,0,0,0,https://api.theguardian.com/products/enterprise/pricing?session_id=82522&lang=en
24,9,8,0,2,1,0,0,3,0,0,0,0,0,0,1,0.0417,0.75,0.2083,0.0417,3.7202,2.7255,0,0,0,0,0,1,0,0,0,0,1,http://shorte.st/nWuneb0
45,9,28,0,3,1,0,0,5,0,0,0,0,0,0,0,0.0,0.8444,0.1556,0.0,3.9668,2.9477,0,0,1,0,0,0,0,0,0,0,0,https://arxiv.org/products/enterprise/pricing
47,13,27,0,3,4,0,0,4,0,0,0,0,0,0,10,0.2128,0.5957,0.1915,0.0,4.4691,2.8151,1,0,0,0,0,0,1,0,0,0,1,http://204.52.37.155/bankofamerica/confirm.html
40,14,19,0,3,4,0,0,4,0,0,0,0,0,0,11,0.275,0.5,0.225,0.0,3.9964,2.217,1,0,0,0,0,0,1,0,0,0,1,http://215.222.24.233/chase/account.html
61,14,39,0,3,2,2,0,6,0,0,0,0,0,0,6,0.0984,0.7213,0.1803,0.0,4.5858,3.182,0,1,1,0,0,0,0,0,0,0,0,https://www.tumblr.com/blog/2024/05/machine-learning-advances
63,16,39,0,3,2,2,0,6,0,0,0,0,0,0,6,0.0952,0.7302,0.1746,0.0,4.4726,3.3278,0,1,1,0,0,0,0,0,0,0,0,https://api.coursera.org/blog/2024/05/machine-learning-advances
43,19,6,9,3,1,1,0,3,0,0,1,1,0,0,4,0.093,0.7209,0.186,0.0,4.3907,3.8269,0,0,1,0,1,0,3,0,0,0,1,https://g00g13-security.fit/login?auth=true
38,15,15,0,3,2,1,0,3,0,0,0,0,0,0,0,0.0,0.8158,0.1842,0.0,4.0106,3.3736,0,1,1,0,0,0,0,0,0,0,0,https://api.archive.org/privacy-policy
39,11,6,13,3,2,0,0,3,0,0,1,1,0,0,2,0.0513,0.7436,0.2051,0.1026,4.3875,3.0958,0,1,1,0,0,0,0,0,0,0,0,https://api.nih.gov/watch?v=dQw4w9WgXcQ
48,12,28,0,2,4,0,0,4,0,0,0,0,0,0,9,0.1875,0.625,0.1875,0.0,4.1989,2.4591,1,0,1,0,0,0,2,0,0,0,1,https://65.56.138.53/binance/authentication.html
48,20,6,13,3,2,0,0,3,0,0,1,1,0,0,2,0.0417,0.7917,0.1667,0.0833,4.6887,3.8219,0,1,1,0,0,0,1,0,0,0,0,https://support.linkedin.com/watch?v=dQw4w9WgXcQ
43,20,6,9,3,1,1,0,3,0,0,1,1,0,0,1,0.0233,0.7907,0.186,0.0,4.2863,3.6464,0,0,0,0,1,0,3,0,0,0,1,http://binanc3-validate.fit/login?auth=true
46,10,28,0,3,1,0,0,5,0,0,0,0,0,0,0,0.0,0.8478,0.1522,0.0,3.9696,3.3219,0,0,1,0,0,0,0,0,0,0,0,https://github.com/products/enterprise/pricing
65,17,15,24,3,1,1,1,3,0,0,1,2,0,1,5,0.0769,0.7538,0.1692,0.0,4.5876,3.2195,0,0,1,0,0,1,0,0,0,0,0,https://sciencedirect.com/privacy-policy?session_id=58923&lang=en
55,11,13,22,2,2,0,0,4,0,0,1,2,0,1,6,0.1091,0.6909,0.2,0.0,4.6248,2.8454,0,1,1,0,0,0,0,0,0,0,0,https://m.twitch.tv/profile/user?id=104928&tab=activity
63,13,17,24,3,2,2,1,3,0,0,1,2,0,1,5,0.0794,0.7143,0.2063,0.0,4.5601,2.8731,0,1,1,0,0,0,1,0,0,0,0,https://blog.ieee.org/terms-of-service?session_id=89363&lang=en
56,19,29,0,3,2,0,1,4,0,0,0,0,0,0,0,0.0,0.8571,0.1429,0.0179,4.2487,3.6163,0,1,1,0,0,0,1,0,0,0,0,https://support.nytimes.com/wiki/Artificial_intelligence
51,15,29,0,3,3,1,0,5,0,0,0,0,0,0,1,0.0196,0.7843,0.1961,0.0,4.1795,3.5069,0,1,0,0,0,0,0,0,0,0,0,http://docs.gitlab.com/docs/v2/getting-started.html
71,28,22,13,3,1,2,0,5,0,0,1,1,0,0,5,0.0704,0.7746,0.1549,0.0,4.4876,3.9233,0,0,0,0,1,0,3,0,0,0,1,http://customer-service-netflix.kim/webscr/support/submit?session=65452
51,17,26,0,3,2,1,0,5,0,0,0,0,0,0,0,0.0,0.8235,0.1765,0.0,4.2335,3.4548,0,1,1,0,0,0,2,0,0,0,0,https://support.arxiv.org/help/faq/account-settings
51,14,29,0,3,2,1,0,5,0,0,0,0,0,0,1,0.0196,0.8039,0.1765,0.0,4.2648,3.3788,0,0,1,0,0,0,0,0,0,0,0,https://cloudflare.com/docs/v2/getting-started.html
72,10,29,24,3,2,1,1,5,0,0,1,2,0,1,6,0.0833,0.7222,0.1944,0.0,4.5329,2.6464,0,0,1,0,0,0,0,0,0,0,0,https://google.com/docs/v2/getting-started.html?session_id=64653&lang=en
73,29,22,13,4,1,2,0,5,0,0,1,1,0,0,5,0.0685,0.7808,0.1507,0.0,4.6149,3.9614,0,0,1,0,1,0,3,0,0,0,1,https://customer-service-netflix.loan/webscr/banking/submit?session=78950
49,26,6,9,2,1,1,0,3,0,0,1,1,0,0,4,0.0816,0.7551,0.1633,0.0,4.5561,4.2099,0,0,0,0,1,0,3,0,0,0,1,http://w311sfarg0-verification.ml/login?auth=true
48,14,14,11,3,2,0,0,5,0,0,1,1,0,0,1,0.0208,0.7708,0.2083,0.0,4.2781,3.0931,0,1,1,0,0,0,0,0,0,0,0,https://blog.yahoo.com/api/v1/status?format=json
39,14,18,0,3,4,0,0,4,0,0,0,0,0,0,11,0.2821,0.4872,0.2308,0.0,4.253,2.6456,1,0,0,0,0,0,1,0,0,0,1,http://133.36.148.126/usps/invoice.html
22,7,8,0,2,1,0,0,3,0,0,0,0,0,0,2,0.0909,0.6818,0.2273,0.0909,3.9363,2.5216,0,0,0,0,0,1,0,0,0,0,1,http://tiny.cc/s9rZxO1
60,16,13,22,3,2,0,0,4,0,0,1,2,0,1,6,0.1,0.7167,0.1833,0.0,4.7362,3.4528,0,1,1,0,0,0,0,0,0,0,0,https://docs.mozilla.org/profile/user?id=104928&tab=activity
60,14,38,0,3,3,0,2,5,0,0,0,0,0,0,1,0.0167,0.8,0.1833,0.0,4.3026,3.5216,0,1,1,0,0,0,0,0,0,0,0,https://m.stanford.edu/library/archive/research_paper_v3.pdf
50,16,1,24,3,2,0,1,3,0,0,1,2,0,1,5,0.1,0.68,0.22,0.0,4.5762,3.625,0,1,1,0,0,0,0,0,0,0,0,https://docs.netflix.com/?session_id=31490&lang=en
69,13,23,24,3,2,0,1,5,0,0,1,2,0,1,8,0.1159,0.6957,0.1884,0.0,4.4657,3.027,0,1,1,0,0,0,0,0,0,0,0,https://docs.ieee.org/courses/cs101/syllabus?session_id=38110&lang=en
67,17,7,34,3,2,0,0,3,0,0,1,2,0,1,1,0.0149,0.806,0.1791,0.0,4.5435,3.7345,0,1,1,0,0,0,0,0,0,0,0,https://blog.stanford.edu/search?q=machine+learning+tutorial&page=2
20,12,0,0,3,1,0,0,2,0,0,0,0,0,0,0,0.0,0.8,0.2,0.0,3.6842,3.0221,0,0,1,0,0,0,0,0,0,0,0,https://coursera.org
42,27,8,0,2,3,1,0,3,0,0,0,0,0,0,5,0.119,0.6905,0.1905,0.0,4.368,4.1064,0,2,0,0,1,0,1,0,0,0,1,http://chase.com.confirm-014d08.ga/confirm
34,11,15,0,3,1,1,0,3,0,0,0,0,0,0,0,0.0,0.8235,0.1765,0.0,4.2117,3.4594,0,0,1,0,0,0,0,0,0,0,0,https://netflix.com/privacy-policy
43,14,21,0,3,4,0,0,4,0,0,0,0,0,0,11,0.2558,0.5349,0.2093,0.0,4.4609,2.8963,1,0,1,0,0,0,1,0,0,0,1,https://209.15.245.180/facebook/secure.html
48,25,6,9,6,1,1,0,3,0,0,1,1,0,0,1,0.0208,0.8125,0.1667,0.0,4.2726,3.7835,0,0,0,0,1,0,3,0,0,0,1,http://chas3-verification.racing/login?auth=true
93,20,40,24,3,6,1,1,5,0,0,1,2,0,1,8,0.086,0.7204,0.1935,0.0,4.5791,3.2842,0,1,1,0,0,1,1,0,0,0,0,https://support.coursera.org/downloads/releases/version-4.1.2.tar.gz?session_id=60048&lang=en
46,15,24,0,3,4,0,0,4,0,0,0,0,0,0,12,0.2609,0.5435,0.1957,0.0,4.3524,2.3656,1,0,0,0,0,0,1,0,0,0,1,http://171.137.178.153/wellsfargo/confirm.html
88,18,10,51,3,2,1,0,3,0,0,1,2,0,1,21,0.2386,0.6364,0.125,0.0,4.8343,3.6144,0,0,1,0,0,0,3,0,0,0,1,https://payment-portal.com/index.php?token=fbdec8755e0390a55b057218c9788c1c&target=fedex
64,18,38,0,3,3,0,2,5,0,0,0,0,0,0,1,0.0156,0.8125,0.1719,0.0,4.3101,3.7255,0,1,1,0,0,1,0,0,0,0,0,https://blog.pinterest.com/library/archive/research_paper_v3.pdf
72,28,23,13,3,1,2,0,5,0,0,1,1,0,0,5,0.0694,0.7778,0.1528,0.0,4.4657,3.8693,0,0,0,0,1,0,3,0,0,0,1,http://customer-service-dropbox.bid/webscr/security/submit?session=62954
71,21,7,34,3,2,0,0,3,0,0,1,2,0,1,1,0.0141,0.8169,0.169,0.0,4.3637,3.4633,0,1,1,0,0,1,0,0,0,0,0,https://api.sciencedirect.com/search?q=machine+learning+tutorial&page=2
53,15,30,0,3,2,2,0,4,0,0,0,0,0,0,0,0.0,0.8302,0.1698,0.0,4.1008,3.3232,0,1,1,0,0,0,0,0,0,0,0,https://www.spotify.com/projects/open-source-software
20,5,8,0,2,1,0,0,3,0,0,0,0,0,0,2,0.1,0.65,0.25,0.05,3.8842,2.3219,0,0,0,0,0,1,0,0,0,0,1,http://rb.gy/9xNrvc8
89,16,10,55,3,2,1,0,3,0,0,1,2,0,1,23,0.2584,0.618,0.1236,0.0,4.7732,3.3278,0,0,0,0,1,0,2,0,0,0,1,http://login-portal.top/index.php?token=561566407f69e6a984410a61fe77c7fc&target=microsoft
48,27,14,0,5,1,2,0,4,0,0,0,0,0,0,0,0.0,0.8333,0.1667,0.0,4.3035,3.8562,0,0,0,0,1,0,2,0,0,0,1,http://dropbox-unlock-center.trade/unlock/verify
35,11,17,0,3,1,2,0,3,0,0,0,0,0,0,0,0.0,0.8,0.2,0.0,3.9573,3.2776,0,0,0,0,0,0,1,0,0,0,0,http://spotify.com/terms-of-service
27,13,6,0,3,2,0,0,3,0,0,0,0,0,0,0,0.0,0.7778,0.2222,0.0,3.8842,3.1808,0,1,1,0,0,0,0,0,0,0,0,https://m.nytimes.com/about
51,14,29,0,3,3,1,0,5,0,0,0,0,0,0,1,0.0196,0.7843,0.1961,0.0,4.2011,3.182,0,1,1,0,0,0,0,0,0,0,0,https://blog.adobe.com/docs/v2/getting-started.html
34,18,8,0,3,2,0,0,3,0,0,0,0,0,0,0,0.0,0.8235,0.1765,0.0,3.7412,3.5033,0,1,1,0,0,1,0,0,0,0,0,https://docs.pinterest.com/contact
55,34,13,0,3,3,1,0,3,0,0,0,0,0,0,4,0.0727,0.7818,0.1455,0.0,4.3124,4.1163,0,2,1,0,1,0,2,0,0,0,1,https://paypal.com.verification-245cf5.men/verification
44,21,6,9,4,1,1,0,3,0,0,1,1,0,0,2,0.0455,0.7727,0.1818,0.0,4.3565,3.9161,0,0,0,0,1,0,3,0,0,0,1,http://micr0s0ft-portal.club/login?auth=true
53,30,15,0,8,1,2,0,4,0,0,0,0,0,0,0,0.0,0.8491,0.1509,0.0,4.1254,3.7647,0,0,1,0,1,0,3,0,0,0,1,https://paypal-recover-center.download/recover/verify
43,18,18,0,3,4,0,0,4,0,0,0,0,0,0,14,0.3256,0.4419,0.2326,0.0,4.1269,2.6612,1,0,0,0,0,0,1,0,1,0,1,http://170.34.48.171:8888/apple/signin.html
43,22,13,0,2,1,2,0,4,0,0,0,0,0,0,0,0.0,0.814,0.186,0.0,4.0628,3.3908,0,0,1,0,1,0,2,0,0,0,1,https://google-login-center.gq/login/verify
59,12,39,0,3,2,2,0,6,0,0,0,0,0,0,6,0.1017,0.7119,0.1864,0.0,4.5116,2.8554,0,1,1,0,0,0,0,0,0,0,0,https://m.ubuntu.com/blog/2024/05/machine-learning-advances
24,9,8,0,2,1,0,0,3,0,0,0,0,0,0,1,0.0417,0.75,0.2083,0.1667,3.7721,2.7255,0,0,0,0,0,1,0,0,0,0,1,http://shorte.st/QDsBN9b
43,15,6,13,3,2,0,0,3,0,0,1,1,0,0,2,0.0465,0.7674,0.186,0.093,4.3442,3.3232,0,1,1,0,0,0,0,0,0,0,0,https://www.archive.org/watch?v=dQw4w9WgXcQ
47,18,22,0,2,4,0,0,4,0,0,0,0,0,0,14,0.2979,0.4894,0.2128,0.0,4.3735,2.8151,1,0,0,0,0,0,1,0,1,0,1,http://100.248.60.27:8000/instagram/unlock.html
94,20,10,55,3,2,1,0,3,0,0,1,2,0,1,17,0.1809,0.7021,0.117,0.0,4.7471,3.8219,0,0,1,0,0,0,2,0,0,0,1,https://suspended-portal.com/index.php?token=cc1152ccd00cd92ad7dc11b3b11f0c30&target=instagram
53,38,8,0,8,3,1,0,3,0,0,0,0,0,0,4,0.0755,0.7736,0.1509,0.0,4.4677,4.1986,0,2,0,0,1,0,1,0,0,0,1,http://wellsfargo.com.invoice-f0d958.download/invoice
43,9,14,11,2,2,0,0,5,0,0,1,1,0,0,1,0.0233,0.7442,0.2326,0.0,4.0696,2.5033,0,1,1,0,0,0,0,0,0,0,0,https://m.zoom.us/api/v1/status?format=json
64,17,39,0,3,2,2,0,6,0,0,0,0,0,0,6,0.0938,0.7344,0.1719,0.0,4.5039,3.4548,0,1,1,0,0,1,0,0,0,0,0,https://www.pinterest.com/blog/2024/05/machine-learning-advances
46,23,6,9,5,1,1,0,3,0,0,1,1,0,0,1,0.0217,0.8043,0.1739,0.0,4.363,3.882,0,0,0,0,1,0,3,0,0,0,1,http://binanc3-suspended.party/login?auth=true
76,17,26,24,3,2,1,1,5,0,0,1,2,0,1,5,0.0658,0.75,0.1842,0.0,4.6044,3.7345,0,1,1,0,0,0,1,0,0,0,0,https://blog.stanford.edu/help/faq/account-settings?session_id=19776&lang=en
43,15,6,13,2,2,0,0,3,0,0,1,1,0,0,2,0.0465,0.7674,0.186,0.093,4.4548,3.0566,0,1,1,0,0,0,1,0,0,0,0,https://support.zoom.us/watch?v=dQw4w9WgXcQ
40,21,11,0,4,1,2,0,4,0,0,0,0,0,0,0,0.0,0.8,0.2,0.0,4.1464,3.7849,0,0,1,0,1,0,2,0,0,0,1,https://chase-pay-center.buzz/pay/verify
47,26,14,0,3,1,2,0,4,0,0,0,0,0,0,0,0.0,0.8298,0.1702,0.0,4.1712,3.7962,0,0,0,0,1,0,2,0,0,0,1,http://metamask-wallet-center.xyz/wallet/verify
40,15,17,0,3,2,2,0,3,0,0,0,0,0,0,0,0.0,0.8,0.2,0.0,3.9587,3.3232,0,1,1,0,0,0,1,0,0,0,0,https://api.twitter.com/terms-of-service
44,13,23,0,3,2,0,0,5,0,0,0,0,0,0,3,0.0682,0.75,0.1818,0.0,4.2633,3.027,0,1,1,0,0,0,0,0,0,0,0,https://www.arxiv.org/courses/cs101/syllabus
87,37,29,13,6,1,2,0,5,0,0,1,1,0,0,5,0.0575,0.8161,0.1264,0.0,4.4577,3.9458,0,0,0,0,1,0,4,0,0,0,1,http://customer-service-bankofamerica.racing/webscr/authentication/submit?session=26554
21,6,8,0,2,1,0,0,3,0,0,0,0,0,0,0,0.0,0.7619,0.2381,0.2381,3.9395,2.585,0,0,0,0,0,1,0,0,0,0,1,http://bit.ly/FHDBOev
49,25,17,0,2,1,2,0,4,0,0,0,0,0,0,0,0.0,0.8367,0.1633,0.0,4.0688,3.8137,0,0,0,0,1,0,2,0,0,0,1,http://chase-ebayisapi-center.gq/ebayisapi/verify
68,18,7,34,3,2,0,0,3,0,0,1,2,0,1,1,0.0147,0.8088,0.1765,0.0,4.4585,3.7255,0,1,1,0,0,0,1,0,0,0,0,https://support.kaggle.com/search?q=machine+learning+tutorial&page=2
92,18,10,55,3,2,1,0,3,0,0,1,2,0,1,19,0.2065,0.6739,0.1196,0.0,4.9218,3.4613,0,0,1,0,1,0,2,0,0,0,1,https://billing-portal.top/index.php?token=bb3ac8683d59471d19bef3483cc052ca&target=microsoft
52,18,26,0,3,4,0,0,4,0,0,0,0,0,0,14,0.2692,0.5385,0.1923,0.0,4.5875,2.4416,1,0,1,0,0,0,1,0,1,0,1,https://111.93.51.218:8080/bankofamerica/verify.html
42,18,6,9,4,1,1,0,3,0,0,1,1,0,0,4,0.0952,0.7143,0.1905,0.0,4.4813,3.7255,0,0,1,0,1,0,3,0,0,0,1,https://g00g13-webscr.club/login?auth=true
20,5,8,0,2,1,0,0,3,0,0,0,0,0,0,0,0.0,0.75,0.25,0.1,3.7842,1.9219,0,0,0,0,0,1,0,0,0,0,1,http://bc.vc/yTzQsmp
48,15,26,0,3,4,0,0,4,0,0,0,0,0,0,12,0.25,0.5625,0.1875,0.0,4.5637,2.8226,1,0,0,0,0,0,1,0,0,0,1,http://186.236.146.180/bankofamerica/verify.html
49,26,16,0,3,1,2,0,4,0,0,0,0,0,0,0,0.0,0.8367,0.1633,0.0,4.2195,3.8441,0,0,0,0,1,0,3,0,0,0,1,http://paypal-password-center.men/password/verify
92,19,40,24,3,6,1,1,5,0,0,1,2,0,1,8,0.087,0.7174,0.1957,0.0,4.5941,3.5766,0,1,1,0,0,0,1,0,0,0,0,https://support.mozilla.org/downloads/releases/version-4.1.2.tar.gz?session_id=45150&lang=en
46,12,14,11,3,2,0,0,5,0,0,1,1,0,0,1,0.0217,0.7609,0.2174,0.0,4.249,3.2516,0,1,1,0,0,0,0,0,0,0,0,https://m.gitlab.com/api/v1/status?format=json
47,10,29,0,3,1,0,1,4,0,0,0,0,0,0,0,0.0,0.8511,0.1489,0.0213,4.1956,3.3219,0,0,1,0,0,0,0,0,0,0,0,https://github.com/wiki/Artificial_intelligence
57,18,6,24,3,2,0,1,3,0,0,1,2,0,1,5,0.0877,0.7193,0.193,0.0,4.5874,3.4613,0,1,1,0,0,0,1,0,0,0,0,https://support.oracle.com/about?session_id=57847&lang=en
57,23,14,11,3,2,0,0,5,0,0,1,1,0,0,1,0.0175,0.807,0.1754,0.0,4.2541,3.9149,0,1,1,0,0,0,1,0,0,0,0,https://support.theguardian.com/api/v1/status?format=json
45,17,6,13,2,3,0,0,3,0,0,1,1,0,0,2,0.0444,0.7556,0.2,0.0889,4.447,3.2195,0,2,1,0,0,0,1,0,0,0,0,https://support.bbc.co.uk/watch?v=dQw4w9WgXcQ
63,43,13,0,10,3,1,0,3,0,0,0,0,0,0,5,0.0794,0.7937,0.127,0.0,4.2048,4.014,0,2,0,0,1,0,2,0,0,0,1,http://coinbase.com.verification-4a7266.accountant/verification
72,29,21,13,6,1,2,0,5,0,0,1,1,0,0,5,0.0694,0.7778,0.1528,0.0,4.2354,3.578,0,0,1,0,1,0,3,0,0,0,1,https://customer-service-chase.stream/webscr/secure/submit?session=44508
90,17,10,55,2,2,1,0,3,0,0,1,2,0,1,21,0.2333,0.6444,0.1222,0.0,4.9112,3.5725,0,0,0,0,0,0,2,0,0,0,1,http://service-portal.cc/index.php?token=43532ffff2508343dc31dd865b57be94&target=microsoft
77,12,32,24,2,2,1,1,5,0,0,1,2,0,1,5,0.0649,0.7532,0.1818,0.0,4.5483,2.8554,0,1,1,0,0,0,1,0,0,0,0,https://docs.zoom.us/news/technology/science-updates?session_id=71328&lang=en
45,30,8,0,2,3,1,0,3,0,0,0,0,0,0,4,0.0889,0.7333,0.1778,0.0,4.267,4.0062,0,2,0,0,1,0,1,0,0,0,1,http://coinbase.com.recover-85d38d.ga/recover
41,17,6,9,5,1,1,0,3,0,0,1,1,0,0,1,0.0244,0.7805,0.1951,0.0,4.2506,3.6901,0,0,1,0,1,0,3,0,0,0,1,https://dh1-account.space/login?auth=true
50,27,15,0,3,1,2,0,4,0,0,0,0,0,0,0,0.0,0.84,0.16,0.0,4.0235,3.6484,0,0,1,0,1,0,2,0,0,0,1,https://facebook-recover-center.bid/recover/verify
88,16,39,24,3,2,2,1,6,0,0,1,2,0,1,11,0.125,0.6932,0.1818,0.0,4.7792,2.9528,0,1,1,0,0,0,0,0,0,0,0,https://m.duckduckgo.com/blog/2024/05/machine-learning-advances?session_id=44899&lang=en
35,11,17,0,3,2,2,0,3,0,0,0,0,0,0,0,0.0,0.7714,0.2286,0.0,4.0716,2.914,0,1,0,0,0,0,1,0,0,0,0,http://api.cnn.com/terms-of-service
75,33,21,13,6,1,2,0,5,0,0,1,1,0,0,5,0.0667,0.7867,0.1467,0.0,4.4175,3.6314,0,0,0,0,1,0,3,0,0,0,1,http://customer-service-microsoft.review/webscr/update/submit?session=47425
27,13,6,0,3,2,0,0,3,0,0,0,0,0,0,0,0.0,0.7778,0.2222,0.0,3.8282,3.027,0,1,1,0,0,0,0,0,0,0,0,https://www.adobe.com/about
40,7,26,0,3,1,1,0,5,0,0,0,0,0,0,0,0.0,0.8,0.2,0.0,4.0414,2.2359,0,0,0,0,0,0,1,0,0,0,0,http://cnn.com/help/faq/account-settings
89,18,10,53,3,2,1,0,3,0,0,1,2,0,1,21,0.236,0.6404,0.1236,0.0,4.7265,3.6144,0,0,0,0,0,0,3,0,0,0,1,http://payment-portal.com/index.php?token=9d3a79e6a3f9532e7c2526e51c2a9e24&target=binance
90,17,10,55,2,2,1,0,3,0,0,1,2,0,1,20,0.2222,0.6556,0.1222,0.0,4.8969,3.3372,0,0,0,0,0,0,2,0,0,0,1,http://support-portal.cc/index.php?token=b7df15900015b623e5efed4c1f159c42&target=instagram
86,17,10,51,3,2,1,0,3,0,0,1,2,0,1,19,0.2209,0.6512,0.1279,0.0,4.7619,2.8954,0,0,0,0,1,0,1,0,0,0,1,http://portal-portal.top/index.php?token=bd04559b9711b29fcc351b3dae3c20b2&target=chase
54,16,30,0,3,2,2,0,4,0,0,0,0,0,0,0,0.0,0.8333,0.1667,0.0,3.9475,3.2028,0,1,1,0,0,0,1,0,0,0,0,https://support.ieee.org/projects/open-source-software
61,25,29,0,3,3,1,0,5,0,0,0,0,0,0,1,0.0164,0.8197,0.1639,0.0,4.1621,3.5737,0,1,0,0,0,1,1,0,0,0,0,http://support.sciencedirect.com/docs/v2/getting-started.html
53,13,32,0,3,2,1,0,5,0,0,0,0,0,0,0,0.0,0.8302,0.1698,0.0,4.3037,3.027,0,1,1,0,0,0,1,0,0,0,0,https://www.arxiv.org/news/technology/science-updates
26,18,0,0,3,2,0,0,2,0,0,0,0,0,0,0,0.0,0.8077,0.1923,0.0,4.0851,3.6144,0,1,1,0,0,0,0,0,0,0,0,https://api.cloudflare.com
23,9,6,0,3,1,0,0,3,0,0,0,0,0,0,0,0.0,0.7826,0.2174,0.0,3.7294,2.9477,0,0,1,0,0,0,0,0,0,0,0,https://apple.com/about
46,18,6,13,3,2,0,0,3,0,0,1,1,0,0,2,0.0435,0.7826,0.1739,0.087,4.4935,3.5033,0,1,1,0,0,1,1,0,0,0,0,https://support.reddit.com/watch?v=dQw4w9WgXcQ
74,29,23,13,2,1,2,0,5,0,0,1,1,0,0,5,0.0676,0.7838,0.1486,0.0,4.4965,3.8573,0,0,1,0,1,0,3,0,0,0,1,https://customer-service-instagram.cf/webscr/password/submit?session=95843
40,29,4,0,5,3,1,0,3,0,0,0,0,0,0,3,0.075,0.725,0.2,0.0,4.1562,4.0473,0,2,0,0,1,0,1,0,0,0,1,http://metamask.com.pay-e34d2d.faith/pay
62,18,13,22,3,2,0,0,4,0,0,1,2,0,1,6,0.0968,0.7258,0.1774,0.0,4.6393,3.281,0,1,1,0,0,0,1,0,0,0,0,https://support.ubuntu.com/profile/user?id=104928&tab=activity
20,5,8,0,2,1,0,0,3,0,0,0,0,0,0,2,0.1,0.65,0.25,0.15,3.9842,2.3219,0,0,0,0,0,1,0,0,0,0,1,http://is.gd/SxI27Kz
50,14,28,0,3,2,0,0,5,0,0,0,0,0,0,0,0.0,0.84,0.16,0.0,4.1015,3.3788,0,1,1,0,0,0,0,0,0,0,0,https://blog.chase.com/products/enterprise/pricing
69,19,7,34,3,2,0,0,3,0,0,1,2,0,1,1,0.0145,0.8116,0.1739,0.0,4.4869,3.7871,0,1,1,0,0,0,0,0,0,0,0,https://www.theguardian.com/search?q=machine+learning+tutorial&page=2
89,17,10,54,3,2,1,0,3,0,0,1,2,0,1,19,0.2135,0.6629,0.1236,0.0,4.8292,3.8522,0,0,0,0,0,0,2,0,0,0,1,http://verify-portal.com/index.php?token=283efc813988ab79599c8bafef8658ed&target=coinbase
46,31,8,0,3,3,1,0,3,0,0,0,0,0,0,5,0.1087,0.7174,0.1739,0.0,4.1022,3.9779,0,2,0,0,1,0,2,0,0,0,1,http://metamask.com.payment-5b6826.top/payment
69,19,7,34,3,2,0,0,3,0,0,1,2,0,1,1,0.0145,0.8116,0.1739,0.0,4.4077,3.4058,0,1,1,0,0,0,1,0,0,0,0,https://support.twitter.com/search?q=machine+learning+tutorial&page=2
50,14,28,0,3,1,0,0,5,0,0,0,0,0,0,0,0.0,0.86,0.14,0.0,4.0049,3.2359,0,0,1,0,0,0,0,0,0,0,0,https://salesforce.com/products/enterprise/pricing
47,9,30,0,3,1,2,0,4,0,0,0,0,0,0,0,0.0,0.8298,0.1702,0.0,4.1509,2.9477,0,0,1,0,0,0,0,0,0,0,0,https://arxiv.org/projects/open-source-software
42,13,22,0,3,4,0,0,4,0,0,0,0,0,0,10,0.2381,0.5476,0.2143,0.0,4.422,3.1808,1,0,0,0,0,0,1,0,0,0,1,http://84.137.56.204/microsoft/signin.html
53,19,14,11,3,2,0,0,5,0,0,1,1,0,0,1,0.0189,0.7925,0.1887,0.0,4.4243,3.2211,0,1,1,0,0,0,0,0,0,0,0,https://blog.duckduckgo.com/api/v1/status?format=json
24,9,8,0,2,1,0,0,3,0,0,0,0,0,0,1,0.0417,0.75,0.2083,0.125,3.8868,2.7255,0,0,0,0,0,1,0,0,0,0,1,http://shorte.st/BlX6Wad
58,20,30,0,3,2,2,0,4,0,0,0,0,0,0,0,0.0,0.8448,0.1552,0.0,3.994,3.5219,0,1,1,0,0,0,1,0,0,0,0,https://support.stanford.edu/projects/open-source-software
74,13,28,24,3,2,0,1,5,0,0,1,2,0,1,5,0.0676,0.7568,0.1757,0.0,4.4186,3.3927,0,1,1,0,0,0,0,0,0,0,0,https://api.intel.com/products/enterprise/pricing?session_id=47176&lang=en
20,5,8,0,2,1,0,0,3,0,0,0,0,0,0,1,0.05,0.7,0.25,0.15,3.6464,1.9219,0,0,0,0,0,1,0,0,0,0,1,http://bc.vc/IbbrPH3
47,18,22,0,3,4,0,0,4,0,0,0,0,0,0,14,0.2979,0.4894,0.2128,0.0,4.3128,2.6612,1,0,0,0,0,0,1,0,1,0,1,http://128.76.10.220:8888/instagram/secure.html
73,30,22,13,6,1,2,0,5,0,0,1,1,0,0,5,0.0685,0.7808,0.1507,0.0,4.3616,3.7396,0,0,0,0,1,0,3,0,0,0,1,http://customer-service-amazon.stream/webscr/confirm/submit?session=54555
25,11,6,0,3,1,0,0,3,0,0,0,0,0,0,0,0.0,0.8,0.2,0.0,3.9133,3.0958,0,0,1,0,0,0,0,0,0,0,0,https://mozilla.org/about
46,15,23,0,3,2,0,0,5,0,0,0,0,0,0,3,0.0652,0.7609,0.1739,0.0,4.0778,3.1899,0,1,1,0,0,0,0,0,0,0,0,https://blog.ubuntu.com/courses/cs101/syllabus
50,16,26,0,3,2,1,0,5,0,0,0,0,0,0,0,0.0,0.82,0.18,0.0,4.2922,3.125,0,1,1,0,0,0,1,0,0,0,0,https://docs.dropbox.com/help/faq/account-settings
84,12,39,24,2,2,2,1,6,0,0,1,2,0,1,11,0.131,0.6786,0.1905,0.0,4.803,3.0221,0,1,1,0,0,0,0,0,0,0,0,https://blog.zoom.us/blog/2024/05/machine-learning-advances?session_id=98471&lang=en
54,14,32,0,2,3,1,0,5,0,0,0,0,0,0,0,0.0,0.8148,0.1852,0.0,4.1651,2.8424,0,2,1,0,0,0,1,0,0,0,0,https://docs.bbc.co.uk/news/technology/science-updates
63,16,40,0,3,6,1,0,5,0,0,0,0,0,0,3,0.0476,0.746,0.2063,0.0,4.2732,3.375,0,1,0,0,0,0,1,0,0,0,0,http://support.nasa.gov/downloads/releases/version-4.1.2.tar.gz
21,6,8,0,2,1,0,0,3,0,0,0,0,0,0,3,0.1429,0.619,0.2381,0.0476,3.6178,1.9183,0,0,0,0,0,1,0,0,0,0,1,http://goo.gl/ob7tO12
65,17,40,0,3,6,1,0,5,0,0,0,0,0,0,3,0.0462,0.7538,0.2,0.0,4.2938,3.4548,0,1,1,0,0,0,0,0,0,0,0,https://docs.stanford.edu/downloads/releases/version-4.1.2.tar.gz
70,28,21,13,3,1,2,0,5,0,0,1,1,0,0,5,0.0714,0.7714,0.1571,0.0,4.4743,3.9138,0,0,0,0,1,0,2,0,0,0,1,http://customer-service-dropbox.cam/webscr/webscr/submit?session=86507
90,22,10,49,2,2,1,0,3,0,0,1,2,0,1,19,0.2111,0.6667,0.1222,0.0,4.8645,3.6635,0,0,1,0,0,0,2,0,0,0,1,https://verification-portal.cc/index.php?token=55e3106cc80cd3007459ef26aa1f3bde&target=dhl
88,15,10,55,3,2,1,0,3,0,0,1,2,0,1,20,0.2273,0.6477,0.125,0.0,4.9667,3.5069,0,0,0,0,0,0,2,0,0,0,1,http://auth-portal.com/index.php?token=8434a98e0a551db26e76b93f10dcf32c&target=microsoft
50,14,28,0,3,2,0,0,5,0,0,0,0,0,0,0,0.0,0.84,0.16,0.0,4.1264,3.182,0,1,1,0,0,0,0,0,0,0,0,https://blog.adobe.com/products/enterprise/pricing
88,16,10,53,2,2,1,0,3,0,0,1,2,0,1,12,0.1364,0.7386,0.125,0.0,4.7128,3.625,0,0,1,0,0,0,2,0,0,0,1,https://signin-portal.cc/index.php?token=ded6b7053ed491bbd57aac50feffbdaa&target=binance
39,16,6,9,4,1,1,0,3,0,0,1,1,0,0,2,0.0513,0.7436,0.2051,0.0,4.3655,3.625,0,0,0,0,1,0,3,0,0,0,1,http://dr0pb0x-pay.rest/login?auth=true
43,20,6,9,3,1,1,0,3,0,0,1,1,0,0,2,0.0465,0.7674,0.186,0.0,4.4524,3.9219,0,0,0,0,1,0,3,0,0,0,1,http://dr0pb0x-validate.kim/login?auth=true
47,25,15,0,3,1,2,0,4,0,0,0,0,0,0,0,0.0,0.8298,0.1702,0.0,4.0435,3.6537,0,0,0,0,1,0,2,0,0,0,1,http://amazon-confirm-center.fit/confirm/verify
17,9,0,0,3,1,0,0,2,0,0,0,0,0,0,0,0.0,0.7647,0.2353,0.0,3.6901,3.1699,0,0,1,0,0,0,0,0,0,0,0,https://intel.com
47,24,6,9,6,1,1,0,3,0,0,1,1,0,0,2,0.0426,0.7872,0.1702,0.0,4.4669,3.9702,0,0,0,0,1,0,3,0,0,0,1,http://c0inbas3-password.stream/login?auth=true
48,10,30,0,3,1,2,0,4,0,0,0,0,0,0,0,0.0,0.8333,0.1667,0.0,4.1114,3.1219,0,0,1,0,0,0,0,0,0,0,0,https://tumblr.com/projects/open-source-software
63,16,39,0,3,2,2,0,6,0,0,0,0,0,0,6,0.0952,0.7302,0.1746,0.0,4.4804,3.2028,0,1,1,0,0,0,1,0,0,0,0,https://support.ieee.org/blog/2024/05/machine-learning-advances
87,17,10,52,3,2,1,0,3,0,0,1,2,0,1,22,0.2529,0.6207,0.1264,0.0,4.9141,3.6169,0,0,0,0,0,0,2,0,0,0,1,http://secure-portal.com/index.php?token=53083bea8ba3d39a1f7360b94770024b&target=google
20,5,8,0,2,1,0,0,3,0,0,0,0,0,0,1,0.05,0.7,0.25,0.1,3.6464,1.9219,0,0,0,0,0,1,0,0,0,0,1,http://bc.vc/hNut1Yf
48,33,8,0,5,3,1,0,3,0,0,0,0,0,0,5,0.1042,0.7292,0.1667,0.0,4.2071,4.0209,0,2,0,0,1,0,1,0,0,0,1,http://coinbase.com.recover-51a900.trade/recover
18,10,0,0,3,1,0,0,2,0,0,0,0,0,0,0,0.0,0.7778,0.2222,0.0,3.7255,2.9219,0,0,1,0,0,0,0,0,0,0,0,https://oracle.com
55,18,29,0,3,3,1,0,5,0,0,0,0,0,0,1,0.0182,0.8,0.1818,0.0,4.1926,3.4613,0,1,1,0,0,0,1,0,0,0,0,https://support.medium.com/docs/v2/getting-started.html
37,9,6,13,3,1,0,0,3,0,0,1,1,0,0,2,0.0541,0.7568,0.1892,0.1081,4.4792,2.9477,0,0,1,0,0,0,0,0,0,0,0,https://quora.com/watch?v=dQw4w9WgXcQ
44,29,7,0,2,3,1,0,3,0,0,0,0,0,0,4,0.0909,0.7273,0.1818,0.0,4.5272,4.1592,0,2,1,0,1,0,1,0,0,0,1,https://facebook.com.verify-d06f95.ga/verify
88,16,10,54,2,2,1,0,3,0,0,1,2,0,1,23,0.2614,0.6136,0.125,0.0,4.8359,3.3278,0,0,0,0,0,0,2,0,0,0,1,http://wallet-portal.cc/index.php?token=8023921ee0e9b5663992c9c2e7db4245&target=metamask
25,9,8,0,3,1,0,0,3,0,0,0,0,0,0,0,0.0,0.8,0.2,0.0,3.6391,3.1699,0,0,1,0,0,0,0,0,0,0,0,https://intel.com/contact
20,5,8,0,2,1,0,0,3,0,0,0,0,0,0,3,0.15,0.6,0.25,0.05,3.7842,2.3219,0,0,0,0,0,1,0,0,0,0,1,http://is.gd/0p2o3sO
21,6,8,0,2,1,0,0,3,0,0,0,0,0,0,1,0.0476,0.7143,0.2381,0.1429,4.0707,2.585,0,0,0,0,0,1,0,0,0,0,1,http://adf.ly/x2IWgEc
19,4,8,0,2,1,0,0,3,0,0,0,0,0,0,1,0.0526,0.6842,0.2632,0.1579,3.6421,2.0,0,0,0,0,0,1,0,0,0,0,1,http://t.co/1QwfwGA
47,32,8,0,4,3,1,0,3,0,0,0,0,0,0,4,0.0851,0.7447,0.1702,0.0,4.0141,3.7692,0,2,0,0,1,0,1,0,0,0,1,http://metamask.com.account-3ae483.date/account
41,13,6,13,3,2,0,0,3,0,0,1,1,0,0,2,0.0488,0.7561,0.1951,0.0976,4.5706,3.0851,0,1,1,0,0,0,0,0,0,0,0,https://m.mozilla.org/watch?v=dQw4w9WgXcQ
41,28,5,0,4,3,1,0,3,0,0,0,0,0,0,3,0.0732,0.7317,0.1951,0.0,4.4338,4.2804,0,2,1,0,1,0,1,0,0,0,1,https://netflix.com.auth-c4d0e0.work/auth
27,19,0,0,3,2,0,0,2,0,0,0,0,0,0,0,0.0,0.8148,0.1852,0.0,3.736,3.2608,0,1,1,0,0,1,0,0,0,0,0,https://m.sciencedirect.com
20,5,8,0,2,1,0,0,3,0,0,0,0,0,0,1,0.05,0.7,0.25,0.1,3.8842,2.3219,0,0,0,0,0,1,0,0,0,0,1,http://rb.gy/egXJm4f
35,12,15,0,2,2,1,0,3,0,0,0,0,0,0,0,0.0,0.8,0.2,0.0,4.1287,2.8554,0,1,1,0,0,0,0,0,0,0,0,https://docs.zoom.us/privacy-policy
21,6,8,0,2,1,0,0,3,0,0,0,0,0,0,0,0.0,0.7619,0.2381,0.0952,3.8442,2.585,0,0,0,0,0,1,0,0,0,0,1,http://adf.ly/rkkkzEB
58,12,38,0,3,3,0,2,5,0,0,0,0,0,0,1,0.0172,0.7931,0.1897,0.0,4.2001,3.0221,0,1,1,0,0,0,0,0,0,0,0,https://api.nasa.gov/library/archive/research_paper_v3.pdf
65,18,39,0,3,2,2,0,6,0,0,0,0,0,0,6,0.0923,0.7385,0.1692,0.0,4.5069,3.5033,0,1,1,0,0,0,1,0,0,0,0,https://support.nature.com/blog/2024/05/machine-learning-advances
47,32,8,0,6,3,1,0,3,0,0,0,0,0,0,5,0.1064,0.7234,0.1702,0.0,4.1982,3.9835,0,2,0,0,1,0,1,0,0,0,1,http://amazon.com.recover-86b764.stream/recover
87,18,10,50,3,2,1,0,3,0,0,1,2,0,1,15,0.1724,0.7011,0.1264,0.0,4.8449,3.6835,0,0,1,0,0,0,2,0,0,0,1,https://invoice-portal.com/index.php?token=69a2cafff9fab81ec9a8539e5cf35fb7&target=usps
38,22,8,0,3,2,0,0,3,0,0,0,0,0,0,0,0.0,0.8421,0.1579,0.0,3.9483,3.6069,0,1,1,0,0,1,0,0,0,0,0,https://blog.sciencedirect.com/contact
51,14,29,0,3,3,1,0,5,0,0,0,0,0,0,1,0.0196,0.7843,0.1961,0.0,4.2552,3.2359,0,1,1,0,0,0,0,0,0,0,0,https://blog.arxiv.org/docs/v2/getting-started.html
49,18,23,0,3,2,0,0,5,0,0,0,0,0,0,3,0.0612,0.7755,0.1633,0.0,4.0017,3.3921,0,1,1,0,0,0,1,0,0,0,0,https://support.tumblr.com/courses/cs101/syllabus
46,31,8,0,4,3,1,0,3,0,0,0,0,0,0,5,0.1087,0.7174,0.1739,0.0,4.3816,4.1682,0,2,0,0,1,0,1,0,0,0,1,http://dropbox.com.invoice-e21047.work/invoice
67,24,21,13,3,1,2,0,5,0,0,1,1,0,0,5,0.0746,0.7612,0.1642,0.0,4.5042,3.835,0,0,1,0,1,0,3,0,0,0,1,https://customer-service-dhl.men/webscr/wallet/submit?session=59127
88,19,10,51,3,2,1,0,3,0,0,1,2,0,1,17,0.1932,0.6818,0.125,0.0,4.7951,3.3264,0,0,0,0,1,0,2,0,0,0,1,http://password-portal.top/index.php?token=e42e6c8aa4dbfbd00b4c5b9862d032f9&target=fedex
79,16,30,24,3,2,2,1,4,0,0,1,2,0,1,5,0.0633,0.7595,0.1772,0.0,4.6913,3.5778,0,1,1,0,0,0,0,0,0,0,0,https://blog.spotify.com/projects/open-source-software?session_id=31862&lang=en
24,9,8,0,3,1,0,0,3,0,0,0,0,0,0,0,0.0,0.7917,0.2083,0.0,3.5739,2.9477,0,0,0,0,0,0,0,0,0,0,0,http://adobe.com/contact
37,22,8,0,3,2,0,0,3,0,0,0,0,0,0,0,0.0,0.8378,0.1622,0.0,4.075,3.8231,0,1,0,0,0,0,0,0,0,0,0,http://blog.stackoverflow.com/contact
46,23,6,9,6,1,1,0,3,0,0,1,1,0,0,1,0.0217,0.8043,0.1739,0.0,4.4664,4.056,0,0,0,0,1,0,3,0,0,0,1,http://dh1-verification.webcam/login?auth=true
24,15,1,0,2,2,0,0,3,0,0,0,0,0,0,0,0.0,0.75,0.25,0.0,3.4277,3.0566,0,1,1,0,0,0,1,0,0,0,0,https://support.zoom.us/
91,17,10,56,3,2,1,0,3,0,0,1,2,0,1,19,0.2088,0.6703,0.1209,0.0,4.817,3.6169,0,0,0,0,1,0,2,0,0,0,1,http://webscr-portal.top/index.php?token=42c6fef4e850deb6751f29b00ee50a40&target=wellsfargo
51,14,29,0,2,2,0,1,4,0,0,0,0,0,0,0,0.0,0.8431,0.1569,0.0196,4.1202,3.182,0,1,1,0,0,0,0,0,0,0,0,https://docs.twitch.tv/wiki/Artificial_intelligence
51,15,28,0,3,2,0,0,5,0,0,0,0,0,0,0,0.0,0.8431,0.1569,0.0,4.0676,3.5069,0,1,1,0,0,0,0,0,0,0,0,https://api.youtube.com/products/enterprise/pricing
46,15,23,0,3,2,0,0,5,0,0,0,0,0,0,3,0.0652,0.7609,0.1739,0.0,4.0693,3.2402,0,1,1,0,0,0,0,0,0,0,0,https://blog.tumblr.com/courses/cs101/syllabus
46,23,6,9,2,1,2,0,3,0,0,1,1,0,0,0,0.0,0.8043,0.1957,0.0,4.2676,3.7623,0,0,0,0,1,0,4,0,0,0,1,http://usps-secure-validate.tk/login?auth=true
55,33,15,0,4,1,2,0,4,0,0,0,0,0,0,0,0.0,0.8545,0.1455,0.0,4.2134,3.862,0,0,0,0,1,0,2,0,0,0,1,http://bankofamerica-confirm-center.club/confirm/verify
77,35,21,13,4,1,2,0,5,0,0,1,1,0,0,5,0.0649,0.7922,0.1429,0.0,4.5074,3.9789,0,0,0,0,1,0,3,0,0,0,1,http://customer-service-bankofamerica.loan/webscr/portal/submit?session=85583
30,14,8,0,3,2,0,0,3,0,0,0,0,0,0,0,0.0,0.8,0.2,0.0,3.8981,3.3788,0,1,1,0,0,0,0,0,0,0,0,https://docs.arxiv.org/contact
34,25,1,0,3,2,0,0,3,0,0,0,0,0,0,0,0.0,0.8235,0.1765,0.0,4.0209,3.8439,0,1,1,0,0,0,1,0,0,0,0,https://support.stackoverflow.com/
45,15,23,0,3,4,0,0,4,0,0,0,0,0,0,12,0.2667,0.5333,0.2,0.0,4.267,2.5493,1,0,0,0,0,0,1,0,0,0,1,http://193.118.112.200/microsoft/invoice.html
67,38,22,0,10,1,2,0,4,0,0,0,0,0,0,0,0.0,0.8806,0.1194,0.0,3.8705,3.5445,0,0,0,0,1,0,4,0,0,0,1,http://apple-authentication-center.accountant/authentication/verify
91,18,10,55,3,2,1,0,3,0,0,1,2,0,1,20,0.2198,0.6593,0.1209,0.0,4.9478,3.6835,0,0,0,0,0,0,2,0,0,0,1,http://invoice-portal.com/index.php?token=962fb35d8a4fba8062b1e469db563e97&target=microsoft
87,14,40,24,3,6,1,1,5,0,0,1,2,0,1,8,0.092,0.7011,0.2069,0.0,4.7145,3.3249,0,1,1,0,0,0,0,0,0,0,0,https://api.ubuntu.com/downloads/releases/version-4.1.2.tar.gz?session_id=88797&lang=en
59,31,20,0,4,1,2,0,4,0,0,0,0,0,0,0,0.0,0.8644,0.1356,0.0,4.0761,3.7324,0,0,1,0,1,0,2,0,0,0,1,https://google-verification-center.date/verification/verify
42,18,6,9,7,1,1,0,3,0,0,1,1,0,0,1,0.0238,0.7857,0.1905,0.0,4.3321,3.9477,0,0,1,0,1,1,3,0,0,0,1,https://dh1-wallet.country/login?auth=true
74,31,22,13,10,1,2,0,5,0,0,1,1,0,0,5,0.0676,0.7838,0.1486,0.0,4.5422,3.9378,0,0,0,0,1,0,4,0,0,0,1,http://customer-service-dhl.accountant/webscr/billing/submit?session=12815
49,15,14,11,3,2,0,0,5,0,0,1,1,0,0,1,0.0204,0.7755,0.2041,0.0,4.23,3.3736,0,1,1,0,0,0,0,0,0,0,0,https://api.archive.org/api/v1/status?format=json
64,14,17,24,3,2,2,1,3,0,0,1,2,0,1,5,0.0781,0.7188,0.2031,0.0,4.7166,3.2359,0,1,1,0,0,0,1,0,0,0,0,https://blog.arxiv.org/terms-of-service?session_id=64201&lang=en
27,18,1,0,3,2,0,0,3,0,0,0,0,0,0,0,0.0,0.7778,0.2222,0.0,3.7542,3.4613,0,1,1,0,0,0,1,0,0,0,0,https://support.amazon.com/
53,37,8,0,7,3,1,0,3,0,0,0,0,0,0,3,0.0566,0.7925,0.1509,0.0,4.2987,4.0237,0,2,1,0,1,0,1,0,0,0,1,https://wellsfargo.com.invoice-1e71da.science/invoice
64,14,7,34,3,2,0,0,3,0,0,1,2,0,1,1,0.0156,0.7969,0.1875,0.0,4.4475,3.3788,0,1,1,0,0,0,0,0,0,0,0,https://blog.intel.com/search?q=machine+learning+tutorial&page=2
37,15,15,0,3,2,1,0,3,0,0,0,0,0,0,0,0.0,0.8108,0.1892,0.0,3.9927,3.2402,0,1,0,0,0,0,0,0,0,0,0,http://api.mozilla.org/privacy-policy
43,22,13,0,4,1,2,0,4,0,0,0,0,0,0,0,0.0,0.814,0.186,0.0,4.1336,3.7544,0,0,1,0,1,0,2,0,0,0,1,https://usps-alert-center.work/alert/verify
26,11,8,0,3,1,0,0,3,0,0,0,0,0,0,1,0.0385,0.7692,0.1923,0.0769,4.0749,3.4594,0,0,0,0,0,1,0,0,0,0,1,http://tinyurl.com/blOlrY8
49,16,1,23,3,2,0,1,3,0,0,1,2,0,1,4,0.0816,0.6939,0.2245,0.0,4.5815,3.3278,0,1,1,0,0,0,0,0,0,0,0,https://docs.youtube.com/?session_id=8051&lang=en
31,22,1,0,3,2,0,0,3,0,0,0,0,0,0,0,0.0,0.8065,0.1935,0.0,3.9779,3.6069,0,1,1,0,0,1,0,0,0,0,0,https://blog.sciencedirect.com/
87,17,10,52,2,2,1,0,3,0,0,1,2,0,1,21,0.2414,0.6322,0.1264,0.0,4.8193,3.5725,0,0,0,0,0,0,3,0,0,0,1,http://billing-portal.cc/index.php?token=483d81997991409b8def6fadcf4467f8&target=paypal
68,25,22,13,2,1,2,0,5,0,0,1,1,0,0,5,0.0735,0.7647,0.1618,0.0,4.5558,3.8439,0,0,0,0,1,0,3,0,0,0,1,http://customer-service-apple.ga/webscr/billing/submit?session=95672
46,23,6,9,5,1,1,0,3,0,0,1,1,0,0,2,0.0435,0.7826,0.1739,0.0,4.398,3.882,0,0,0,0,1,0,3,0,0,0,1,http://micr0s0ft-invoice.trade/login?auth=true
83,11,39,24,3,2,2,1,6,0,0,1,2,0,1,11,0.1325,0.6747,0.1928,0.0,4.7567,3.0958,0,1,1,0,0,0,0,0,0,0,0,https://api.mit.edu/blog/2024/05/machine-learning-advances?session_id=84719&lang=en
89,18,38,24,3,3,0,3,5,0,0,1,2,0,1,6,0.0674,0.7528,0.1798,0.0,4.7317,3.4613,0,1,1,0,0,0,1,0,0,0,0,https://support.amazon.com/library/archive/research_paper_v3.pdf?session_id=95840&lang=en
43,19,6,9,4,1,1,0,3,0,0,1,1,0,0,2,0.0465,0.7674,0.186,0.0,4.4258,3.8924,0,0,1,0,1,0,3,0,0,0,1,https://n3tf1ix-wallet.club/login?auth=true
47,26,14,0,4,1,2,0,4,0,0,0,0,0,0,0,0.0,0.8298,0.1702,0.0,4.1899,3.8253,0,0,0,0,1,0,2,0,0,0,1,http://binance-update-center.work/update/verify
21,6,8,0,2,1,0,0,3,0,0,0,0,0,0,1,0.0476,0.7143,0.2381,0.0476,3.9754,2.585,0,0,0,0,0,1,0,0,0,0,1,http://adf.ly/2kjibUh
62,14,15,24,3,2,1,1,3,0,0,1,2,0,1,5,0.0806,0.7258,0.1935,0.0,4.6632,3.3788,0,1,1,0,0,0,0,0,0,0,0,https://api.gitlab.com/privacy-policy?session_id=61341&lang=en
65,26,18,13,2,1,2,0,5,0,0,1,1,0,0,5,0.0769,0.7538,0.1692,0.0,4.5355,3.8731,0,0,0,0,1,0,3,0,0,0,1,http://customer-service-amazon.cf/webscr/pay/submit?session=37300
47,30,9,0,4,3,1,0,3,0,0,0,0,0,0,3,0.0638,0.766,0.1702,0.0,4.1696,4.0314,0,2,1,0,1,0,1,0,0,0,1,https://chase.com.security-310bcf.rest/security
49,25,16,0,2,1,2,0,4,0,0,0,0,0,0,0,0.0,0.8367,0.1633,0.0,4.0434,3.7035,0,0,1,0,1,0,3,0,0,0,1,https://paypal-validate-center.ml/validate/verify
43,15,6,13,3,2,0,0,3,0,0,1,1,0,0,2,0.0465,0.7674,0.186,0.093,4.3793,3.3232,0,1,1,0,0,0,0,0,0,0,0,https://api.twitter.com/watch?v=dQw4w9WgXcQ
57,14,13,22,3,2,0,0,4,0,0,1,2,0,1,6,0.1053,0.7018,0.193,0.0,4.7209,3.3788,0,1,0,0,0,0,0,0,0,0,0,http://blog.intel.com/profile/user?id=104928&tab=activity
24,9,8,0,2,1,0,0,3,0,0,0,0,0,0,0,0.0,0.7917,0.2083,0.1667,3.8868,2.7255,0,0,0,0,0,1,0,0,0,0,1,http://shorte.st/MvOnxBP
57,23,26,0,3,2,1,0,5,0,0,0,0,0,0,0,0.0,0.8421,0.1579,0.0,4.2225,3.9149,0,1,1,0,0,0,2,0,0,0,0,https://support.theguardian.com/help/faq/account-settings
72,10,29,24,3,1,0,2,4,0,0,1,2,0,1,5,0.0694,0.7639,0.1667,0.0139,4.5705,2.7219,0,0,1,0,0,0,0,0,0,0,0,https://amazon.com/wiki/Artificial_intelligence?session_id=11490&lang=en
44,30,7,0,6,3,1,0,3,0,0,0,0,0,0,3,0.0682,0.75,0.1818,0.0,4.311,4.0981,0,2,0,0,1,0,1,0,0,0,1,http://apple.com.verify-9c94da.stream/verify
22,14,0,0,3,2,0,0,2,0,0,0,0,0,0,0,0.0,0.7727,0.2273,0.0,3.6978,3.0391,0,1,1,0,0,0,0,0,0,0,0,https://api.amazon.com
46,23,6,9,5,1,1,0,3,0,0,1,1,0,0,2,0.0435,0.7826,0.1739,0.0,4.3524,3.7081,0,0,0,0,1,0,3,0,0,0,1,http://micr0s0ft-recover.trade/login?auth=true
67,19,15,24,3,2,1,1,3,0,0,1,2,0,1,5,0.0746,0.7463,0.1791,0.0,4.7549,3.8269,0,1,1,0,0,0,1,0,0,0,0,https://support.netflix.com/privacy-policy?session_id=16324&lang=en
58,14,13,22,3,2,0,0,4,0,0,1,2,0,1,6,0.1034,0.7069,0.1897,0.0,4.7567,3.3249,0,1,1,0,0,0,0,0,0,0,0,https://www.github.com/profile/user?id=104928&tab=activity
21,6,8,0,2,1,0,0,3,0,0,0,0,0,0,1,0.0476,0.7143,0.2381,0.2381,3.9395,2.585,0,0,0,0,0,1,0,0,0,0,1,http://adf.ly/0BFGtLX
62,35,20,0,6,1,2,0,4,0,0,0,0,0,0,0,0.0,0.871,0.129,0.0,4.0521,3.811,0,0,0,0,1,0,2,0,0,0,1,http://facebook-verification-center.stream/verification/verify
42,17,17,0,3,2,2,0,3,0,0,0,0,0,0,0,0.0,0.8095,0.1905,0.0,4.0144,3.3816,0,1,1,0,0,0,2,0,0,0,0,https://support.apple.com/terms-of-service
89,16,10,55,2,2,1,0,3,0,0,1,2,0,1,18,0.2022,0.6742,0.1236,0.0,4.8656,3.625,0,0,0,0,0,0,2,0,0,0,1,http://signin-portal.cc/index.php?token=89a2a4d51eaecb10e2a56bc719f41f26&target=microsoft
55,11,13,22,3,2,0,0,4,0,0,1,2,0,1,6,0.1091,0.6909,0.2,0.0,4.6927,3.0958,0,1,1,0,0,0,0,0,0,0,0,https://m.intel.com/profile/user?id=104928&tab=activity
23,14,1,0,3,2,0,0,3,0,0,0,0,0,0,0,0.0,0.7391,0.2609,0.0,3.7623,3.3788,0,1,1,0,0,0,0,0,0,0,0,https://docs.intel.com/
46,15,23,0,3,4,0,0,4,0,0,0,0,0,0,12,0.2609,0.5435,0.1957,0.0,4.2135,2.2892,1,0,1,0,0,0,1,0,0,0,1,https://112.191.200.151/netflix/ebayisapi.html
90,17,10,54,3,2,1,0,3,0,0,1,2,0,1,21,0.2333,0.6444,0.1222,0.0,4.8148,2.8954,0,0,1,0,1,0,1,0,0,0,1,https://portal-portal.top/index.php?token=65ff90d0e8dba76588c1262986db649e&target=metamask
44,29,8,0,2,3,1,0,3,0,0,0,0,0,0,3,0.0682,0.75,0.1818,0.0,4.2916,3.9783,0,2,0,0,1,0,1,0,0,0,1,http://binance.com.confirm-1cd45e.gq/confirm
46,10,28,0,3,1,0,0,5,0,0,0,0,0,0,0,0.0,0.8478,0.1522,0.0,3.9261,2.9219,0,0,1,0,0,0,0,0,0,0,0,https://docker.com/products/enterprise/pricing
26,11,8,0,3,1,0,0,3,0,0,0,0,0,0,0,0.0,0.8077,0.1923,0.1154,4.1039,3.4594,0,0,0,0,0,1,0,0,0,0,1,http://tinyurl.com/odcVDCn
73,31,21,13,3,1,2,0,5,0,0,1,1,0,0,5,0.0685,0.7808,0.1507,0.0,4.6092,4.0023,0,0,0,0,1,0,3,0,0,0,1,http://customer-service-wellsfargo.kim/webscr/unlock/submit?session=97350
80,19,28,24,3,2,0,1,5,0,0,1,2,0,1,5,0.0625,0.775,0.1625,0.0,4.4261,3.4058,0,1,1,0,0,0,1,0,0,0,0,https://support.twitter.com/products/enterprise/pricing?session_id=39687&lang=en
48,27,14,0,4,1,2,0,4,0,0,0,0,0,0,0,0.0,0.8333,0.1667,0.0,4.0928,3.6438,0,0,0,0,1,0,2,0,0,0,1,http://metamask-portal-center.date/portal/verify
20,12,0,0,3,2,0,0,2,0,0,0,0,0,0,0,0.0,0.75,0.25,0.0,3.5464,2.8554,0,1,1,0,0,0,0,0,0,0,0,https://m.ubuntu.com
42,19,16,0,3,4,0,0,4,0,0,0,0,0,0,15,0.3571,0.4048,0.2381,0.0,4.041,2.6106,1,0,0,0,0,0,1,0,1,0,1,http://58.161.185.104:8080/usps/alert.html
53,25,6,13,3,2,0,0,3,0,0,1,1,0,0,2,0.0377,0.8113,0.1509,0.0755,4.5035,3.5737,0,1,1,0,0,1,1,0,0,0,0,https://support.sciencedirect.com/watch?v=dQw4w9WgXcQ
27,19,0,0,3,2,0,0,2,0,0,0,0,0,0,0,0.0,0.8148,0.1852,0.0,3.8101,3.2866,0,1,1,0,0,0,0,0,0,0,0,https://docs.salesforce.com
42,14,21,0,3,4,0,0,4,0,0,0,0,0,0,11,0.2619,0.5238,0.2143,0.0,3.976,2.2988,1,0,0,0,0,0,1,0,0,0,1,http://155.174.91.115/metamask/update.html
20,5,8,0,2,1,0,0,3,0,0,0,0,0,0,0,0.0,0.75,0.25,0.25,3.7842,1.9219,0,0,0,0,0,1,0,0,0,0,1,http://bc.vc/AzTHYuH
45,21,6,9,6,1,1,0,3,0,0,1,1,0,0,1,0.0222,0.8,0.1778,0.0,4.189,3.404,0,0,1,0,1,0,4,0,0,0,1,https://paypa1-payment.stream/login?auth=true
28,12,8,0,3,2,0,0,3,0,0,0,0,0,0,0,0.0,0.7857,0.2143,0.0,3.7674,3.2516,0,1,1,0,0,0,0,0,0,0,0,https://docs.mit.edu/contact
53,31,15,0,7,1,2,0,4,0,0,0,0,0,0,0,0.0,0.8491,0.1509,0.0,4.0018,3.6923,0,0,0,0,1,0,2,0,0,0,1,http://coinbase-service-center.country/service/verify
36,11,17,0,3,2,2,0,3,0,0,0,0,0,0,0,0.0,0.7778,0.2222,0.0,4.0787,2.914,0,1,1,0,0,0,1,0,0,0,0,https://m.quora.com/terms-of-service
46,18,6,13,3,2,0,0,3,0,0,1,1,0,0,2,0.0435,0.7826,0.1739,0.087,4.4415,3.3502,0,1,1,0,0,0,0,0,0,0,0,https://www.salesforce.com/watch?v=dQw4w9WgXcQ
48,11,29,0,3,3,1,0,5,0,0,0,0,0,0,1,0.0208,0.7708,0.2083,0.0,4.1811,2.8454,0,1,1,0,0,0,0,0,0,0,0,https://www.mit.edu/docs/v2/getting-started.html
75,30,24,13,3,1,2,0,5,0,0,1,1,0,0,5,0.0667,0.7867,0.1467,0.0,4.426,3.7811,0,0,0,0,1,0,3,0,0,0,1,http://customer-service-instagram.icu/webscr/suspended/submit?session=22531
80,17,30,24,3,1,2,1,4,0,0,1,2,0,1,5,0.0625,0.775,0.1625,0.0,4.5029,3.2195,0,0,1,0,0,1,0,0,0,0,0,https://sciencedirect.com/projects/open-source-software?session_id=80551&lang=en
59,19,32,0,3,2,1,0,5,0,0,0,0,0,0,0,0.0,0.8475,0.1525,0.0,4.1515,3.6163,0,1,1,0,0,0,2,0,0,0,0,https://support.nytimes.com/news/technology/science-updates
44,19,18,0,3,4,0,0,4,0,0,0,0,0,0,15,0.3409,0.4318,0.2273,0.0,4.2805,2.9852,1,0,0,0,0,0,1,0,1,0,1,http://74.221.185.239:8888/apple/verify.html
54,17,29,0,3,1,0,1,4,0,0,0,0,0,0,0,0.0,0.8704,0.1296,0.0185,4.2361,3.6901,0,0,1,0,0,0,0,0,0,0,0,https://stackoverflow.com/wiki/Artificial_intelligence
37,14,15,0,3,2,1,0,3,0,0,0,0,0,0,0,0.0,0.8108,0.1892,0.0,3.9696,2.9502,0,1,1,0,0,0,0,0,0,0,0,https://docs.yahoo.com/privacy-policy
72,31,20,13,6,1,2,0,5,0,0,1,1,0,0,5,0.0694,0.7778,0.1528,0.0,4.4892,3.7844,0,0,0,0,1,0,3,0,0,0,1,http://customer-service-binance.racing/webscr/login/submit?session=82406
37,12,17,0,3,2,2,0,3,0,0,0,0,0,0,0,0.0,0.7838,0.2162,0.0,3.9387,3.085,0,1,1,0,0,1,1,0,0,0,0,https://m.reddit.com/terms-of-service
47,13,26,0,3,1,1,0,5,0,0,0,0,0,0,0,0.0,0.8298,0.1702,0.0,4.2729,3.3347,0,0,1,0,0,0,1,0,0,0,0,https://wikipedia.org/help/faq/account-settings
86,17,10,51,3,2,1,0,3,0,0,1,2,0,1,19,0.2209,0.6512,0.1279,0.0,4.643,3.2928,0,0,0,0,1,0,2,0,0,0,1,http://update-portal.top/index.php?token=9ee407ae82471f1f8ec01cfac015027c&target=fedex
51,19,25,0,3,4,0,0,4,0,0,0,0,0,0,15,0.2941,0.5098,0.1961,0.0,4.474,2.6995,1,0,0,0,0,0,1,0,1,0,1,http://172.98.162.167:8888/wellsfargo/security.html
49,21,6,13,3,2,0,0,3,0,0,1,1,0,0,2,0.0408,0.7959,0.1633,0.0816,4.4611,3.4633,0,1,1,0,0,1,0,0,0,0,0,https://api.sciencedirect.com/watch?v=dQw4w9WgXcQ
89,16,10,54,2,2,1,0,3,0,0,1,2,0,1,18,0.2022,0.6742,0.1236,0.0,4.813,3.4528,0,0,1,0,0,0,2,0,0,0,1,https://unlock-portal.cc/index.php?token=f708a47df33a30309d6896d9aefbbfc4&target=facebook
54,10,13,22,3,1,0,0,4,0,0,1,2,0,1,6,0.1111,0.7037,0.1852,0.0,4.7481,2.7219,0,0,1,0,0,0,0,0,0,0,0,https://amazon.com/profile/user?id=104928&tab=activity
22,7,8,0,2,1,0,0,3,0,0,0,0,0,0,1,0.0455,0.7273,0.2273,0.1364,3.7156,2.5216,0,0,0,0,0,1,0,0,0,0,1,http://cutt.ly/kO2mTtQ
58,10,40,0,3,5,1,0,5,0,0,0,0,0,0,3,0.0517,0.7414,0.2069,0.0,4.4468,2.8464,0,0,1,0,0,0,0,0,0,0,0,https://ubuntu.com/downloads/releases/version-4.1.2.tar.gz
51,15,28,0,3,2,0,0,5,0,0,0,0,0,0,0,0.0,0.8431,0.1569,0.0,4.092,3.6402,0,1,1,0,0,0,0,0,0,0,0,https://blog.nature.com/products/enterprise/pricing
58,12,38,0,3,3,0,2,5,0,0,0,0,0,0,1,0.0172,0.7931,0.1897,0.0,4.2652,2.9183,0,1,1,0,0,0,0,0,0,0,0,https://m.docker.com/library/archive/research_paper_v3.pdf
20,5,8,0,2,1,0,0,3,0,0,0,0,0,0,2,0.1,0.65,0.25,0.05,3.6087,1.9219,0,0,0,0,0,1,0,0,0,0,1,http://bc.vc/64kTcjt
81,32,27,13,6,1,2,0,5,0,0,1,1,0,0,5,0.0617,0.8025,0.1358,0.0,4.3428,3.7335,0,0,1,0,1,0,3,0,0,0,1,https://customer-service-coinbase.review/webscr/verification/submit?session=33819
65,15,7,34,3,2,0,0,3,0,0,1,2,0,1,1,0.0154,0.8,0.1846,0.0,4.582,3.1899,0,1,1,0,0,0,0,0,0,0,0,https://www.youtube.com/search?q=machine+learning+tutorial&page=2
59,13,38,0,3,3,0,2,5,0,0,0,0,0,0,1,0.0169,0.7966,0.1864,0.0,4.2408,3.027,0,1,1,0,0,0,0,0,0,0,0,https://www.apple.com/library/archive/research_paper_v3.pdf
43,14,22,0,3,4,0,0,4,0,0,0,0,0,0,11,0.2558,0.5349,0.2093,0.0,4.2635,2.4677,1,0,0,0,0,0,1,0,0,0,1,http://212.87.187.224/metamask/confirm.html
37,13,6,9,2,1,1,0,3,0,0,1,1,0,0,1,0.027,0.7568,0.2162,0.0,4.3347,3.3347,0,0,1,0,1,0,3,0,0,0,1,https://amaz0n-pay.tk/login?auth=true
48,14,27,0,3,4,0,0,4,0,0,0,0,0,0,11,0.2292,0.5833,0.1875,0.0,4.5063,2.8424,1,0,0,0,0,0,1,0,0,0,1,http://54.190.103.196/bankofamerica/recover.html
74,31,22,13,7,1,2,0,5,0,0,1,1,0,0,5,0.0676,0.7838,0.1486,0.0,4.4688,3.8087,0,0,0,0,1,0,3,0,0,0,1,http://customer-service-google.country/webscr/account/submit?session=51564
56,15,8,24,3,2,0,1,3,0,0,1,2,0,1,5,0.0893,0.7143,0.1964,0.0,4.4172,3.5069,0,1,1,0,0,0,0,0,0,0,0,https://docs.nature.com/contact?session_id=24644&lang=en
47,11,29,0,3,3,1,0,5,0,0,0,0,0,0,1,0.0213,0.766,0.2128,0.0,4.1105,3.0958,0,1,0,0,0,0,0,0,0,0,0,http://m.intel.com/docs/v2/getting-started.html
49,27,15,0,3,1,2,0,4,0,0,0,0,0,0,0,0.0,0.8367,0.1633,0.0,3.9612,3.6484,0,0,0,0,1,0,2,0,0,0,1,http://facebook-recover-center.kim/recover/verify
43,15,6,13,3,2,0,0,3,0,0,1,1,0,0,2,0.0465,0.7674,0.186,0.093,4.5943,3.3232,0,1,1,0,0,0,0,0,0,0,0,https://blog.medium.com/watch?v=dQw4w9WgXcQ
61,15,38,0,3,3,0,2,5,0,0,0,0,0,0,1,0.0164,0.8033,0.1803,0.0,4.1176,3.3736,0,1,1,0,0,0,0,0,0,0,0,https://api.archive.org/library/archive/research_paper_v3.pdf
22,13,1,0,3,2,0,0,3,0,0,0,0,0,0,0,0.0,0.7273,0.2727,0.0,3.7888,3.2389,0,1,1,0,0,0,0,0,0,0,0,https://api.adobe.com/
39,14,17,0,3,2,2,0,3,0,0,0,0,0,0,0,0.0,0.7949,0.2051,0.0,4.073,3.0391,0,1,1,0,0,0,1,0,0,0,0,https://www.docker.com/terms-of-service
39,11,6,13,3,1,0,0,3,0,0,1,1,0,0,2,0.0513,0.7692,0.1795,0.1026,4.3362,3.0272,0,0,1,0,0,0,0,0,0,0,0,https://twitter.com/watch?v=dQw4w9WgXcQ
62,13,7,34,3,2,0,0,3,0,0,1,2,0,1,1,0.0161,0.7903,0.1935,0.0,4.4484,3.1808,0,1,0,0,0,0,0,0,0,0,0,http://www.intel.com/search?q=machine+learning+tutorial&page=2
55,15,32,0,3,2,1,0,5,0,0,0,0,0,0,0,0.0,0.8364,0.1636,0.0,4.2617,3.1899,0,1,1,0,0,0,1,0,0,0,0,https://blog.amazon.com/news/technology/science-updates
60,22,30,0,3,2,2,0,4,0,0,0,0,0,0,0,0.0,0.85,0.15,0.0,4.2472,3.8231,0,1,1,0,0,0,0,0,0,0,0,https://blog.stackoverflow.com/projects/open-source-software
47,30,9,0,4,3,1,0,3,0,0,0,0,0,0,2,0.0426,0.7872,0.1702,0.0,4.1495,3.9647,0,2,1,0,1,0,1,0,0,0,1,https://chase.com.password-b8ebf8.work/password
20,13,0,0,2,3,0,0,2,0,0,0,0,0,0,0,0.0,0.7,0.3,0.0,3.4464,2.6612,0,2,0,0,0,0,0,0,0,0,0,http://www.bbc.co.uk
36,11,17,0,3,1,2,0,3,0,0,0,0,0,0,0,0.0,0.8056,0.1944,0.0,4.1552,3.0958,0,0,1,0,0,0,1,0,0,0,0,https://mozilla.org/terms-of-service
54,20,1,24,3,2,0,1,3,0,0,1,2,0,1,5,0.0926,0.7037,0.2037,0.0,4.5089,3.2842,0,1,1,0,0,1,1,0,0,0,0,https://support.coursera.org/?session_id=84560&lang=en
39,11,21,0,2,4,0,0,4,0,0,0,0,0,0,8,0.2051,0.5641,0.2308,0.0,4.1378,2.4131,1,0,0,0,0,0,1,0,0,0,1,http://62.3.221.96/instagram/login.html
44,13,23,0,2,4,0,0,4,0,0,0,0,0,0,10,0.2273,0.5682,0.2045,0.0,4.3454,2.7193,1,0,1,0,0,0,1,0,0,0,1,https://82.214.160.40/binance/suspended.html
62,14,40,0,3,6,1,0,5,0,0,0,0,0,0,3,0.0484,0.7419,0.2097,0.0,4.3839,3.0391,0,1,1,0,0,0,1,0,0,0,0,https://www.paypal.com/downloads/releases/version-4.1.2.tar.gz
44,22,14,0,2,1,2,0,4,0,0,0,0,0,0,0,0.0,0.8182,0.1818,0.0,3.9868,3.4817,0,0,1,0,1,0,2,0,0,0,1,https://fedex-secure-center.ga/secure/verify
45,15,23,0,3,2,0,0,5,0,0,0,0,0,0,3,0.0667,0.7556,0.1778,0.0,4.1445,3.3736,0,1,0,0,0,1,0,0,0,0,0,http://m.pinterest.com/courses/cs101/syllabus
72,31,20,13,5,1,2,0,5,0,0,1,1,0,0,5,0.0694,0.7778,0.1528,0.0,4.524,3.9134,0,0,0,0,1,0,3,0,0,0,1,http://customer-service-coinbase.faith/webscr/login/submit?session=23749
40,17,6,9,3,1,1,0,3,0,0,1,1,0,0,2,0.05,0.75,0.2,0.0,4.4464,3.7345,0,0,0,0,1,0,3,0,0,0,1,http://app13-banking.xyz/login?auth=true
38,11,20,0,2,4,0,0,4,0,0,0,0,0,0,8,0.2105,0.5526,0.2368,0.0,4.3135,2.4131,1,0,0,0,0,0,1,0,0,0,1,http://43.67.67.86/dropbox/verify.html
72,29,22,13,5,1,2,0,5,0,0,1,1,0,0,5,0.0694,0.7778,0.1528,0.0,4.577,3.9354,0,0,0,0,1,0,4,0,0,0,1,http://customer-service-google.faith/webscr/payment/submit?session=52650
48,24,6,9,4,1,2,0,3,0,0,1,1,0,0,0,0.0,0.8125,0.1875,0.0,4.3116,3.8554,0,0,1,0,1,0,4,0,0,0,1,https://usps-secure-confirm.date/login?auth=true
48,12,28,0,3,2,0,0,5,0,0,0,0,0,0,0,0.0,0.8333,0.1667,0.0,4.0438,3.4183,0,1,1,0,0,0,0,0,0,0,0,https://blog.mit.edu/products/enterprise/pricing
33,11,15,0,3,1,1,0,3,0,0,0,0,0,0,0,0.0,0.8182,0.1818,0.0,3.9374,3.2776,0,0,0,0,0,0,0,0,0,0,0,http://spotify.com/privacy-policy
42,27,8,0,4,3,1,0,3,0,0,0,0,0,0,4,0.0952,0.7143,0.1905,0.0,4.1009,3.9582,0,2,0,0,1,0,1,0,0,0,1,http://dhl.com.account-761e7f.date/account
20,5,8,0,2,1,0,0,3,0,0,0,0,0,0,0,0.0,0.75,0.25,0.05,3.7842,1.9219,0,0,0,0,0,1,0,0,0,0,1,http://bc.vc/ukOpysi
62,12,7,34,3,2,0,0,3,0,0,1,2,0,1,1,0.0161,0.7903,0.1935,0.0,4.5003,3.2516,0,1,1,0,0,0,0,0,0,0,0,https://docs.nih.gov/search?q=machine+learning+tutorial&page=2
60,12,15,24,3,2,1,1,3,0,0,1,2,0,1,5,0.0833,0.7167,0.2,0.0,4.5679,2.6887,0,1,1,0,0,0,0,0,0,0,0,https://docs.cnn.com/privacy-policy?session_id=55008&lang=en
31,15,8,0,3,2,0,0,3,0,0,0,0,0,0,0,0.0,0.8065,0.1935,0.0,3.8489,3.1396,0,1,1,0,0,0,0,0,0,0,0,https://www.dropbox.com/contact
68,18,7,34,3,2,0,0,3,0,0,1,2,0,1,1,0.0147,0.8088,0.1765,0.0,4.4976,3.3921,0,1,1,0,0,1,0,0,0,0,0,https://blog.microsoft.com/search?q=machine+learning+tutorial&page=2
48,26,15,0,4,1,2,0,4,0,0,0,0,0,0,0,0.0,0.8333,0.1667,0.0,4.1803,3.8253,0,0,0,0,1,0,2,0,0,0,1,http://amazon-service-center.buzz/service/verify
58,30,20,0,3,1,2,0,4,0,0,0,0,0,0,0,0.0,0.8621,0.1379,0.0,4.1167,3.9232,0,0,1,0,1,0,3,0,0,0,1,https://paypal-verification-center.kim/verification/verify
42,14,20,0,3,4,0,0,4,0,0,0,0,0,0,11,0.2619,0.5238,0.2143,0.0,4.3088,2.6456,1,0,1,0,0,0,1,0,0,0,1,https://115.194.75.222/binance/update.html
60,13,39,0,3,2,2,0,6,0,0,0,0,0,0,6,0.1,0.7167,0.1833,0.0,4.5379,2.8151,0,1,1,0,0,0,0,0,0,0,0,https://www.yahoo.com/blog/2024/05/machine-learning-advances
22,7,8,0,2,1,0,0,3,0,0,0,0,0,0,2,0.0909,0.6818,0.2273,0.0909,4.0615,2.5216,0,0,0,0,0,1,0,0,0,0,1,http://buff.ly/BR7evr0
88,19,10,50,3,2,1,0,3,0,0,1,2,0,1,22,0.25,0.625,0.125,0.0,4.8964,3.6819,0,0,1,0,1,0,2,0,0,0,1,https://security-portal.top/index.php?token=064c51101d53b1b30b09f6d32ba8002f&target=usps
60,31,22,0,5,1,2,0,4,0,0,0,0,0,0,0,0.0,0.8667,0.1333,0.0,4.0258,3.7844,0,0,0,0,1,0,3,0,0,0,1,http://dhl-authentication-center.space/authentication/verify
58,18,32,0,3,2,1,0,5,0,0,0,0,0,0,0,0.0,0.8448,0.1552,0.0,4.3039,3.5724,0,1,1,0,0,0,1,0,0,0,0,https://blog.wikipedia.org/news/technology/science-updates
46,25,14,0,3,1,2,0,4,0,0,0,0,0,0,0,0.0,0.8261,0.1739,0.0,4.0338,3.6235,0,0,0,0,1,0,2,0,0,0,1,http://binance-update-center.top/update/verify
82,14,10,50,3,2,1,0,3,0,0,1,2,0,1,21,0.2561,0.6098,0.1341,0.0,4.938,3.3788,0,0,0,0,0,0,2,0,0,0,1,http://pay-portal.com/index.php?token=339ba8ffd65f73add3725e146a028377&target=usps
39,16,15,0,3,2,1,0,3,0,0,0,0,0,0,0,0.0,0.8205,0.1795,0.0,4.2849,3.3278,0,1,1,0,0,0,0,0,0,0,0,https://www.linkedin.com/privacy-policy
34,18,8,0,3,2,0,0,3,0,0,0,0,0,0,0,0.0,0.8235,0.1765,0.0,3.9987,3.5724,0,1,1,0,0,0,0,0,0,0,0,https://docs.wikipedia.org/contact
88,16,10,53,3,2,1,0,3,0,0,1,2,0,1,23,0.2614,0.6136,0.125,0.0,4.7946,3.5778,0,0,1,0,0,0,2,0,0,0,1,https://login-portal.com/index.php?token=e7c8579d95b9b6c356343970e3b7c656&target=binance
40,12,6,13,2,2,0,0,3,0,0,1,1,0,0,2,0.05,0.75,0.2,0.1,4.5464,3.0221,0,1,1,0,0,0,0,0,0,0,0,https://blog.zoom.us/watch?v=dQw4w9WgXcQ
60,16,13,22,3,2,0,0,4,0,0,1,2,0,1,6,0.1,0.7167,0.1833,0.0,4.6903,3.1556,0,1,1,0,0,0,0,0,0,0,0,https://www.coursera.org/profile/user?id=104928&tab=activity
55,31,16,0,4,1,2,0,4,0,0,0,0,0,0,0,0.0,0.8545,0.1455,0.0,4.2795,4.0266,0,0,1,0,1,0,2,0,0,0,1,https://wellsfargo-validate-center.club/validate/verify
37,9,6,13,3,1,0,0,3,0,0,1,1,0,0,2,0.0541,0.7568,0.1892,0.1081,4.3303,2.6416,0,0,1,0,0,0,0,0,0,0,0,https://yahoo.com/watch?v=dQw4w9WgXcQ
87,16,10,53,2,2,1,0,3,0,0,1,2,0,1,26,0.2989,0.5747,0.1264,0.0,4.8508,3.3278,0,0,0,0,0,0,2,0,0,0,1,http://wallet-portal.cc/index.php?token=b719598489b6688873020713611aa0db&target=dropbox
60,10,7,34,3,1,0,0,3,0,0,1,2,0,1,1,0.0167,0.8,0.1833,0.0,4.4903,2.9219,0,0,1,0,0,0,0,0,0,0,0,https://docker.com/search?q=machine+learning+tutorial&page=2
40,17,6,9,3,1,1,0,3,0,0,1,1,0,0,1,0.025,0.775,0.2,0.0,4.1685,3.5725,0,0,0,0,0,0,3,0,0,0,1,http://chas3-account.org/login?auth=true
40,16,6,9,2,1,1,0,3,0,0,1,1,0,0,2,0.05,0.75,0.2,0.0,4.3062,3.625,0,0,1,0,1,0,3,0,0,0,1,https://app13-account.ml/login?auth=true
48,25,15,0,4,1,2,0,4,0,0,0,0,0,0,0,0.0,0.8333,0.1667,0.0,3.8108,3.4333,0,0,1,0,1,0,2,0,0,0,1,https://apple-service-center.rest/service/verify
22,7,8,0,2,1,0,0,3,0,0,0,0,0,0,0,0.0,0.7727,0.2273,0.0909,3.9706,2.5216,0,0,0,0,0,1,0,0,0,0,1,http://buff.ly/mlajXnD
48,25,15,0,4,1,2,0,4,0,0,0,0,0,0,0,0.0,0.8333,0.1667,0.0,4.0821,3.5591,0,0,1,0,1,0,2,0,0,0,1,https://fedex-account-center.rest/account/verify
33,8,17,0,3,1,2,0,3,0,0,0,0,0,0,0,0.0,0.7879,0.2121,0.0,3.8162,2.4056,0,0,1,0,0,0,1,0,0,0,0,https://ieee.org/terms-of-service
44,16,21,0,2,4,0,0,4,0,0,0,0,0,0,12,0.2727,0.5,0.2273,0.0,4.3797,2.4131,1,0,0,0,0,0,1,0,1,0,1,http://187.28.5.78:3000/facebook/update.html
80,15,32,24,2,2,1,1,5,0,0,1,2,0,1,5,0.0625,0.7625,0.175,0.0,4.5634,3.0566,0,1,1,0,0,0,2,0,0,0,0,https://support.zoom.us/news/technology/science-updates?session_id=58695&lang=en
91,18,40,24,3,6,1,1,5,0,0,1,2,0,1,8,0.0879,0.7143,0.1978,0.0,4.6172,3.4613,0,1,1,0,0,0,1,0,0,0,0,https://support.oracle.com/downloads/releases/version-4.1.2.tar.gz?session_id=18548&lang=en
46,12,14,11,3,2,0,0,5,0,0,1,1,0,0,1,0.0217,0.7609,0.2174,0.0,4.2283,3.2516,0,1,1,0,0,0,0,0,0,0,0,https://docs.nih.gov/api/v1/status?format=json
39,16,6,9,2,1,1,0,3,0,0,1,1,0,0,1,0.0256,0.7692,0.2051,0.0,4.2849,3.4528,0,0,0,0,1,0,3,0,0,0,1,http://chas3-banking.ga/login?auth=true
72,22,7,34,3,2,0,0,3,0,0,1,2,0,1,1,0.0139,0.8194,0.1667,0.0,4.5399,3.4474,0,1,1,0,0,0,1,0,0,0,0,https://support.duckduckgo.com/search?q=machine+learning+tutorial&page=2
66,19,39,0,3,2,2,0,6,0,0,0,0,0,0,6,0.0909,0.7424,0.1667,0.0,4.458,3.2866,0,1,1,0,0,0,0,0,0,0,0,https://docs.salesforce.com/blog/2024/05/machine-learning-advances
22,7,8,0,2,1,0,0,3,0,0,0,0,0,0,1,0.0455,0.7273,0.2273,0.0909,3.9706,2.5216,0,0,0,0,0,1,0,0,0,0,1,http://buff.ly/Lizm6mP
58,35,15,0,2,3,1,0,3,0,0,0,0,0,0,5,0.0862,0.7759,0.1379,0.0,4.3056,4.2861,0,2,1,0,1,0,3,0,0,0,1,https://paypal.com.authentication-01179b.gq/authentication
24,9,8,0,2,1,0,0,3,0,0,0,0,0,0,1,0.0417,0.75,0.2083,0.125,3.7721,2.7255,0,0,0,0,0,1,0,0,0,0,1,http://shorte.st/lIh6BXw
69,25,22,13,2,1,2,0,5,0,0,1,1,0,0,5,0.0725,0.7681,0.1594,0.0,4.363,3.7835,0,0,1,0,1,0,2,0,0,0,1,https://customer-service-chase.gq/webscr/service/submit?session=61488
71,21,7,34,3,2,0,0,3,0,0,1,2,0,1,1,0.0141,0.8169,0.169,0.0,4.4454,3.368,0,1,1,0,0,1,0,0,0,0,0,https://www.sciencedirect.com/search?q=machine+learning+tutorial&page=2
61,13,40,0,2,7,1,0,5,0,0,0,0,0,0,3,0.0492,0.7213,0.2295,0.0,4.4491,3.027,0,2,1,0,0,0,0,0,0,0,0,https://api.bbc.co.uk/downloads/releases/version-4.1.2.tar.gz
64,18,38,0,3,3,0,2,5,0,0,0,0,0,0,1,0.0156,0.8125,0.1719,0.0,4.2303,3.5033,0,1,1,0,0,1,1,0,0,0,0,https://support.reddit.com/library/archive/research_paper_v3.pdf
20,12,0,0,3,2,0,0,2,0,0,0,0,0,0,0,0.0,0.75,0.25,0.0,3.7219,2.9183,0,1,1,0,0,0,0,0,0,0,0,https://m.oracle.com
54,16,30,0,3,2,2,0,4,0,0,0,0,0,0,0,0.0,0.8333,0.1667,0.0,4.0954,3.125,0,1,1,0,0,0,0,0,0,0,0,https://docs.dropbox.com/projects/open-source-software
70,20,7,34,3,2,0,0,3,0,0,1,2,0,1,1,0.0143,0.8143,0.1714,0.0,4.3626,3.2842,0,1,1,0,0,1,1,0,0,0,0,https://support.coursera.org/search?q=machine+learning+tutorial&page=2
74,15,26,24,3,2,1,1,5,0,0,1,2,0,1,5,0.0676,0.7432,0.1892,0.0,4.583,3.0566,0,1,1,0,0,0,1,0,0,0,0,https://docs.amazon.com/help/faq/account-settings?session_id=95972&lang=en
83,20,30,24,3,2,2,1,4,0,0,1,2,0,1,5,0.0602,0.7711,0.1687,0.0,4.6739,3.9219,0,1,1,0,0,0,0,0,0,0,0,https://blog.theguardian.com/projects/open-source-software?session_id=96529&lang=en
23,14,1,0,3,2,0,0,3,0,0,0,0,0,0,0,0.0,0.7391,0.2609,0.0,3.8492,3.5216,0,1,1,0,0,0,0,0,0,0,0,https://api.nature.com/
37,23,6,0,3,2,0,0,3,0,0,0,0,0,0,0,0.0,0.8378,0.1622,0.0,4.0369,3.9149,0,1,1,0,0,0,1,0,0,0,0,https://support.theguardian.com/about
52,12,32,0,3,2,1,0,5,0,0,0,0,0,0,0,0.0,0.8269,0.1731,0.0,4.2104,3.085,0,1,1,0,0,0,1,0,0,0,0,https://blog.nih.gov/news/technology/science-updates
47,32,8,0,7,3,1,0,3,0,0,0,0,0,0,3,0.0638,0.766,0.1702,0.0,4.1444,4.0778,0,2,0,0,1,0,1,0,0,0,1,http://apple.com.support-5e6d7d.country/support
44,29,8,0,4,3,1,0,3,0,0,0,0,0,0,5,0.1136,0.7045,0.1818,0.0,4.2735,4.0868,0,2,0,0,1,0,1,0,0,0,1,http://fedex.com.service-b57863.rest/service
51,7,13,22,2,1,0,0,4,0,0,1,2,0,1,6,0.1176,0.6863,0.1961,0.0,4.7093,2.5216,0,0,1,0,0,0,0,0,0,0,0,https://zoom.us/profile/user?id=104928&tab=activity
55,18,29,0,3,3,1,0,5,0,0,0,0,0,0,1,0.0182,0.8,0.1818,0.0,4.233,3.7255,0,1,1,0,0,0,1,0,0,0,0,https://support.gitlab.com/docs/v2/getting-started.html
21,6,8,0,2,1,0,0,3,0,0,0,0,0,0,1,0.0476,0.7143,0.2381,0.1429,3.7849,1.9183,0,0,0,0,0,1,0,0,0,0,1,http://goo.gl/J7mpSRx
26,11,8,0,3,1,0,0,3,0,0,0,0,0,0,1,0.0385,0.7692,0.1923,0.1538,4.2578,3.4594,0,0,0,0,0,1,0,0,0,0,1,http://tinyurl.com/aG7PcCY
21,6,8,0,2,1,0,0,3,0,0,0,0,0,0,3,0.1429,0.619,0.2381,0.1905,3.8442,2.585,0,0,0,0,0,1,0,0,0,0,1,http://bit.ly/XV422ES
58,15,13,22,3,2,0,0,4,0,0,1,2,0,1,6,0.1034,0.7069,0.1897,0.0,4.6962,3.1899,0,1,0,0,0,0,0,0,0,0,0,http://blog.oracle.com/profile/user?id=104928&tab=activity
43,20,6,9,5,1,1,0,3,0,0,1,1,0,0,1,0.0233,0.7907,0.186,0.0,4.3305,3.5842,0,0,0,0,1,0,4,0,0,0,1,http://paypa1-banking.space/login?auth=true
51,14,30,0,3,2,2,0,4,0,0,0,0,0,0,0,0.0,0.8235,0.1765,0.0,4.1383,3.3788,0,1,0,0,0,0,0,0,0,0,0,http://docs.intel.com/projects/open-source-software
46,23,6,9,3,1,1,0,3,0,0,1,1,0,0,2,0.0435,0.7826,0.1739,0.0,4.4393,3.969,0,0,0,0,0,0,3,0,0,0,1,http://micr0s0ft-ebayisapi.org/login?auth=true
75,10,32,24,3,1,1,1,5,0,0,1,2,0,1,5,0.0667,0.76,0.1733,0.0,4.5822,2.9219,0,0,1,0,0,0,1,0,0,0,0,https://docker.com/news/technology/science-updates?session_id=86701&lang=en
57,11,38,0,3,3,0,2,5,0,0,0,0,0,0,1,0.0175,0.7895,0.193,0.0,4.2802,3.0958,0,1,1,0,0,0,0,0,0,0,0,https://m.intel.com/library/archive/research_paper_v3.pdf
42,20,15,0,3,2,1,0,3,0,0,0,0,0,0,0,0.0,0.8333,0.1667,0.0,4.2345,3.8219,0,1,0,0,0,0,1,0,0,0,0,http://support.linkedin.com/privacy-policy
24,11,6,0,3,2,0,0,3,0,0,0,0,0,0,0,0.0,0.75,0.25,0.0,3.5221,2.6635,0,1,0,0,0,0,0,0,0,0,0,http://m.yahoo.com/about
40,17,6,9,6,1,1,0,3,0,0,1,1,0,0,1,0.025,0.775,0.2,0.0,4.1898,3.6169,0,0,0,0,1,0,3,0,0,0,1,http://dh1-update.stream/login?auth=true
42,14,6,13,3,2,0,0,3,0,0,1,1,0,0,2,0.0476,0.7619,0.1905,0.0952,4.6061,3.2359,0,1,1,0,0,0,0,0,0,0,0,https://m.linkedin.com/watch?v=dQw4w9WgXcQ
26,11,8,0,3,1,0,0,3,0,0,0,0,0,0,4,0.1538,0.6538,0.1923,0.0,4.1808,3.4594,0,0,0,0,0,1,0,0,0,0,1,http://tinyurl.com/m75fy08
20,5,8,0,2,1,0,0,3,0,0,0,0,0,0,0,0.0,0.75,0.25,0.15,3.9842,2.3219,0,0,0,0,0,1,0,0,0,0,1,http://is.gd/vZjRcMa
48,33,8,0,5,3,1,0,3,0,0,0,0,0,0,4,0.0833,0.75,0.1667,0.0,4.2376,3.9832,0,2,0,0,1,0,1,0,0,0,1,http://metamask.com.banking-87a9a8.trade/banking
21,6,8,0,2,1,0,0,3,0,0,0,0,0,0,2,0.0952,0.6667,0.2381,0.0476,3.9754,2.585,0,0,0,0,0,1,0,0,0,0,1,http://adf.ly/0j8xzYz
45,30,8,0,3,3,1,0,3,0,0,0,0,0,0,6,0.1333,0.6889,0.1778,0.0,4.1278,3.9899,0,2,0,0,1,0,1,0,0,0,1,http://dropbox.com.support-953325.cam/support
60,16,13,22,3,2,0,0,4,0,0,1,2,0,1,6,0.1,0.7167,0.1833,0.0,4.6253,3.625,0,1,1,0,0,0,0,0,0,0,0,https://api.stanford.edu/profile/user?id=104928&tab=activity
22,7,8,0,2,1,0,0,3,0,0,0,0,0,0,2,0.0909,0.6818,0.2273,0.0909,3.6069,2.5216,0,0,0,0,0,1,0,0,0,0,1,http://tiny.cc/4tTnHh7
55,17,30,0,3,1,2,0,4,0,0,0,0,0,0,0,0.0,0.8545,0.1455,0.0,4.1225,3.6901,0,0,1,0,0,0,0,0,0,0,0,https://stackoverflow.com/projects/open-source-software
46,23,15,0,3,2,1,0,3,0,0,0,0,0,0,0,0.0,0.8478,0.1522,0.0,4.2597,3.9149,0,1,1,0,0,0,1,0,0,0,0,https://support.theguardian.com/privacy-policy
21,7,6,0,3,1,0,0,3,0,0,0,0,0,0,0,0.0,0.7619,0.2381,0.0,3.6538,2.2359,0,0,1,0,0,0,0,0,0,0,0,https://cnn.com/about
59,12,39,0,3,2,2,0,6,0,0,0,0,0,0,6,0.1017,0.7119,0.1864,0.0,4.4244,2.9183,0,1,1,0,0,0,0,0,0,0,0,https://blog.cnn.com/blog/2024/05/machine-learning-advances
61,11,7,34,3,1,0,0,3,0,0,1,2,0,1,1,0.0164,0.8033,0.1803,0.0,4.4367,2.914,0,0,1,0,0,0,0,0,0,0,0,https://harvard.edu/search?q=machine+learning+tutorial&page=2
20,5,8,0,2,1,0,0,3,0,0,0,0,0,0,0,0.0,0.75,0.25,0.2,3.6842,2.3219,0,0,0,0,0,1,0,0,0,0,1,http://rb.gy/IkXXkCr
72,29,22,13,4,1,2,0,5,0,0,1,1,0,0,5,0.0694,0.7778,0.1528,0.0,4.4178,3.8235,0,0,0,0,1,0,3,0,0,0,1,http://customer-service-binance.club/webscr/confirm/submit?session=64884
73,12,28,24,3,2,0,1,5,0,0,1,2,0,1,5,0.0685,0.7534,0.1781,0.0,4.4847,3.2516,0,1,1,0,0,0,0,0,0,0,0,https://m.nature.com/products/enterprise/pricing?session_id=52876&lang=en
26,11,8,0,3,1,0,0,3,0,0,0,0,0,0,1,0.0385,0.7692,0.1923,0.1154,4.3347,3.4594,0,0,0,0,0,1,0,0,0,0,1,http://tinyurl.com/3WzKdTj
49,27,15,0,4,1,2,0,4,0,0,0,0,0,0,0,0.0,0.8367,0.1633,0.0,4.1276,3.866,0,0,0,0,1,0,2,0,0,0,1,http://netflix-support-center.date/support/verify
40,17,6,9,2,1,1,0,3,0,0,1,1,0,0,2,0.05,0.75,0.2,0.0,4.4062,3.7345,0,0,0,0,1,0,3,0,0,0,1,http://dr0pb0x-secure.tk/login?auth=true
19,4,8,0,2,1,0,0,3,0,0,0,0,0,0,1,0.0526,0.6842,0.2632,0.0526,3.6421,2.0,0,0,0,0,0,1,0,0,0,0,1,http://t.co/3ffwBxd
44,15,22,0,3,4,0,0,4,0,0,0,0,0,0,12,0.2727,0.5227,0.2045,0.0,4.3431,2.5493,1,0,0,0,0,0,1,0,0,0,1,http://184.134.116.213/coinbase/recover.html
89,18,10,53,3,2,1,0,3,0,0,1,2,0,1,18,0.2022,0.6742,0.1236,0.0,4.7177,3.6144,0,0,0,0,1,0,2,0,0,0,1,http://service-portal.top/index.php?token=25bf891aed93e533f35a49a39ccb3ab8&target=dropbox
70,27,22,13,3,1,2,0,5,0,0,1,1,0,0,5,0.0714,0.7714,0.1571,0.0,4.3574,3.764,0,0,0,0,1,0,3,0,0,0,1,http://customer-service-amazon.men/webscr/invoice/submit?session=67767
54,11,13,22,3,1,0,0,4,0,0,1,2,0,1,6,0.1111,0.7037,0.1852,0.0,4.586,3.0272,0,0,0,0,0,0,0,0,0,0,0,http://twitter.com/profile/user?id=104928&tab=activity
20,5,8,0,2,1,0,0,3,0,0,0,0,0,0,2,0.1,0.65,0.25,0.15,3.7842,1.9219,0,0,0,0,0,1,0,0,0,0,1,http://bc.vc/p9yJYW7
70,9,29,23,3,2,0,2,4,0,0,1,2,0,1,4,0.0571,0.7571,0.1857,0.0143,4.53,2.7255,0,1,1,0,0,0,0,0,0,0,0,https://m.mit.edu/wiki/Artificial_intelligence?session_id=9130&lang=en
83,13,38,23,3,3,0,3,5,0,0,1,2,0,1,5,0.0602,0.747,0.1928,0.0,4.6188,3.3927,0,1,1,0,0,0,0,0,0,0,0,https://m.archive.org/library/archive/research_paper_v3.pdf?session_id=4219&lang=en
46,23,6,9,3,1,1,0,3,0,0,1,1,0,0,1,0.0217,0.8043,0.1739,0.0,4.336,3.8492,0,0,0,0,1,0,4,0,0,0,1,http://paypa1-verification.men/login?auth=true
74,29,24,13,5,1,2,0,5,0,0,1,1,0,0,5,0.0676,0.7838,0.1486,0.0,4.5188,3.8404,0,0,0,0,1,0,3,0,0,0,1,http://customer-service-amazon.trade/webscr/ebayisapi/submit?session=70142
44,16,6,13,3,2,0,0,3,0,0,1,1,0,0,2,0.0455,0.7727,0.1818,0.0909,4.3625,3.3278,0,1,1,0,0,0,0,0,0,0,0,https://docs.twitter.com/watch?v=dQw4w9WgXcQ
26,12,6,0,3,2,0,0,3,0,0,0,0,0,0,0,0.0,0.7692,0.2308,0.0,3.7381,2.6887,0,1,1,0,0,0,0,0,0,0,0,https://docs.cnn.com/about
71,29,20,13,5,1,2,0,5,0,0,1,1,0,0,5,0.0704,0.7746,0.1549,0.0,4.5226,3.9354,0,0,1,0,1,0,3,0,0,0,1,https://customer-service-google.faith/webscr/alert/submit?session=37218
53,29,16,0,5,1,2,0,4,0,0,0,0,0,0,0,0.0,0.8491,0.1509,0.0,4.2209,3.9354,0,0,1,0,1,0,2,0,0,0,1,https://netflix-password-center.space/password/verify
30,14,8,0,3,2,0,0,3,0,0,0,0,0,0,0,0.0,0.8,0.2,0.0,3.8029,3.5216,0,1,1,0,0,0,0,0,0,0,0,https://api.github.com/contact
57,19,30,0,3,2,2,0,4,0,0,0,0,0,0,0,0.0,0.8421,0.1579,0.0,4.1381,3.8269,0,1,1,0,0,0,1,0,0,0,0,https://support.netflix.com/projects/open-source-software
21,6,8,0,2,1,0,0,3,0,0,0,0,0,0,1,0.0476,0.7143,0.2381,0.0952,3.8442,2.585,0,0,0,0,0,1,0,0,0,0,1,http://bit.do/XyI8roc
40,14,19,0,2,4,0,0,4,0,0,0,0,0,0,11,0.275,0.5,0.225,0.0,4.1251,3.0391,1,0,0,0,0,0,1,0,0,0,1,http://134.168.229.97/metamask/auth.html
89,19,10,52,3,2,1,0,3,0,0,1,2,0,1,22,0.2472,0.6292,0.1236,0.0,4.7405,3.4316,0,0,0,0,1,0,3,0,0,0,1,http://validate-portal.top/index.php?token=d513888dc54d89b4df86d0e7500056a1&target=paypal
43,14,22,0,3,4,0,0,4,0,0,0,0,0,0,11,0.2558,0.5349,0.2093,0.0,4.255,2.4956,1,0,0,0,0,0,1,0,0,0,1,http://89.172.112.161/amazon/ebayisapi.html
42,15,6,13,3,2,0,0,3,0,0,1,1,0,0,2,0.0476,0.7619,0.1905,0.0952,4.4813,3.4566,0,1,0,0,0,0,0,0,0,0,0,http://m.wikipedia.org/watch?v=dQw4w9WgXcQ
21,6,8,0,2,1,0,0,3,0,0,0,0,0,0,0,0.0,0.7619,0.2381,0.1429,3.8442,2.585,0,0,0,0,0,1,0,0,0,0,1,http://bit.ly/dsAaiYT
22,7,8,0,2,1,0,0,3,0,0,0,0,0,0,0,0.0,0.7727,0.2273,0.2727,3.9706,2.5216,0,0,0,0,0,1,0,0,0,0,1,http://buff.ly/LyJOVUE
95,25,10,52,3,2,1,0,3,0,0,1,2,0,1,24,0.2526,0.6316,0.1158,0.0,4.7406,3.5591,0,0,0,0,1,0,4,0,0,0,1,http://authentication-portal.top/index.php?token=b08067ec9f5a5486e479f6865d571650&target=paypal
32,16,8,0,3,2,0,0,3,0,0,0,0,0,0,0,0.0,0.8125,0.1875,0.0,4.0039,3.625,0,1,1,0,0,0,0,0,0,0,0,https://blog.netflix.com/contact
77,34,22,13,6,1,2,0,5,0,0,1,1,0,0,5,0.0649,0.7922,0.1429,0.0,4.4906,3.8444,0,0,0,0,1,0,3,0,0,0,1,http://customer-service-wellsfargo.review/webscr/invoice/submit?session=18940
40,14,18,0,3,4,0,0,4,0,0,0,0,0,0,11,0.275,0.5,0.225,0.0,4.1842,2.6995,1,0,1,0,0,0,1,0,0,0,1,https://208.99.206.160/usps/service.html
65,15,7,34,3,2,0,0,3,0,0,1,2,0,1,1,0.0154,0.8,0.1846,0.0,4.5185,3.5069,0,1,1,0,0,0,0,0,0,0,0,https://docs.github.com/search?q=machine+learning+tutorial&page=2
56,19,29,0,3,3,1,0,5,0,0,0,0,0,0,1,0.0179,0.8036,0.1786,0.0,4.22,3.7871,0,1,1,0,0,0,0,0,0,0,0,https://api.theguardian.com/docs/v2/getting-started.html
31,23,0,0,3,2,0,0,2,0,0,0,0,0,0,0,0.0,0.8387,0.1613,0.0,4.0266,3.9149,0,1,1,0,0,0,1,0,0,0,0,https://support.theguardian.com
25,17,0,0,3,2,0,0,2,0,0,0,0,0,0,0,0.0,0.8,0.2,0.0,3.8333,3.4548,0,1,1,0,0,0,0,0,0,0,0,https://docs.stanford.edu
44,13,23,0,3,2,0,0,5,0,0,0,0,0,0,3,0.0682,0.75,0.1818,0.0,4.1552,3.0851,0,1,1,0,0,0,0,0,0,0,0,https://m.harvard.edu/courses/cs101/syllabus
72,10,29,24,3,1,0,2,4,0,0,1,2,0,1,5,0.0694,0.7639,0.1667,0.0139,4.5321,3.3219,0,0,1,0,0,0,0,0,0,0,0,https://gitlab.com/wiki/Artificial_intelligence?session_id=67353&lang=en
60,14,38,0,3,3,0,2,5,0,0,0,0,0,0,1,0.0167,0.8,0.1833,0.0,4.271,3.182,0,1,1,0,0,1,0,0,0,0,0,https://www.reddit.com/library/archive/research_paper_v3.pdf
41,13,21,0,3,4,0,0,4,0,0,0,0,0,0,10,0.2439,0.5366,0.2195,0.0,4.266,3.027,1,0,0,0,0,0,1,0,0,0,1,http://78.63.150.195/netflix/billing.html
60,14,38,0,3,3,0,2,5,0,0,0,0,0,0,1,0.0167,0.8,0.1833,0.0,4.1495,2.9852,0,1,1,0,0,0,1,0,0,0,0,https://api.paypal.com/library/archive/research_paper_v3.pdf
62,12,7,34,3,2,0,0,3,0,0,1,2,0,1,1,0.0161,0.7903,0.1935,0.0,4.3993,2.9183,0,1,1,0,0,0,0,0,0,0,0,https://m.oracle.com/search?q=machine+learning+tutorial&page=2
41,18,6,9,4,1,1,0,3,0,0,1,1,0,0,1,0.0244,0.7805,0.1951,0.0,4.0923,3.3502,0,0,0,0,1,0,4,0,0,0,1,http://paypa1-portal.date/login?auth=true
41,10,23,0,3,1,0,0,5,0,0,0,0,0,0,3,0.0732,0.7561,0.1707,0.0,4.0923,2.9219,0,0,1,0,0,0,0,0,0,0,0,https://docker.com/courses/cs101/syllabus
85,14,38,24,3,3,0,3,5,0,0,1,2,0,1,6,0.0706,0.7412,0.1882,0.0,4.6414,2.9502,0,1,1,0,0,0,0,0,0,0,0,https://docs.yahoo.com/library/archive/research_paper_v3.pdf?session_id=30188&lang=en
58,18,32,0,3,2,1,0,5,0,0,0,0,0,0,0,0.0,0.8448,0.1552,0.0,4.3039,3.5724,0,1,1,0,0,0,1,0,0,0,0,https://blog.wikipedia.org/news/technology/science-updates
43,18,18,0,3,4,0,0,4,0,0,0,0,0,0,14,0.3256,0.4419,0.2326,0.0,4.2573,2.6612,1,0,0,0,0,0,1,0,1,0,1,http://94.18.100.134:8080/fedex/signin.html
42,17,18,0,3,4,0,0,4,0,0,0,0,0,0,13,0.3095,0.4524,0.2381,0.0,4.2908,2.6258,1,0,0,0,0,0,1,0,1,0,1,http://47.23.30.235:8000/chase/unlock.html
58,18,32,0,3,2,1,0,5,0,0,0,0,0,0,0,0.0,0.8448,0.1552,0.0,4.1777,3.3921,0,1,1,0,0,0,3,0,0,0,0,https://support.paypal.com/news/technology/science-updates
93,24,10,51,2,2,1,0,3,0,0,1,2,0,1,22,0.2366,0.6452,0.1183,0.0,4.8298,3.6054,0,0,0,0,0,0,3,0,0,0,1,http://authentication-portal.cc/index.php?token=01428d49359bf9220014aa76dbff4a30&target=fedex
48,14,26,0,3,2,1,0,5,0,0,0,0,0,0,0,0.0,0.8125,0.1875,0.0,4.1893,3.182,0,1,1,0,0,0,1,0,0,0,0,https://m.coursera.org/help/faq/account-settings
41,28,6,0,3,3,1,0,3,0,0,0,0,0,0,5,0.122,0.6829,0.1951,0.0,4.2107,4.0122,0,2,0,0,1,0,1,0,0,0,1,http://binance.com.login-8193e3.top/login
70,31,18,13,7,1,2,0,5,0,0,1,1,0,0,5,0.0714,0.7714,0.1571,0.0,4.5364,3.8087,0,0,0,0,1,0,3,0,0,0,1,http://customer-service-google.country/webscr/pay/submit?session=98369
64,16,15,24,3,2,1,1,3,0,0,1,2,0,1,5,0.0781,0.7344,0.1875,0.0,4.7345,3.625,0,1,1,0,0,0,0,0,0,0,0,https://docs.netflix.com/privacy-policy?session_id=51409&lang=en
47,16,23,0,3,2,0,0,5,0,0,0,0,0,0,3,0.0638,0.766,0.1702,0.0,4.1157,3.3278,0,1,1,0,0,0,0,0,0,0,0,https://docs.twitter.com/courses/cs101/syllabus
36,11,17,0,3,2,2,0,3,0,0,0,0,0,0,0,0.0,0.7778,0.2222,0.0,4.0515,2.8454,0,1,1,0,0,0,1,0,0,0,0,https://www.mit.edu/terms-of-service
54,15,6,24,3,2,0,1,3,0,0,1,2,0,1,5,0.0926,0.7037,0.2037,0.0,4.6109,3.3736,0,1,1,0,0,0,0,0,0,0,0,https://api.archive.org/about?session_id=40745&lang=en
48,14,26,0,3,2,1,0,5,0,0,0,0,0,0,0,0.0,0.8125,0.1875,0.0,4.2131,3.0931,0,1,1,0,0,0,1,0,0,0,0,https://blog.yahoo.com/help/faq/account-settings
20,5,8,0,2,1,0,0,3,0,0,0,0,0,0,1,0.05,0.7,0.25,0.15,3.7464,1.9219,0,0,0,0,0,1,0,0,0,0,1,http://bc.vc/MJCoc0i
62,16,38,0,3,3,0,2,5,0,0,0,0,0,0,1,0.0161,0.8065,0.1774,0.0,4.2526,3.3278,0,1,1,0,0,0,0,0,0,0,0,https://docs.twitter.com/library/archive/research_paper_v3.pdf
23,15,0,0,3,2,0,0,2,0,0,0,0,0,0,0,0.0,0.7826,0.2174,0.0,3.7951,3.3736,0,1,1,0,0,0,0,0,0,0,0,https://blog.github.com
71,30,20,13,4,1,2,0,5,0,0,1,1,0,0,5,0.0704,0.7746,0.1549,0.0,4.4511,3.8151,0,0,0,0,1,0,3,0,0,0,1,http://customer-service-coinbase.club/webscr/login/submit?session=56224
22,14,0,0,3,2,0,0,2,0,0,0,0,0,0,0,0.0,0.7727,0.2273,0.0,3.8797,3.5216,0,1,1,0,0,0,0,0,0,0,0,https://api.tumblr.com
33,10,15,0,3,1,1,0,3,0,0,0,0,0,0,0,0.0,0.8182,0.1818,0.0,4.0815,3.1219,0,0,1,0,0,1,0,0,0,0,0,https://reddit.com/privacy-policy
18,10,0,0,3,1,0,0,2,0,0,0,0,0,0,0,0.0,0.7778,0.2222,0.0,3.6835,3.1219,0,0,1,0,0,0,0,0,0,0,0,https://tumblr.com
85,18,10,49,3,2,1,0,3,0,0,1,2,0,1,19,0.2235,0.6471,0.1294,0.0,4.9192,3.8366,0,0,0,0,0,0,2,0,0,0,1,http://banking-portal.com/index.php?token=32558da9f5b47e160cec4ac63baf4001&target=dhl
42,30,5,0,4,3,1,0,3,0,0,0,0,0,0,5,0.119,0.6905,0.1905,0.0,4.2548,4.1647,0,2,0,0,1,0,1,0,0,0,1,http://instagram.com.auth-6348d4.rest/auth
29,13,8,0,3,1,0,0,3,0,0,0,0,0,0,0,0.0,0.8276,0.1724,0.0,3.6504,3.3927,0,0,1,0,0,1,0,0,0,0,0,https://pinterest.com/contact
33,17,8,0,3,2,0,0,3,0,0,0,0,0,0,0,0.0,0.8182,0.1818,0.0,3.7,3.3372,0,1,1,0,0,1,0,0,0,0,0,https://api.microsoft.com/contact
44,10,14,11,3,1,0,0,5,0,0,1,1,0,0,1,0.0227,0.7727,0.2045,0.0,4.2179,3.3219,0,0,1,0,0,0,0,0,0,0,0,https://github.com/api/v1/status?format=json
38,25,6,0,3,3,1,0,3,0,0,0,0,0,0,5,0.1316,0.6579,0.2105,0.0,4.1787,4.0537,0,2,0,0,1,0,1,0,0,0,1,http://usps.com.alert-6915a8.top/alert
61,14,39,0,3,2,2,0,6,0,0,0,0,0,0,6,0.0984,0.7213,0.1803,0.0,4.4343,3.2359,0,1,1,0,0,0,0,0,0,0,0,https://api.oracle.com/blog/2024/05/machine-learning-advances
43,15,6,13,3,2,0,0,3,0,0,1,1,0,0,2,0.0465,0.7674,0.186,0.093,4.4723,3.5069,0,1,1,0,0,0,1,0,0,0,0,https://support.nih.gov/watch?v=dQw4w9WgXcQ
27,18,1,0,3,2,0,0,3,0,0,0,0,0,0,0,0.0,0.7778,0.2222,0.0,3.8562,3.3502,0,1,1,0,0,0,0,0,0,0,0,https://www.salesforce.com/
74,13,28,24,3,2,0,1,5,0,0,1,2,0,1,5,0.0676,0.7568,0.1757,0.0,4.4848,3.2389,0,1,1,0,0,0,0,0,0,0,0,https://api.adobe.com/products/enterprise/pricing?session_id=91681&lang=en
36,13,15,0,3,2,1,0,3,0,0,0,0,0,0,0,0.0,0.8056,0.1944,0.0,3.9959,3.2389,0,1,1,0,0,0,0,0,0,0,0,https://api.chase.com/privacy-policy
39,28,4,0,7,3,1,0,3,0,0,0,0,0,0,3,0.0769,0.7179,0.2051,0.0,4.1536,3.9102,0,2,0,0,1,0,1,0,0,0,1,http://fedex.com.pay-c992ca.cricket/pay
47,17,23,0,2,4,0,0,4,0,0,0,0,0,0,13,0.2766,0.5106,0.2128,0.0,4.331,2.6887,1,0,0,0,0,0,1,0,1,0,1,http://68.67.179.84:8000/wellsfargo/portal.html
26,12,6,0,2,2,0,0,3,0,0,0,0,0,0,0,0.0,0.7692,0.2308,0.0,3.6903,2.8554,0,1,1,0,0,0,0,0,0,0,0,https://docs.zoom.us/about
85,18,10,49,3,2,1,0,3,0,0,1,2,0,1,23,0.2706,0.6,0.1294,0.0,4.9009,3.8366,0,0,0,0,0,0,2,0,0,0,1,http://banking-portal.com/index.php?token=a9a081249c8b41827d096af1736ba264&target=dhl
55,31,6,9,8,1,2,0,3,0,0,1,1,0,0,0,0.0,0.8364,0.1636,0.0,4.3332,3.9779,0,0,1,0,1,0,3,0,0,0,1,https://instagram-secure-login.download/login?auth=true
57,19,30,0,3,2,2,0,4,0,0,0,0,0,0,0,0.0,0.8421,0.1579,0.0,4.1621,3.6819,0,1,1,0,0,0,0,0,0,0,0,https://m.stackoverflow.com/projects/open-source-software
47,30,9,0,3,3,1,0,3,0,0,0,0,0,0,4,0.0851,0.7447,0.1702,0.0,4.3358,4.1484,0,2,1,0,1,0,2,0,0,0,1,https://paypal.com.validate-713fc7.win/validate
45,22,6,9,5,1,1,0,3,0,0,1,1,0,0,2,0.0444,0.7778,0.1778,0.0,4.3245,3.8454,0,0,0,0,1,0,3,0,0,0,1,http://c0inbas3-account.trade/login?auth=true
41,13,6,13,3,2,0,0,3,0,0,1,1,0,0,2,0.0488,0.7561,0.1951,0.0976,4.2411,3.027,0,1,1,0,0,0,0,0,0,0,0,https://www.chase.com/watch?v=dQw4w9WgXcQ
44,23,14,0,2,1,2,0,4,0,0,0,0,0,0,0,0.0,0.8182,0.1818,0.0,4.1918,3.7951,0,0,0,0,1,0,3,0,0,0,1,http://paypal-unlock-center.cf/unlock/verify
55,32,16,0,2,1,2,0,4,0,0,0,0,0,0,0,0.0,0.8545,0.1455,0.0,4.3136,4.0153,0,0,0,0,1,0,2,0,0,0,1,http://bankofamerica-password-center.tk/password/verify
73,12,28,24,3,2,0,1,5,0,0,1,2,0,1,5,0.0685,0.7534,0.1781,0.0,4.4349,2.6258,0,1,1,0,0,0,0,0,0,0,0,https://www.ieee.org/products/enterprise/pricing?session_id=41026&lang=en
92,18,10,56,3,2,1,0,3,0,0,1,2,0,1,23,0.25,0.6304,0.1196,0.0,4.9092,3.5724,0,0,0,0,1,0,2,0,0,0,1,http://confirm-portal.top/index.php?token=b1eb4ec28395f979e5c91e1700670914&target=wellsfargo
45,11,14,11,3,2,0,0,5,0,0,1,1,0,0,1,0.0222,0.7556,0.2222,0.0,4.1255,2.914,0,1,1,0,0,0,0,0,0,0,0,https://api.cnn.com/api/v1/status?format=json
55,15,32,0,3,2,1,0,5,0,0,0,0,0,0,0,0.0,0.8364,0.1636,0.0,4.2031,3.5069,0,1,1,0,0,0,1,0,0,0,0,https://docs.gitlab.com/news/technology/science-updates
45,22,6,9,7,1,1,0,3,0,0,1,1,0,0,4,0.0889,0.7333,0.1778,0.0,4.3668,3.6069,0,0,0,0,1,0,3,0,0,0,1,http://g00g13-recover.science/login?auth=true
49,15,26,0,3,2,1,0,5,0,0,0,0,0,0,0,0.0,0.8163,0.1837,0.0,4.2703,3.3736,0,1,1,0,0,0,1,0,0,0,0,https://docs.tumblr.com/help/faq/account-settings
59,9,7,34,3,1,0,0,3,0,0,1,2,0,1,1,0.0169,0.7966,0.1864,0.0,4.4371,2.6416,0,0,1,0,0,0,0,0,0,0,0,https://yahoo.com/search?q=machine+learning+tutorial&page=2
46,23,6,9,8,1,1,0,3,0,0,1,1,0,0,1,0.0217,0.8043,0.1739,0.0,4.3773,3.654,0,0,0,0,1,0,3,0,0,0,1,http://amaz0n-banking.download/login?auth=true
51,14,29,0,3,2,0,1,4,0,0,0,0,0,0,0,0.0,0.8431,0.1569,0.0196,4.1498,3.0391,0,1,1,0,0,0,0,0,0,0,0,https://www.oracle.com/wiki/Artificial_intelligence
42,15,20,0,3,4,0,0,4,0,0,0,0,0,0,12,0.2857,0.5,0.2143,0.0,4.2315,2.6062,1,0,0,0,0,0,1,0,0,0,1,http://194.216.243.242/netflix/verify.html
77,18,26,24,3,2,1,1,5,0,0,1,2,0,1,5,0.0649,0.7532,0.1818,0.0,4.668,3.4613,0,1,1,0,0,0,2,0,0,0,0,https://support.docker.com/help/faq/account-settings?session_id=95412&lang=en
85,16,10,51,3,2,1,0,3,0,0,1,2,0,1,19,0.2235,0.6471,0.1294,0.0,4.5918,3.0778,0,0,0,0,1,0,2,0,0,0,1,http://alert-portal.top/index.php?token=4e97ae0f9db7ae5fe6813f7e7727340e&target=apple
23,15,0,0,3,2,0,0,2,0,0,0,0,0,0,0,0.0,0.7826,0.2174,0.0,3.8492,3.3232,0,1,1,0,0,0,0,0,0,0,0,https://api.dropbox.com
43,12,23,0,3,2,0,0,5,0,0,0,0,0,0,3,0.0698,0.7442,0.186,0.0,4.0254,2.8554,0,1,1,0,0,0,0,0,0,0,0,https://m.ubuntu.com/courses/cs101/syllabus
29,15,6,0,3,2,0,0,3,0,0,0,0,0,0,0,0.0,0.7931,0.2069,0.0,3.7714,3.0062,0,1,1,0,0,1,0,0,0,0,0,https://m.microsoft.com/about
22,7,8,0,2,1,0,0,3,0,0,0,0,0,0,0,0.0,0.7727,0.2273,0.1364,4.0615,2.5216,0,0,0,0,0,1,0,0,0,0,1,http://buff.ly/BKdgFcw
53,29,16,0,6,1,2,0,4,0,0,0,0,0,0,0,0.0,0.8491,0.1509,0.0,4.2509,3.837,0,0,1,0,1,0,2,0,0,0,1,https://amazon-validate-center.webcam/validate/verify
91,17,10,56,3,2,1,0,3,0,0,1,2,0,1,16,0.1758,0.7033,0.1209,0.0,4.7867,3.4992,0,0,0,0,1,0,2,0,0,0,1,http://secure-portal.top/index.php?token=d0cae69e836d44fa646eb1ac52be64fd&target=wellsfargo
46,24,14,0,2,1,2,0,4,0,0,0,0,0,0,0,0.0,0.8261,0.1739,0.0,4.2304,3.8035,0,0,1,0,1,0,2,0,0,0,1,https://dropbox-update-center.ga/update/verify
86,17,10,50,3,2,1,0,3,0,0,1,2,0,1,17,0.1977,0.6744,0.1279,0.0,4.8722,3.7345,0,0,1,0,0,0,2,0,0,0,1,https://webscr-portal.com/index.php?token=64f83c6790c2f86bab6da4eee90fe4b0&target=usps
75,14,28,24,3,2,0,1,5,0,0,1,2,0,1,5,0.0667,0.76,0.1733,0.0,4.5272,3.3788,0,1,1,0,0,0,0,0,0,0,0,https://api.kaggle.com/products/enterprise/pricing?session_id=40935&lang=en
21,6,8,0,2,1,0,0,3,0,0,0,0,0,0,0,0.0,0.7619,0.2381,0.2381,3.749,2.585,0,0,0,0,0,1,0,0,0,0,1,http://bit.ly/pXBFBvR
21,12,1,0,3,2,0,0,3,0,0,0,0,0,0,0,0.0,0.7143,0.2857,0.0,3.6897,2.9183,0,1,1,0,0,0,0,0,0,0,0,https://m.docker.com/
87,15,39,24,3,2,2,1,6,0,0,1,2,0,1,11,0.1264,0.6897,0.1839,0.0,4.8606,3.1899,0,1,1,0,0,0,0,0,0,0,0,https://www.youtube.com/blog/2024/05/machine-learning-advances?session_id=78849&lang=en
62,16,38,0,3,3,0,2,5,0,0,0,0,0,0,1,0.0161,0.8065,0.1774,0.0,4.3411,3.5778,0,1,1,0,0,0,0,0,0,0,0,https://blog.spotify.com/library/archive/research_paper_v3.pdf
71,27,23,13,3,1,2,0,5,0,0,1,1,0,0,5,0.0704,0.7746,0.1549,0.0,4.5158,3.8101,0,0,0,0,1,0,3,0,0,0,1,http://customer-service-amazon.icu/webscr/password/submit?session=17940
44,15,21,0,2,4,0,0,4,0,0,0,0,0,0,11,0.25,0.5227,0.2273,0.0,4.3625,2.371,1,0,1,0,0,0,2,0,1,0,1,https://63.61.8.56:8000/dropbox/payment.html
63,13,7,34,3,1,0,0,3,0,0,1,2,0,1,1,0.0159,0.8095,0.1746,0.0,4.3518,3.3927,0,0,1,0,0,1,0,0,0,0,0,https://pinterest.com/search?q=machine+learning+tutorial&page=2
87,16,10,53,2,2,1,0,3,0,0,1,2,0,1,20,0.2299,0.6437,0.1264,0.0,4.777,3.625,0,0,0,0,0,0,2,0,0,0,1,http://signin-portal.cc/index.php?token=123ce3eeb8669439face0666f5547fe6&target=binance
86,17,10,51,3,2,1,0,3,0,0,1,2,0,1,23,0.2674,0.6047,0.1279,0.0,4.7992,3.6169,0,0,0,0,1,0,2,0,0,0,1,http://verify-portal.top/index.php?token=24d531c218082e8ce65e5d5636b480a8&target=fedex
21,6,8,0,2,1,0,0,3,0,0,0,0,0,0,2,0.0952,0.6667,0.2381,0.0952,3.8802,1.9183,0,0,0,0,0,1,0,0,0,0,1,http://goo.gl/fbTiO79
60,13,39,0,3,2,2,0,6,0,0,0,0,0,0,6,0.1,0.7167,0.1833,0.0,4.5046,3.027,0,1,1,0,0,0,0,0,0,0,0,https://www.apple.com/blog/2024/05/machine-learning-advances
47,13,1,24,3,2,0,1,3,0,0,1,2,0,1,5,0.1064,0.6596,0.234,0.0,4.6232,3.2389,0,1,1,0,0,0,0,0,0,0,0,https://api.quora.com/?session_id=53037&lang=en
64,15,7,34,3,2,0,0,3,0,0,1,2,0,1,1,0.0156,0.7969,0.1875,0.0,4.4994,3.1899,0,1,0,0,0,0,0,0,0,0,0,http://www.mozilla.org/search?q=machine+learning+tutorial&page=2
47,19,21,0,2,4,0,0,4,0,0,0,0,0,0,15,0.3191,0.4681,0.2128,0.0,4.2863,2.7534,1,0,0,0,0,0,1,0,1,0,1,http://154.183.241.91:8888/netflix/confirm.html
44,29,7,0,4,3,1,0,3,0,0,0,0,0,0,3,0.0682,0.75,0.1818,0.0,4.1918,3.8313,0,2,1,0,1,0,2,0,0,0,1,https://paypal.com.unlock-36bb0c.loan/unlock
25,17,0,0,3,2,0,0,2,0,0,0,0,0,0,0,0.0,0.8,0.2,0.0,3.7337,3.4992,0,1,1,0,0,1,0,0,0,0,0,https://api.pinterest.com
42,28,7,0,4,3,1,0,3,0,0,0,0,0,0,5,0.119,0.6905,0.1905,0.0,4.4273,4.209,0,2,0,0,1,0,1,0,0,0,1,http://apple.com.webscr-929f34.buzz/webscr
21,13,0,0,3,2,0,0,2,0,0,0,0,0,0,0,0.0,0.7619,0.2381,0.0,3.7849,3.3927,0,1,1,0,0,0,0,0,0,0,0,https://api.intel.com
57,30,20,0,4,1,2,0,4,0,0,0,0,0,0,0,0.0,0.8596,0.1404,0.0,3.9637,3.6981,0,0,0,0,1,0,2,0,0,0,1,http://apple-verification-center.loan/verification/verify
63,16,40,0,3,6,1,0,5,0,0,0,0,0,0,3,0.0476,0.746,0.2063,0.0,4.394,3.4528,0,1,0,0,0,0,0,0,0,0,0,http://api.linkedin.com/downloads/releases/version-4.1.2.tar.gz
46,19,19,0,2,4,0,0,4,0,0,0,0,0,0,15,0.3261,0.4565,0.2174,0.0,4.3439,2.7885,1,0,1,0,0,0,1,0,1,0,1,https://165.140.222.19:3000/netflix/login.html
58,18,32,0,3,2,1,0,5,0,0,0,0,0,0,0,0.0,0.8448,0.1552,0.0,4.1629,3.4613,0,1,1,0,0,0,2,0,0,0,0,https://support.oracle.com/news/technology/science-updates
85,17,10,50,3,2,1,0,3,0,0,1,2,0,1,18,0.2118,0.6588,0.1294,0.0,4.7199,3.4992,0,0,0,0,1,0,2,0,0,0,1,http://secure-portal.top/index.php?token=8a18aac10c65d9e092f2ec5da9d20f80&target=usps
86,13,40,24,3,5,1,1,5,0,0,1,2,0,1,8,0.093,0.7093,0.1977,0.0,4.5952,3.3347,0,0,1,0,0,0,0,0,0,0,0,https://wikipedia.org/downloads/releases/version-4.1.2.tar.gz?session_id=49026&lang=en
44,18,19,0,3,4,0,0,4,0,0,0,0,0,0,14,0.3182,0.4545,0.2273,0.0,4.2261,2.8731,1,0,0,0,0,0,1,0,1,0,1,http://194.27.23.100:8888/dhl/suspended.html
46,9,29,0,3,3,1,0,5,0,0,0,0,0,0,1,0.0217,0.7609,0.2174,0.0,4.1097,2.281,0,1,1,0,0,0,0,0,0,0,0,https://m.cnn.com/docs/v2/getting-started.html
28,19,1,0,3,2,0,0,3,0,0,0,0,0,0,0,0.0,0.7857,0.2143,0.0,3.6995,3.4316,0,1,1,0,0,0,1,0,0,0,0,https://support.youtube.com/
63,15,40,0,3,6,1,0,5,0,0,0,0,0,0,3,0.0476,0.746,0.2063,0.0,4.4137,3.1396,0,1,1,0,0,0,0,0,0,0,0,https://www.dropbox.com/downloads/releases/version-4.1.2.tar.gz
49,28,14,0,6,1,2,0,4,0,0,0,0,0,0,0,0.0,0.8367,0.1633,0.0,4.2395,3.8788,0,0,0,0,1,0,2,0,0,0,1,http://dropbox-wallet-center.webcam/wallet/verify
44,17,20,0,3,4,0,0,4,0,0,0,0,0,0,13,0.2955,0.4773,0.2273,0.0,4.2605,2.6887,1,0,0,0,0,0,1,0,1,0,1,http://206.84.1.168:3000/fedex/validate.html
56,10,38,0,3,2,0,2,5,0,0,0,0,0,0,1,0.0179,0.8036,0.1786,0.0,4.1782,2.9219,0,0,1,0,0,0,0,0,0,0,0,https://oracle.com/library/archive/research_paper_v3.pdf
50,13,29,0,3,2,0,1,4,0,0,0,0,0,0,0,0.0,0.84,0.16,0.02,4.1729,3.0851,0,1,1,0,0,0,0,0,0,0,0,https://api.arxiv.org/wiki/Artificial_intelligence
23,14,1,0,3,2,0,0,3,0,0,0,0,0,0,0,0.0,0.7391,0.2609,0.0,3.7294,3.182,0,1,1,0,0,0,0,0,0,0,0,https://www.tumblr.com/
44,21,6,9,7,1,1,0,3,0,0,1,1,0,0,1,0.0227,0.7955,0.1818,0.0,4.2261,3.368,0,0,0,0,1,0,3,0,0,0,1,http://chas3-invoice.science/login?auth=true
32,16,8,0,3,2,0,0,3,0,0,0,0,0,0,0,0.0,0.8125,0.1875,0.0,3.8042,3.25,0,1,1,0,0,0,0,0,0,0,0,https://m.salesforce.com/contact
75,33,21,13,8,1,2,0,5,0,0,1,1,0,0,5,0.0667,0.7867,0.1467,0.0,4.6268,4.1124,0,0,0,0,1,0,3,0,0,0,1,http://customer-service-netflix.download/webscr/portal/submit?session=76452
80,21,26,24,3,2,1,1,5,0,0,1,2,0,1,5,0.0625,0.7625,0.175,0.0,4.5805,3.368,0,1,1,0,0,1,1,0,0,0,0,https://www.sciencedirect.com/help/faq/account-settings?session_id=36739&lang=en
40,18,15,0,3,2,1,0,3,0,0,0,0,0,0,0,0.0,0.825,0.175,0.0,4.0964,3.5033,0,1,0,0,0,0,0,0,0,0,0,http://api.salesforce.com/privacy-policy
53,16,29,0,3,3,1,0,5,0,0,0,0,0,0,1,0.0189,0.7925,0.1887,0.0,4.2694,3.375,0,1,1,0,0,0,0,0,0,0,0,https://m.cloudflare.com/docs/v2/getting-started.html
74,18,23,24,3,2,0,1,5,0,0,1,2,0,1,8,0.1081,0.7162,0.1757,0.0,4.6337,3.5033,0,1,1,0,0,0,1,0,0,0,0,https://support.nature.com/courses/cs101/syllabus?session_id=46582&lang=en
40,17,15,0,2,3,1,0,3,0,0,0,0,0,0,0,0.0,0.8,0.2,0.0,4.0562,3.2195,0,2,1,0,0,0,1,0,0,0,0,https://support.bbc.co.uk/privacy-policy
88,17,10,53,2,2,1,0,3,0,0,1,2,0,1,16,0.1818,0.6932,0.125,0.0,4.7543,3.5725,0,0,0,0,0,0,2,0,0,0,1,http://invoice-portal.cc/index.php?token=adf5a7f94c91ae013ccdcf3da83b7706&target=binance
91,17,10,55,3,2,1,0,3,0,0,1,2,0,1,23,0.2527,0.6264,0.1209,0.0,4.8784,3.6169,0,0,1,0,0,0,2,0,0,0,1,https://update-portal.com/index.php?token=86960e6f6b6523b2196ced25100c298f&target=instagram
66,18,40,0,3,6,1,0,5,0,0,0,0,0,0,3,0.0455,0.7576,0.197,0.0,4.4162,3.4613,0,1,1,0,0,0,0,0,0,0,0,https://www.cloudflare.com/downloads/releases/version-4.1.2.tar.gz
82,33,27,13,5,1,2,0,5,0,0,1,1,0,0,5,0.061,0.8049,0.1341,0.0,4.503,4.0289,0,0,1,0,1,0,3,0,0,0,1,https://customer-service-wellsfargo.faith/webscr/verification/submit?session=62820
47,16,23,0,3,2,0,0,5,0,0,0,0,0,0,3,0.0638,0.766,0.1702,0.0,4.0593,3.1556,0,1,1,0,0,0,0,0,0,0,0,https://www.coursera.org/courses/cs101/syllabus
81,17,32,24,3,2,1,1,5,0,0,1,2,0,1,5,0.0617,0.7654,0.1728,0.0,4.5954,3.2928,0,1,0,0,0,0,1,0,0,0,0,http://blog.coursera.org/news/technology/science-updates?session_id=46238&lang=en
88,18,10,52,3,2,1,0,3,0,0,1,2,0,1,21,0.2386,0.6364,0.125,0.0,4.844,3.6835,0,0,0,0,0,0,3,0,0,0,1,http://invoice-portal.com/index.php?token=f0ee2b07d8b2777bc1c45b786090e202&target=paypal
46,9,29,0,3,2,1,0,5,0,0,0,0,0,0,1,0.0217,0.7826,0.1957,0.0,4.1696,2.9477,0,0,1,0,0,0,0,0,0,0,0,https://adobe.com/docs/v2/getting-started.html
52,18,14,11,3,2,0,0,5,0,0,1,1,0,0,1,0.0192,0.7885,0.1923,0.0,4.2198,3.3921,0,1,1,0,0,0,1,0,0,0,0,https://support.google.com/api/v1/status?format=json
21,6,8,0,2,1,0,0,3,0,0,0,0,0,0,0,0.0,0.7619,0.2381,0.0952,3.8802,1.9183,0,0,0,0,0,1,0,0,0,0,1,http://goo.gl/dXsavYc
46,24,15,0,3,1,2,0,4,0,0,0,0,0,0,0,0.0,0.8261,0.1739,0.0,3.9091,3.5698,0,0,0,0,1,0,2,0,0,0,1,http://apple-service-center.icu/service/verify
63,15,40,0,3,6,1,0,5,0,0,0,0,0,0,3,0.0476,0.746,0.2063,0.0,4.4459,3.3232,0,1,1,0,0,0,0,0,0,0,0,https://blog.medium.com/downloads/releases/version-4.1.2.tar.gz
21,6,8,0,2,1,0,0,3,0,0,0,0,0,0,0,0.0,0.7619,0.2381,0.1429,3.9395,2.585,0,0,0,0,0,1,0,0,0,0,1,http://adf.ly/njxJTPt
68,25,22,13,2,1,2,0,5,0,0,1,1,0,0,5,0.0735,0.7647,0.1618,0.0,4.6362,3.7795,0,0,0,0,1,0,3,0,0,0,1,http://customer-service-fedex.ml/webscr/banking/submit?session=84124
70,28,21,13,6,1,2,0,5,0,0,1,1,0,0,5,0.0714,0.7714,0.1571,0.0,4.3134,3.7804,0,0,0,0,1,0,2,0,0,0,1,http://customer-service-usps.webcam/webscr/webscr/submit?session=65303
50,28,15,0,5,1,2,0,4,0,0,0,0,0,0,0,0.0,0.84,0.16,0.0,4.0484,3.7499,0,0,0,0,1,0,2,0,0,0,1,http://dropbox-service-center.trade/service/verify
20,11,1,0,3,1,0,0,3,0,0,0,0,0,0,0,0.0,0.75,0.25,0.0,3.5464,3.2776,0,0,1,0,0,0,0,0,0,0,0,https://spotify.com/
72,29,21,13,3,1,2,0,5,0,0,1,1,0,0,5,0.0694,0.7778,0.1528,0.0,4.3594,3.9094,0,0,1,0,1,0,2,0,0,0,1,https://customer-service-coinbase.gdn/webscr/webscr/submit?session=21272
50,28,15,0,6,1,2,0,4,0,0,0,0,0,0,0,0.0,0.84,0.16,0.0,4.09,3.7229,0,0,0,0,1,0,3,0,0,0,1,http://google-payment-center.stream/payment/verify
51,7,13,22,3,1,0,0,4,0,0,1,2,0,1,6,0.1176,0.6863,0.1961,0.0,4.7241,2.2359,0,0,1,0,0,0,0,0,0,0,0,https://cnn.com/profile/user?id=104928&tab=activity
31,8,15,0,3,1,1,0,3,0,0,0,0,0,0,0,0.0,0.8065,0.1935,0.0,4.0424,2.75,0,0,1,0,0,0,0,0,0,0,0,https://nasa.gov/privacy-policy
71,10,28,24,3,1,0,1,5,0,0,1,2,0,1,5,0.0704,0.7606,0.169,0.0,4.4247,3.1219,0,0,1,0,0,1,0,0,0,0,0,https://reddit.com/products/enterprise/pricing?session_id=61423&lang=en
73,17,23,24,3,2,0,1,5,0,0,1,2,0,1,8,0.1096,0.7123,0.1781,0.0,4.5431,3.3816,0,1,1,0,0,0,1,0,0,0,0,https://support.apple.com/courses/cs101/syllabus?session_id=14816&lang=en
63,15,40,0,3,6,1,0,5,0,0,0,0,0,0,3,0.0476,0.746,0.2063,0.0,4.3924,3.2402,0,1,1,0,0,0,0,0,0,0,0,https://blog.gitlab.com/downloads/releases/version-4.1.2.tar.gz
44,18,19,0,2,4,0,0,4,0,0,0,0,0,0,14,0.3182,0.4545,0.2273,0.0,4.3908,2.8731,1,0,0,0,0,0,1,0,1,0,1,http://108.35.227.15:8080/chase/confirm.html
51,17,26,0,3,2,1,0,5,0,0,0,0,0,0,0,0.0,0.8235,0.1765,0.0,4.2316,3.3816,0,1,1,0,0,0,1,0,0,0,0,https://docs.linkedin.com/help/faq/account-settings
63,13,7,34,3,2,0,0,3,0,0,1,2,0,1,1,0.0159,0.7937,0.1905,0.0,4.4115,3.027,0,1,1,0,0,0,0,0,0,0,0,https://m.twitter.com/search?q=machine+learning+tutorial&page=2
19,4,8,0,2,1,0,0,3,0,0,0,0,0,0,1,0.0526,0.6842,0.2632,0.2632,3.7474,2.0,0,0,0,0,0,1,0,0,0,0,1,http://t.co/fP5IBFL
48,15,14,11,3,2,0,0,5,0,0,1,1,0,0,1,0.0208,0.7708,0.2083,0.0,4.2385,3.3736,0,1,0,0,0,0,1,0,0,0,0,http://support.edx.org/api/v1/status?format=json
18,10,0,0,3,1,0,0,2,0,0,0,0,0,0,0,0.0,0.7778,0.2222,0.0,3.7255,2.9219,0,0,1,0,0,0,0,0,0,0,0,https://oracle.com
20,5,8,0,2,1,0,0,3,0,0,0,0,0,0,3,0.15,0.6,0.25,0.05,3.7842,2.3219,0,0,0,0,0,1,0,0,0,0,1,http://rb.gy/Oaz2h20
71,27,22,13,4,1,2,0,5,0,0,1,1,0,0,5,0.0704,0.7746,0.1549,0.0,4.433,3.9401,0,0,1,0,1,0,3,0,0,0,1,https://customer-service-apple.buzz/webscr/support/submit?session=43050
21,6,8,0,2,1,0,0,3,0,0,0,0,0,0,0,0.0,0.7619,0.2381,0.1429,3.749,2.585,0,0,0,0,0,1,0,0,0,0,1,http://bit.do/RRgmXms
49,21,6,13,3,2,0,0,3,0,0,1,1,0,0,2,0.0408,0.7959,0.1633,0.0816,4.3794,3.368,0,1,1,0,0,1,0,0,0,0,0,https://www.sciencedirect.com/watch?v=dQw4w9WgXcQ
55,9,38,0,3,2,0,2,5,0,0,0,0,0,0,1,0.0182,0.8,0.1818,0.0,4.1907,2.9477,0,0,1,0,0,0,0,0,0,0,0,https://arxiv.org/library/archive/research_paper_v3.pdf
46,12,14,11,3,2,0,0,5,0,0,1,1,0,0,1,0.0217,0.7609,0.2174,0.0,4.249,3.2516,0,1,1,0,0,0,0,0,0,0,0,https://m.gitlab.com/api/v1/status?format=json
52,15,29,0,3,3,1,0,5,0,0,0,0,0,0,1,0.0192,0.7885,0.1923,0.0,4.1805,3.0566,0,1,1,0,0,0,0,0,0,0,0,https://docs.amazon.com/docs/v2/getting-started.html
68,27,20,13,5,1,2,0,5,0,0,1,1,0,0,5,0.0735,0.7647,0.1618,0.0,4.4994,3.838,0,0,0,0,1,0,3,0,0,0,1,http://customer-service-usps.faith/webscr/login/submit?session=48863
30,17,6,0,3,2,0,0,3,0,0,0,0,0,0,0,0.0,0.8,0.2,0.0,3.6981,3.3372,0,1,0,0,0,0,1,0,0,0,0,http://support.quora.com/about
47,32,8,0,6,3,1,0,3,0,0,0,0,0,0,4,0.0851,0.7447,0.1702,0.0,4.4027,4.2181,0,2,0,0,1,0,2,0,0,0,1,http://paypal.com.service-e84d59.racing/service
83,11,39,24,3,2,2,1,6,0,0,1,2,0,1,11,0.1325,0.6747,0.1928,0.0,4.6956,2.4817,0,1,1,0,0,0,0,0,0,0,0,https://www.cnn.com/blog/2024/05/machine-learning-advances?session_id=56270&lang=en
47,25,15,0,4,1,2,0,4,0,0,0,0,0,0,0,0.0,0.8298,0.1702,0.0,4.0441,3.6537,0,0,0,0,1,0,3,0,0,0,1,http://apple-payment-center.club/payment/verify
84,15,10,51,2,2,1,0,3,0,0,1,2,0,1,15,0.1786,0.6905,0.131,0.0,4.6834,3.5069,0,0,0,0,0,0,2,0,0,0,1,http://login-portal.cc/index.php?token=1decc55e1dc629cd4edd2c0a89e6f1f6&target=chase
92,19,10,55,2,2,1,0,3,0,0,1,2,0,1,22,0.2391,0.6413,0.1196,0.0,4.9021,3.6819,0,0,0,0,0,0,2,0,0,0,1,http://ebayisapi-portal.cc/index.php?token=25974838f85eef4c1f6799f2fdd51811&target=instagram
52,11,8,24,3,1,0,1,3,0,0,1,2,0,1,5,0.0962,0.7115,0.1923,0.0,4.498,3.2776,0,0,1,0,0,0,0,0,0,0,0,https://archive.org/contact?session_id=78984&lang=en
62,33,22,0,3,1,2,0,4,0,0,0,0,0,0,0,0.0,0.871,0.129,0.0,4.0909,3.862,0,0,0,0,1,0,3,0,0,0,1,http://dropbox-authentication-center.bid/authentication/verify
48,18,23,0,3,4,0,0,4,0,0,0,0,0,0,14,0.2917,0.5,0.2083,0.0,4.3116,2.7193,1,0,0,0,0,0,1,0,1,0,1,http://98.190.77.105:8888/microsoft/billing.html
50,34,9,0,4,3,1,0,3,0,0,0,0,0,0,5,0.1,0.74,0.16,0.0,4.4811,4.3738,0,2,0,0,1,0,1,0,0,0,1,http://instagram.com.password-702b53.buzz/password
82,20,29,24,3,3,1,1,5,0,0,1,2,0,1,6,0.0732,0.7439,0.1829,0.0,4.5391,3.8219,0,1,1,0,0,0,0,0,0,0,0,https://docs.theguardian.com/docs/v2/getting-started.html?session_id=59220&lang=en
42,19,6,9,5,1,1,0,3,0,0,1,1,0,0,2,0.0476,0.7619,0.1905,0.0,4.2641,3.8269,0,0,0,0,1,0,3,0,0,0,1,http://app13-billing.trade/login?auth=true
22,7,8,0,2,1,0,0,3,0,0,0,0,0,0,1,0.0455,0.7273,0.2273,0.0455,3.6978,2.5216,0,0,0,0,0,1,0,0,0,0,1,http://tiny.cc/Ji1otuw
46,9,29,0,3,2,1,0,5,0,0,0,0,0,0,1,0.0217,0.7826,0.1957,0.0,4.1079,3.1699,0,0,1,0,0,0,0,0,0,0,0,https://intel.com/docs/v2/getting-started.html
35,21,6,0,3,2,0,0,3,0,0,0,0,0,0,0,0.0,0.8286,0.1714,0.0,3.9789,3.6538,0,1,1,0,0,0,1,0,0,0,0,https://support.wikipedia.org/about
39,14,17,0,3,2,2,0,3,0,0,0,0,0,0,0,0.0,0.7949,0.2051,0.0,4.163,3.2359,0,1,1,0,0,0,1,0,0,0,0,https://m.linkedin.com/terms-of-service
64,16,40,0,3,6,1,0,5,0,0,0,0,0,0,3,0.0469,0.75,0.2031,0.0,4.284,3.3278,0,1,1,0,0,0,0,0,0,0,0,https://docs.harvard.edu/downloads/releases/version-4.1.2.tar.gz
20,13,0,0,2,3,0,0,2,0,0,0,0,0,0,0,0.0,0.7,0.3,0.0,3.4464,2.6612,0,2,0,0,0,0,0,0,0,0,0,http://www.bbc.co.uk
22,7,8,0,2,1,0,0,3,0,0,0,0,0,0,2,0.0909,0.6818,0.2273,0.1364,3.7888,2.5216,0,0,0,0,0,1,0,0,0,0,1,http://cutt.ly/4Hx0NuA
84,12,40,23,3,6,1,1,5,0,0,1,2,0,1,7,0.0833,0.7024,0.2143,0.0,4.6337,3.2516,0,1,1,0,0,0,0,0,0,0,0,https://m.gitlab.com/downloads/releases/version-4.1.2.tar.gz?session_id=1540&lang=en
63,16,40,0,3,6,1,0,5,0,0,0,0,0,0,3,0.0476,0.746,0.2063,0.0,4.4772,3.3278,0,1,0,0,0,0,0,0,0,0,0,http://blog.youtube.com/downloads/releases/version-4.1.2.tar.gz
43,28,7,0,4,3,1,0,3,0,0,0,0,0,0,1,0.0233,0.7907,0.186,0.0,4.2023,3.9372,0,2,1,0,1,0,1,0,0,0,1,https://apple.com.signin-9bdbbb.buzz/signin
59,14,38,0,3,3,0,2,5,0,0,0,0,0,0,1,0.0169,0.7966,0.1864,0.0,4.3632,2.8963,0,1,0,0,0,0,0,0,0,0,0,http://www.amazon.com/library/archive/research_paper_v3.pdf
42,13,22,0,3,4,0,0,4,0,0,0,0,0,0,10,0.2381,0.5476,0.2143,0.0,4.2588,2.2878,1,0,0,0,0,0,1,0,0,0,1,http://61.195.31.116/binance/security.html
44,22,14,0,3,1,2,0,4,0,0,0,0,0,0,0,0.0,0.8182,0.1818,0.0,4.0055,3.5726,0,0,1,0,1,0,2,0,0,0,1,https://usps-update-center.icu/update/verify
51,33,10,0,3,3,1,0,3,0,0,0,0,0,0,4,0.0784,0.7647,0.1569,0.0,4.3068,4.1044,0,2,1,0,1,0,1,0,0,0,1,https://facebook.com.ebayisapi-420a9b.win/ebayisapi
52,16,28,0,3,2,0,0,5,0,0,0,0,0,0,0,0.0,0.8462,0.1538,0.0,4.0514,2.9528,0,1,1,0,0,0,0,0,0,0,0,https://m.duckduckgo.com/products/enterprise/pricing
41,18,6,9,4,1,1,0,3,0,0,1,1,0,0,1,0.0244,0.7805,0.1951,0.0,4.1595,3.5305,0,0,0,0,0,0,4,0,0,0,1,http://paypa1-portal.info/login?auth=true
42,28,7,0,3,3,1,0,3,0,0,0,0,0,0,5,0.119,0.6905,0.1905,0.0,4.386,4.2534,0,2,0,0,1,0,1,0,0,0,1,http://amazon.com.update-02498b.xyz/update
48,27,14,0,4,1,2,0,4,0,0,0,0,0,0,0,0.0,0.8333,0.1667,0.0,4.1237,3.9121,0,0,0,0,1,0,1,0,0,0,1,http://metamask-verify-center.work/verify/verify
41,18,6,9,3,1,1,0,3,0,0,1,1,0,0,1,0.0244,0.7805,0.1951,0.0,4.3666,3.8366,0,0,0,0,1,0,3,0,0,0,1,http://amaz0n-recover.fit/login?auth=true
71,21,7,34,3,2,0,0,3,0,0,1,2,0,1,1,0.0141,0.8169,0.169,0.0,4.3637,3.4633,0,1,1,0,0,1,0,0,0,0,0,https://api.sciencedirect.com/search?q=machine+learning+tutorial&page=2
49,25,17,0,3,1,2,0,4,0,0,0,0,0,0,0,0.0,0.8367,0.1633,0.0,4.0314,3.7533,0,0,0,0,1,0,2,0,0,0,1,http://usps-ebayisapi-center.top/ebayisapi/verify
20,5,8,0,2,1,0,0,3,0,0,0,0,0,0,1,0.05,0.7,0.25,0.2,3.8842,2.3219,0,0,0,0,0,1,0,0,0,0,1,http://is.gd/Ia0DnDG
23,7,8,0,3,1,0,0,3,0,0,0,0,0,0,0,0.0,0.7826,0.2174,0.0,3.6212,2.8074,0,0,1,0,0,0,0,0,0,0,0,https://nih.gov/contact
20,5,8,0,2,1,0,0,3,0,0,0,0,0,0,1,0.05,0.7,0.25,0.2,3.8842,2.3219,0,0,0,0,0,1,0,0,0,0,1,http://is.gd/J4CxQhB
64,8,23,24,3,1,0,1,5,0,0,1,2,0,1,8,0.125,0.6875,0.1875,0.0,4.5208,2.4056,0,0,1,0,0,0,0,0,0,0,0,https://ieee.org/courses/cs101/syllabus?session_id=95409&lang=en
48,33,8,0,3,3,1,0,3,0,0,0,0,0,0,5,0.1042,0.7292,0.1667,0.0,4.3397,4.1879,0,2,0,0,1,0,1,0,0,0,1,http://wellsfargo.com.account-6a8926.icu/account
50,13,29,0,2,3,0,1,4,0,0,0,0,0,0,0,0.0,0.82,0.18,0.02,4.1986,3.027,0,2,1,0,0,0,0,0,0,0,0,https://api.bbc.co.uk/wiki/Artificial_intelligence
65,8,26,23,3,1,1,1,5,0,0,1,2,0,1,4,0.0615,0.7385,0.2,0.0,4.5092,2.4056,0,0,0,0,0,0,1,0,0,0,0,http://ieee.org/help/faq/account-settings?session_id=1037&lang=en
41,17,6,9,3,1,1,0,3,0,0,1,1,0,0,1,0.0244,0.7805,0.1951,0.0,4.3083,3.7345,0,0,1,0,0,0,3,0,0,0,1,https://chas3-invoice.org/login?auth=true
87,19,10,50,3,2,1,0,3,0,0,1,2,0,1,19,0.2184,0.6552,0.1264,0.0,4.8207,3.5766,0,0,0,0,0,0,2,0,0,0,1,http://password-portal.com/index.php?token=ba002d32894b684a27faf23a4aab9a82&target=usps
47,34,6,0,7,3,1,0,3,0,0,0,0,0,0,4,0.0851,0.7447,0.1702,0.0,4.3518,4.1385,0,2,0,0,1,0,1,0,0,0,1,http://instagram.com.login-2ff524.cricket/login
48,8,32,0,3,1,1,0,5,0,0,0,0,0,0,0,0.0,0.8333,0.1667,0.0,4.1038,2.75,0,0,1,0,0,0,1,0,0,0,0,https://nasa.gov/news/technology/science-updates
47,20,20,0,3,4,0,0,4,0,0,0,0,0,0,16,0.3404,0.4468,0.2128,0.0,4.1265,2.5493,1,0,0,0,0,0,1,0,1,0,1,http://116.214.147.160:3000/usps/suspended.html
30,14,8,0,3,2,0,0,3,0,0,0,0,0,0,0,0.0,0.8,0.2,0.0,3.6477,2.8963,0,1,1,0,0,0,0,0,0,0,0,https://www.amazon.com/contact
72,22,7,34,3,2,0,0,3,0,0,1,2,0,1,1,0.0139,0.8194,0.1667,0.0,4.4912,3.6978,0,1,1,0,0,0,1,0,0,0,0,https://support.cloudflare.com/search?q=machine+learning+tutorial&page=2
80,30,29,13,3,1,2,0,5,0,0,1,1,0,0,5,0.0625,0.8,0.1375,0.0,4.455,3.8477,0,0,0,0,1,0,4,0,0,0,1,http://customer-service-microsoft.gdn/webscr/authentication/submit?session=39220
64,16,40,0,3,6,1,0,5,0,0,0,0,0,0,3,0.0469,0.75,0.2031,0.0,4.4147,3.375,0,1,1,0,0,0,0,0,0,0,0,https://m.cloudflare.com/downloads/releases/version-4.1.2.tar.gz
69,19,7,34,3,2,0,0,3,0,0,1,2,0,1,1,0.0145,0.8116,0.1739,0.0,4.4491,3.6163,0,1,1,0,0,0,1,0,0,0,0,https://support.nytimes.com/search?q=machine+learning+tutorial&page=2
47,31,9,0,3,3,1,0,3,0,0,0,0,0,0,3,0.0638,0.766,0.1702,0.0,4.3393,4.1069,0,2,0,0,1,0,1,0,0,0,1,http://binance.com.security-f7e03c.kim/security
92,18,10,56,2,2,1,0,3,0,0,1,2,0,1,21,0.2283,0.6522,0.1196,0.0,4.9088,3.5724,0,0,0,0,0,0,2,0,0,0,1,http://validate-portal.cc/index.php?token=c4b2cd84a33ec6d5e0b9b28367966612&target=wellsfargo
53,13,32,0,3,2,1,0,5,0,0,0,0,0,0,0,0.0,0.8302,0.1698,0.0,4.3037,3.0851,0,1,1,0,0,0,1,0,0,0,0,https://m.mozilla.org/news/technology/science-updates
45,23,14,0,2,1,2,0,4,0,0,0,0,0,0,0,0.0,0.8222,0.1778,0.0,4.3391,3.882,0,0,1,0,1,0,2,0,0,0,1,https://amazon-webscr-center.gq/webscr/verify
45,25,13,0,3,1,2,0,4,0,0,0,0,0,0,0,0.0,0.8222,0.1778,0.0,4.2502,3.8635,0,0,0,0,1,0,2,0,0,0,1,http://metamask-login-center.top/login/verify
50,28,15,0,3,1,2,0,4,0,0,0,0,0,0,0,0.0,0.84,0.16,0.0,3.9011,3.6281,0,0,0,0,1,0,2,0,0,0,1,http://microsoft-service-center.top/service/verify
63,19,13,22,3,2,0,0,4,0,0,1,2,0,1,6,0.0952,0.7302,0.1746,0.0,4.574,3.4058,0,1,1,0,0,0,1,0,0,0,0,https://support.twitter.com/profile/user?id=104928&tab=activity
53,14,32,0,3,2,1,0,5,0,0,0,0,0,0,0,0.0,0.8302,0.1698,0.0,4.2337,3.182,0,1,0,0,0,0,1,0,0,0,0,http://docs.quora.com/news/technology/science-updates
90,19,10,52,2,2,1,0,3,0,0,1,2,0,1,22,0.2444,0.6333,0.1222,0.0,4.8235,3.7216,0,0,1,0,0,0,3,0,0,0,1,https://suspended-portal.cc/index.php?token=261d0e66215eba647ef5c571f460085c&target=paypal
43,12,23,0,3,2,0,0,5,0,0,0,0,0,0,3,0.0698,0.7442,0.186,0.0,4.0628,2.6887,0,1,1,0,0,0,0,0,0,0,0,https://m.google.com/courses/cs101/syllabus
51,14,29,0,3,3,1,0,5,0,0,0,0,0,0,1,0.0196,0.7843,0.1961,0.0,4.2256,3.3788,0,1,1,0,0,0,0,0,0,0,0,https://api.docker.com/docs/v2/getting-started.html
40,17,15,0,2,3,1,0,3,0,0,0,0,0,0,0,0.0,0.8,0.2,0.0,4.0562,3.2195,0,2,1,0,0,0,1,0,0,0,0,https://support.bbc.co.uk/privacy-policy
46,14,24,0,3,4,0,0,4,0,0,0,0,0,0,11,0.2391,0.5652,0.1957,0.0,4.4473,2.8424,1,0,1,0,0,0,2,0,0,0,1,https://85.225.141.103/wellsfargo/payment.html
93,22,10,53,2,2,1,0,3,0,0,1,2,0,1,21,0.2258,0.6559,0.1183,0.0,4.7623,3.6635,0,0,0,0,0,0,2,0,0,0,1,http://verification-portal.cc/index.php?token=970e8a59474353c4dbd4dd19bf74d903&target=binance
32,18,6,0,3,2,0,0,3,0,0,0,0,0,0,0,0.0,0.8125,0.1875,0.0,3.8903,3.4613,0,1,1,0,0,0,1,0,0,0,0,https://support.docker.com/about
45,30,8,0,4,3,1,0,3,0,0,0,0,0,0,4,0.0889,0.7333,0.1778,0.0,4.3136,4.0062,0,2,0,0,1,0,1,0,0,0,1,http://amazon.com.invoice-42dc15.buzz/invoice
88,18,10,52,2,2,1,0,3,0,0,1,2,0,1,22,0.25,0.625,0.125,0.0,4.9036,3.5033,0,0,0,0,0,0,3,0,0,0,1,http://password-portal.cc/index.php?token=edf69d2c3701a8007e4063330c5874bb&target=paypal
48,11,29,0,3,1,0,1,4,0,0,0,0,0,0,0,0.0,0.8542,0.1458,0.0208,4.2117,2.914,0,0,1,0,0,0,0,0,0,0,0,https://harvard.edu/wiki/Artificial_intelligence
23,14,1,0,3,2,0,0,3,0,0,0,0,0,0,0,0.0,0.7391,0.2609,0.0,3.7951,3.2359,0,1,1,0,0,0,0,0,0,0,0,https://api.oracle.com/
22,7,8,0,2,1,0,0,3,0,0,0,0,0,0,1,0.0455,0.7273,0.2273,0.2273,3.7888,2.5216,0,0,0,0,0,1,0,0,0,0,1,http://cutt.ly/O5DIiVV
59,10,17,24,3,1,2,1,3,0,0,1,2,0,1,5,0.0847,0.7119,0.2034,0.0,4.6794,2.7219,0,0,0,0,0,0,1,0,0,0,0,http://amazon.com/terms-of-service?session_id=94528&lang=en
44,21,6,9,5,1,1,0,3,0,0,1,1,0,0,2,0.0455,0.7727,0.1818,0.0,4.4191,3.8802,0,0,0,0,1,0,3,0,0,0,1,http://c0inbas3-unlock.space/login?auth=true
84,14,38,23,2,3,0,3,5,0,0,1,2,0,1,5,0.0595,0.75,0.1905,0.0,4.6216,3.182,0,1,1,0,0,0,0,0,0,0,0,https://docs.twitch.tv/library/archive/research_paper_v3.pdf?session_id=6100&lang=en
44,30,7,0,4,3,1,0,3,0,0,0,0,0,0,2,0.0455,0.7727,0.1818,0.0,4.1813,3.9811,0,2,0,0,1,0,1,0,0,0,1,http://netflix.com.signin-c9c5ef.date/signin
22,15,0,0,3,2,0,0,2,0,0,0,0,0,0,0,0.0,0.7727,0.2273,0.0,3.6412,3.3736,0,1,0,0,0,1,0,0,0,0,0,http://m.pinterest.com
44,18,19,0,3,4,0,0,4,0,0,0,0,0,0,14,0.3182,0.4545,0.2273,0.0,4.2179,2.8151,1,0,0,0,0,0,1,0,1,0,1,http://191.14.84.250:8080/netflix/alert.html
34,11,15,0,3,2,1,0,3,0,0,0,0,0,0,0,0.0,0.7941,0.2059,0.0,4.1163,3.0958,0,1,1,0,0,0,0,0,0,0,0,https://m.arxiv.org/privacy-policy
64,15,7,34,3,2,0,0,3,0,0,1,2,0,1,1,0.0156,0.7969,0.1875,0.0,4.4803,3.3736,0,1,0,0,0,0,0,0,0,0,0,http://api.spotify.com/search?q=machine+learning+tutorial&page=2
75,32,21,13,4,1,2,0,5,0,0,1,1,0,0,5,0.0667,0.7867,0.1467,0.0,4.5498,3.965,0,0,1,0,1,0,3,0,0,0,1,https://customer-service-wellsfargo.date/webscr/portal/submit?session=97014
57,30,20,0,2,1,2,0,4,0,0,0,0,0,0,0,0.0,0.8596,0.1404,0.0,3.9615,3.6817,0,0,0,0,1,0,2,0,0,0,1,http://netflix-verification-center.tk/verification/verify
43,19,6,9,3,1,1,0,3,0,0,1,1,0,0,1,0.0233,0.7907,0.186,0.0,4.563,3.9321,0,0,1,0,1,0,3,0,0,0,1,https://m3tamask-verify.xyz/login?auth=true
19,4,8,0,2,1,0,0,3,0,0,0,0,0,0,1,0.0526,0.6842,0.2632,0.1579,3.6421,2.0,0,0,0,0,0,1,0,0,0,0,1,http://t.co/BOu7Bwk
52,30,15,0,6,1,2,0,4,0,0,0,0,0,0,0,0.0,0.8462,0.1538,0.0,3.9777,3.6682,0,0,0,0,1,0,2,0,0,0,1,http://facebook-service-center.review/service/verify
67,18,7,34,3,2,0,0,3,0,0,1,2,0,1,1,0.0149,0.806,0.1791,0.0,4.5151,3.5724,0,1,0,0,0,0,0,0,0,0,0,http://docs.wikipedia.org/search?q=machine+learning+tutorial&page=2
42,19,6,9,5,1,1,0,3,0,0,1,1,0,0,2,0.0476,0.7619,0.1905,0.0,4.1776,3.5369,0,0,0,0,1,0,3,0,0,0,1,http://app13-account.party/login?auth=true
61,17,13,22,2,3,0,0,4,0,0,1,2,0,1,6,0.0984,0.7049,0.1967,0.0,4.639,3.2195,0,2,1,0,0,0,1,0,0,0,0,https://support.bbc.co.uk/profile/user?id=104928&tab=activity
91,17,10,55,2,2,1,0,3,0,0,1,2,0,1,20,0.2198,0.6593,0.1209,0.0,4.8326,3.5725,0,0,1,0,0,0,2,0,0,0,1,https://billing-portal.cc/index.php?token=1df1b50a8ff8057ad33a1a89e17708b9&target=instagram
24,15,1,0,3,2,0,0,3,0,0,0,0,0,0,0,0.0,0.75,0.25,0.0,3.6887,3.0566,0,1,1,0,0,0,0,0,0,0,0,https://docs.amazon.com/
56,18,30,0,3,2,2,0,4,0,0,0,0,0,0,0,0.0,0.8393,0.1607,0.0,4.0893,3.4613,0,1,1,0,0,0,1,0,0,0,0,https://support.medium.com/projects/open-source-software
38,14,6,9,3,1,1,0,3,0,0,1,1,0,0,1,0.0263,0.7632,0.2105,0.0,4.1685,3.0391,0,0,1,0,1,0,3,0,0,0,1,https://dh1-signin.gdn/login?auth=true
53,17,28,0,3,2,0,0,5,0,0,0,0,0,0,0,0.0,0.8491,0.1509,0.0,3.8606,3.4992,0,1,1,0,0,1,0,0,0,0,0,https://api.pinterest.com/products/enterprise/pricing
78,18,29,23,3,3,1,1,5,0,0,1,2,0,1,5,0.0641,0.7436,0.1923,0.0,4.5286,3.7255,0,1,0,0,0,1,0,0,0,0,0,http://blog.pinterest.com/docs/v2/getting-started.html?session_id=7166&lang=en
44,29,8,0,2,3,1,0,3,0,0,0,0,0,0,1,0.0227,0.7955,0.1818,0.0,3.9563,3.5689,0,2,0,0,1,0,1,0,0,0,1,http://binance.com.invoice-ccea5a.gq/invoice
17,9,0,0,3,1,0,0,2,0,0,0,0,0,0,0,0.0,0.7647,0.2353,0.0,3.7345,2.9477,0,0,1,0,0,0,0,0,0,0,0,https://quora.com
51,27,6,9,3,1,2,0,3,0,0,1,1,0,0,0,0.0,0.8235,0.1765,0.0,4.3827,4.0323,0,0,1,0,1,0,4,0,0,0,1,https://instagram-secure-update.xyz/login?auth=true
56,31,17,0,7,1,2,0,4,0,0,0,0,0,0,0,0.0,0.8571,0.1429,0.0,4.1799,3.8574,0,0,1,0,1,0,2,0,0,0,1,https://amazon-suspended-center.country/suspended/verify
89,17,10,54,3,2,1,0,3,0,0,1,2,0,1,26,0.2921,0.5843,0.1236,0.0,4.8183,3.4992,0,0,0,0,1,0,2,0,0,0,1,http://signin-portal.top/index.php?token=3d78817886930990e88b4d441384af42&target=facebook
43,28,8,0,2,3,1,0,3,0,0,0,0,0,0,5,0.1163,0.6977,0.186,0.0,4.1734,3.8249,0,2,0,0,1,0,1,0,0,0,1,http://google.com.invoice-2b3020.cf/invoice
49,13,28,0,3,2,0,0,5,0,0,0,0,0,0,0,0.0,0.8367,0.1633,0.0,4.0408,3.027,0,1,1,0,0,0,0,0,0,0,0,https://www.chase.com/products/enterprise/pricing
66,16,7,34,3,2,0,0,3,0,0,1,2,0,1,1,0.0152,0.803,0.1818,0.0,4.4703,3.625,0,1,1,0,0,0,0,0,0,0,0,https://api.stanford.edu/search?q=machine+learning+tutorial&page=2
50,13,29,0,3,3,1,0,5,0,0,0,0,0,0,1,0.02,0.78,0.2,0.0,4.2231,3.027,0,1,1,0,0,0,0,0,0,0,0,https://www.apple.com/docs/v2/getting-started.html
24,9,8,0,2,1,0,0,3,0,0,0,0,0,0,2,0.0833,0.7083,0.2083,0.0833,3.8035,2.7255,0,0,0,0,0,1,0,0,0,0,1,http://shorte.st/3ZXek2y
61,14,40,0,3,6,1,0,5,0,0,0,0,0,0,3,0.0492,0.7377,0.2131,0.0,4.4063,3.3788,0,1,0,0,0,0,0,0,0,0,0,http://api.gitlab.com/downloads/releases/version-4.1.2.tar.gz
46,23,6,9,4,1,1,0,3,0,0,1,1,0,0,2,0.0435,0.7826,0.1739,0.0,4.5121,4.0888,0,0,0,0,1,0,3,0,0,0,1,http://micr0s0ft-validate.buzz/login?auth=true
87,17,10,51,2,2,1,0,3,0,0,1,2,0,1,24,0.2759,0.5977,0.1264,0.0,4.8881,3.3372,0,0,1,0,0,0,2,0,0,0,1,https://support-portal.cc/index.php?token=6d7a51fb928737fa54999855b297053f&target=chase
49,25,6,9,6,1,1,0,3,0,0,1,1,0,0,4,0.0816,0.7551,0.1633,0.0,4.4611,3.9737,0,0,1,0,1,0,4,0,0,0,1,https://w311sfarg0-payment.stream/login?auth=true
24,9,8,0,2,1,0,0,3,0,0,0,0,0,0,3,0.125,0.6667,0.2083,0.0417,3.7202,2.7255,0,0,0,0,0,1,0,0,0,0,1,http://shorte.st/ff9k33F
61,14,39,0,3,2,2,0,6,0,0,0,0,0,0,6,0.0984,0.7213,0.1803,0.0,4.531,3.182,0,1,1,0,0,0,0,0,0,0,0,https://www.kaggle.com/blog/2024/05/machine-learning-advances
76,33,22,13,8,1,2,0,5,0,0,1,1,0,0,5,0.0658,0.7895,0.1447,0.0,4.5322,4.1124,0,0,0,0,1,0,3,0,0,0,1,http://customer-service-netflix.download/webscr/invoice/submit?session=77889
96,18,10,59,3,2,1,0,3,0,0,1,2,0,1,21,0.2188,0.6667,0.1146,0.0,4.8748,3.5724,0,0,1,0,1,0,2,0,0,0,1,https://invoice-portal.top/index.php?token=38467abe3c4f944cc9b27dd722103e78&target=bankofamerica
46,19,6,13,3,2,0,0,3,0,0,1,1,0,0,2,0.0435,0.7826,0.1739,0.087,4.5968,3.6163,0,1,0,0,0,0,1,0,0,0,0,http://support.nytimes.com/watch?v=dQw4w9WgXcQ
52,30,15,0,6,1,2,0,4,0,0,0,0,0,0,0,0.0,0.8462,0.1538,0.0,4.1025,3.7647,0,0,0,0,1,0,2,0,0,0,1,http://coinbase-support-center.stream/support/verify
23,14,1,0,2,2,0,0,3,0,0,0,0,0,0,0,0.0,0.7391,0.2609,0.0,3.4642,3.182,0,1,1,0,0,0,0,0,0,0,0,https://docs.twitch.tv/
49,36,5,0,6,3,1,0,3,0,0,0,0,0,0,3,0.0612,0.7755,0.1633,0.0,4.3232,4.0623,0,2,1,0,1,0,1,0,0,0,1,https://bankofamerica.com.auth-9bb8f4.webcam/auth
46,16,22,0,2,4,0,0,4,0,0,0,0,0,0,12,0.2609,0.5217,0.2174,0.0,4.336,3.0272,1,0,1,0,0,0,1,0,1,0,1,https://78.6.239.15:8000/metamask/support.html
67,9,26,24,2,2,1,1,5,0,0,1,2,0,1,5,0.0746,0.7164,0.209,0.0,4.6825,2.5033,0,1,0,0,0,0,1,0,0,0,0,http://bbc.co.uk/help/faq/account-settings?session_id=59287&lang=en
50,33,10,0,3,3,1,0,3,0,0,0,0,0,0,3,0.06,0.78,0.16,0.0,4.146,3.9455,0,2,0,0,1,0,1,0,0,0,1,http://metamask.com.ebayisapi-8e0ff1.kim/ebayisapi
28,12,8,0,3,2,0,0,3,0,0,0,0,0,0,0,0.0,0.7857,0.2143,0.0,3.8249,3.085,0,1,1,0,0,0,0,0,0,0,0,https://blog.nih.gov/contact
59,9,7,34,3,2,0,0,3,0,0,1,2,0,1,1,0.0169,0.7797,0.2034,0.0,4.4487,2.7255,0,1,1,0,0,0,0,0,0,0,0,https://m.mit.edu/search?q=machine+learning+tutorial&page=2
42,19,6,9,2,1,1,0,3,0,0,1,1,0,0,3,0.0714,0.7381,0.1905,0.0,4.3477,3.6421,0,0,0,0,1,0,3,0,0,0,1,http://fac3b00k-account.ga/login?auth=true
79,18,28,24,3,2,0,1,5,0,0,1,2,0,1,5,0.0633,0.7722,0.1646,0.0,4.516,3.6144,0,1,1,0,0,0,0,0,0,0,0,https://api.cloudflare.com/products/enterprise/pricing?session_id=88720&lang=en
82,17,32,24,3,2,1,1,5,0,0,1,2,0,1,5,0.061,0.7683,0.1707,0.0,4.5144,3.6169,0,1,1,0,0,0,2,0,0,0,0,https://support.intel.com/news/technology/science-updates?session_id=90224&lang=en
22,13,1,0,3,2,0,0,3,0,0,0,0,0,0,0,0.0,0.7273,0.2727,0.0,3.6978,3.0851,0,1,1,0,0,0,0,0,0,0,0,https://api.arxiv.org/
54,20,26,0,3,2,1,0,5,0,0,0,0,0,0,0,0.0,0.8333,0.1667,0.0,4.2708,3.8219,0,1,1,0,0,0,2,0,0,0,0,https://support.linkedin.com/help/faq/account-settings
51,27,16,0,7,1,2,0,4,0,0,0,0,0,0,0,0.0,0.8431,0.1569,0.0,4.256,3.9862,0,0,1,0,1,0,2,0,0,0,1,https://dhl-password-center.country/password/verify
50,27,16,0,5,1,2,0,4,0,0,0,0,0,0,0,0.0,0.84,0.16,0.0,3.93,3.5562,0,0,0,0,1,0,2,0,0,0,1,http://chase-validate-center.trade/validate/verify
46,19,6,13,3,2,0,0,3,0,0,1,1,0,0,2,0.0435,0.7826,0.1739,0.087,4.5205,3.4316,0,1,0,0,0,0,1,0,0,0,0,http://support.youtube.com/watch?v=dQw4w9WgXcQ
47,13,26,0,3,2,1,0,5,0,0,0,0,0,0,0,0.0,0.8085,0.1915,0.0,4.1613,3.0851,0,1,1,0,0,0,1,0,0,0,0,https://blog.nasa.gov/help/faq/account-settings
43,15,6,13,3,2,0,0,3,0,0,1,1,0,0,2,0.0465,0.7674,0.186,0.093,4.5074,3.5069,0,1,1,0,0,0,0,0,0,0,0,https://docs.nature.com/watch?v=dQw4w9WgXcQ
63,13,7,34,3,2,0,0,3,0,0,1,2,0,1,1,0.0159,0.7937,0.1905,0.0,4.4704,3.0851,0,1,1,0,0,0,0,0,0,0,0,https://blog.nasa.gov/search?q=machine+learning+tutorial&page=2
45,25,13,0,5,1,2,0,4,0,0,0,0,0,0,0,0.0,0.8222,0.1778,0.0,3.9732,3.5933,0,0,0,0,1,0,2,0,0,0,1,http://amazon-alert-center.party/alert/verify
67,17,7,34,3,2,0,0,3,0,0,1,2,0,1,1,0.0149,0.806,0.1791,0.0,4.4994,3.3816,0,1,1,0,0,0,0,0,0,0,0,https://docs.linkedin.com/search?q=machine+learning+tutorial&page=2
83,11,39,24,2,2,2,1,6,0,0,1,2,0,1,11,0.1325,0.6747,0.1928,0.0,4.7978,2.6635,0,1,1,0,0,0,0,0,0,0,0,https://www.zoom.us/blog/2024/05/machine-learning-advances?session_id=71701&lang=en
67,17,7,34,3,2,0,0,3,0,0,1,2,0,1,1,0.0149,0.806,0.1791,0.0,4.4667,3.4548,0,1,1,0,0,0,1,0,0,0,0,https://support.arxiv.org/search?q=machine+learning+tutorial&page=2
66,26,19,13,2,1,2,0,5,0,0,1,1,0,0,5,0.0758,0.7576,0.1667,0.0,4.4663,3.7193,0,0,0,0,1,0,3,0,0,0,1,http://customer-service-google.ga/webscr/auth/submit?session=89448
23,15,0,0,3,2,0,0,2,0,0,0,0,0,0,0,0.0,0.7826,0.2174,0.0,3.7081,3.0566,0,1,1,0,0,0,0,0,0,0,0,https://docs.amazon.com
60,12,15,24,2,2,1,1,3,0,0,1,2,0,1,5,0.0833,0.7167,0.2,0.0,4.7696,3.0221,0,1,1,0,0,0,0,0,0,0,0,https://blog.zoom.us/privacy-policy?session_id=31149&lang=en
45,17,6,13,3,2,0,0,3,0,0,1,1,0,0,2,0.0444,0.7778,0.1778,0.0889,4.4302,3.4992,0,1,1,0,0,0,1,0,0,0,0,https://support.chase.com/watch?v=dQw4w9WgXcQ
50,16,14,11,3,2,0,0,5,0,0,1,1,0,0,1,0.02,0.78,0.2,0.0,4.3591,3.3278,0,1,1,0,0,0,0,0,0,0,0,https://blog.youtube.com/api/v1/status?format=json
90,18,10,54,3,2,1,0,3,0,0,1,2,0,1,18,0.2,0.6778,0.1222,0.0,4.8092,3.4194,0,0,0,0,0,0,2,0,0,0,1,http://recover-portal.com/index.php?token=ec94f7bd1da43cdf8fb22383783c21a8&target=metamask
60,13,39,0,3,2,2,0,6,0,0,0,0,0,0,6,0.1,0.7167,0.1833,0.0,4.4237,3.3927,0,1,1,0,0,0,0,0,0,0,0,https://api.intel.com/blog/2024/05/machine-learning-advances
55,15,32,0,3,2,1,0,5,0,0,0,0,0,0,0,0.0,0.8364,0.1636,0.0,4.2706,3.3232,0,1,1,0,0,0,1,0,0,0,0,https://blog.docker.com/news/technology/science-updates
75,31,23,13,5,1,2,0,5,0,0,1,1,0,0,5,0.0667,0.7867,0.1467,0.0,4.4052,3.8213,0,0,0,0,1,0,3,0,0,0,1,http://customer-service-facebook.space/webscr/security/submit?session=66099
70,20,7,34,3,2,0,0,3,0,0,1,2,0,1,1,0.0143,0.8143,0.1714,0.0,4.4451,3.8219,0,1,1,0,0,0,0,0,0,0,0,https://docs.theguardian.com/search?q=machine+learning+tutorial&page=2
40,13,20,0,2,4,0,0,4,0,0,0,0,0,0,10,0.25,0.525,0.225,0.0,4.4842,2.9689,1,0,0,0,0,0,1,0,0,0,1,http://120.227.98.46/binance/verify.html
89,16,10,54,2,2,1,0,3,0,0,1,2,0,1,24,0.2697,0.6067,0.1236,0.0,4.9051,3.5,0,0,1,0,0,0,2,0,0,0,1,https://update-portal.cc/index.php?token=e9410328005b2751f22bc1e554689ab0&target=metamask
20,5,8,0,2,1,0,0,3,0,0,0,0,0,0,1,0.05,0.7,0.25,0.2,3.9842,2.3219,0,0,0,0,0,1,0,0,0,0,1,http://is.gd/COF4lvU
26,18,0,0,3,2,0,0,2,0,0,0,0,0,0,0,0.0,0.8077,0.1923,0.0,3.6133,3.128,0,1,1,0,0,1,0,0,0,0,0,https://docs.microsoft.com
32,16,8,0,3,2,0,0,3,0,0,0,0,0,0,0,0.0,0.8125,0.1875,0.0,3.9056,3.4528,0,1,1,0,0,0,0,0,0,0,0,https://api.linkedin.com/contact
83,18,32,24,3,2,1,1,5,0,0,1,2,0,1,5,0.0602,0.7711,0.1687,0.0,4.5123,3.7255,0,1,1,0,0,0,2,0,0,0,0,https://support.kaggle.com/news/technology/science-updates?session_id=56666&lang=en
51,12,32,0,3,2,1,0,5,0,0,0,0,0,0,0,0.0,0.8235,0.1765,0.0,4.1756,2.8554,0,1,0,0,0,0,1,0,0,0,0,http://m.ubuntu.com/news/technology/science-updates
56,34,15,0,5,1,2,0,4,0,0,0,0,0,0,0,0.0,0.8571,0.1429,0.0,4.0571,3.7856,0,0,0,0,1,0,2,0,0,0,1,http://bankofamerica-service-center.space/service/verify
49,27,15,0,3,1,2,0,4,0,0,0,0,0,0,0,0.0,0.8367,0.1633,0.0,4.1887,3.8842,0,0,0,0,1,0,2,0,0,0,1,http://metamask-support-center.win/support/verify
47,35,5,0,5,3,1,0,3,0,0,0,0,0,0,3,0.0638,0.766,0.1702,0.0,4.2507,4.1043,0,2,0,0,1,0,1,0,0,0,1,http://bankofamerica.com.auth-332ebf.space/auth
43,19,6,9,2,1,1,0,3,0,0,1,1,0,0,2,0.0465,0.7674,0.186,0.0,4.3442,3.9321,0,0,1,0,1,0,3,0,0,0,1,https://c0inbas3-support.tk/login?auth=true
42,27,8,0,3,3,1,0,3,0,0,0,0,0,0,2,0.0476,0.7619,0.1905,0.0,4.0464,3.9303,0,2,0,0,1,0,1,0,0,0,1,http://usps.com.support-aed48d.kim/support
23,14,1,0,3,2,0,0,3,0,0,0,0,0,0,0,0.0,0.7391,0.2609,0.0,3.7951,3.2359,0,1,1,0,0,0,0,0,0,0,0,https://api.oracle.com/
49,18,24,0,3,4,0,0,4,0,0,0,0,0,0,14,0.2857,0.5102,0.2041,0.0,4.3948,2.8151,1,0,0,0,0,0,1,0,1,0,1,http://122.45.30.181:8080/wellsfargo/support.html
54,14,32,0,3,2,1,0,5,0,0,0,0,0,0,0,0.0,0.8333,0.1667,0.0,4.2198,3.3788,0,1,1,0,0,0,1,0,0,0,0,https://api.kaggle.com/news/technology/science-updates
43,29,7,0,3,3,1,0,3,0,0,0,0,0,0,2,0.0465,0.7674,0.186,0.0,4.0125,3.6504,0,2,0,0,1,0,1,0,0,0,1,http://binance.com.signin-e2b6eb.icu/signin
53,22,23,0,3,2,0,0,5,0,0,0,0,0,0,3,0.0566,0.7925,0.1509,0.0,4.2121,3.6978,0,1,1,0,0,0,0,0,0,0,0,https://docs.stackoverflow.com/courses/cs101/syllabus
41,13,21,0,3,4,0,0,4,0,0,0,0,0,0,10,0.2439,0.5366,0.2195,0.0,4.266,2.7193,1,0,0,0,0,0,1,0,0,0,1,http://93.45.161.181/facebook/wallet.html
25,17,0,0,3,2,0,0,2,0,0,0,0,0,0,0,0.0,0.8,0.2,0.0,3.6693,3.3816,0,1,1,0,0,0,1,0,0,0,0,https://support.apple.com
88,17,10,52,2,2,1,0,3,0,0,1,2,0,1,25,0.2841,0.5909,0.125,0.0,4.8839,3.2639,0,0,1,0,0,0,2,0,0,0,1,https://account-portal.cc/index.php?token=e513598546f0a92b044cd54c70117081&target=google
47,32,7,0,5,3,1,0,3,0,0,0,0,0,0,5,0.1064,0.7234,0.1702,0.0,4.2989,4.1556,0,2,1,0,1,0,1,0,0,0,1,https://coinbase.com.update-6f0388.space/update
46,18,6,13,3,2,0,0,3,0,0,1,1,0,0,2,0.0435,0.7826,0.1739,0.087,4.3959,3.128,0,1,1,0,0,1,0,0,0,0,0,https://docs.microsoft.com/watch?v=dQw4w9WgXcQ
45,11,26,0,3,1,1,0,5,0,0,0,0,0,0,0,0.0,0.8222,0.1778,0.0,4.1278,3.2776,0,0,1,0,0,0,1,0,0,0,0,https://spotify.com/help/faq/account-settings
57,10,39,0,3,2,2,0,6,0,0,0,0,0,0,6,0.1053,0.7018,0.193,0.0,4.4137,2.9219,0,1,1,0,0,0,0,0,0,0,0,https://m.nasa.gov/blog/2024/05/machine-learning-advances
55,19,28,0,3,2,0,0,5,0,0,0,0,0,0,0,0.0,0.8545,0.1455,0.0,4.1907,3.5369,0,1,1,0,0,0,0,0,0,0,0,https://blog.cloudflare.com/products/enterprise/pricing
51,29,15,0,3,1,2,0,4,0,0,0,0,0,0,0,0.0,0.8431,0.1569,0.0,4.1159,3.8313,0,0,0,0,1,0,2,0,0,0,1,http://wellsfargo-support-center.top/support/verify
37,14,6,9,2,1,1,0,3,0,0,1,1,0,0,1,0.027,0.7568,0.2162,0.0,4.2195,3.6645,0,0,0,0,1,0,3,0,0,0,1,http://dh1-support.ml/login?auth=true
53,13,32,0,3,1,1,0,5,0,0,0,0,0,0,0,0.0,0.8491,0.1509,0.0,4.173,3.027,0,0,1,0,0,1,1,0,0,0,0,https://microsoft.com/news/technology/science-updates
60,13,39,0,3,1,2,0,6,0,0,0,0,0,0,6,0.1,0.7333,0.1667,0.0,4.5155,3.3347,0,0,1,0,0,0,0,0,0,0,0,https://wikipedia.org/blog/2024/05/machine-learning-advances
71,15,23,24,3,2,0,1,5,0,0,1,2,0,1,8,0.1127,0.7042,0.1831,0.0,4.6954,3.1899,0,1,1,0,0,0,0,0,0,0,0,https://blog.amazon.com/courses/cs101/syllabus?session_id=79386&lang=en
49,28,14,0,4,1,2,0,4,0,0,0,0,0,0,0,0.0,0.8367,0.1633,0.0,4.0234,3.669,0,0,0,0,1,0,2,0,0,0,1,http://microsoft-secure-center.date/secure/verify
21,12,1,0,3,2,0,0,3,0,0,0,0,0,0,0,0.0,0.7143,0.2857,0.0,3.6897,3.085,0,1,1,0,0,0,0,0,0,0,0,https://blog.nih.gov/
68,25,22,13,2,1,2,0,5,0,0,1,1,0,0,5,0.0735,0.7647,0.1618,0.0,4.4402,3.7035,0,0,0,0,1,0,3,0,0,0,1,http://customer-service-chase.ga/webscr/account/submit?session=36041
24,15,1,0,3,2,0,0,3,0,0,0,0,0,0,0,0.0,0.75,0.25,0.0,3.7721,3.2402,0,1,1,0,0,0,1,0,0,0,0,https://blog.paypal.com/
28,14,6,0,3,2,0,0,3,0,0,0,0,0,0,0,0.0,0.7857,0.2143,0.0,3.9677,3.182,0,1,1,0,0,1,0,0,0,0,0,https://www.reddit.com/about
40,12,6,13,3,2,0,0,3,0,0,1,1,0,0,2,0.05,0.75,0.2,0.1,4.4776,3.085,0,1,1,0,0,0,0,0,0,0,0,https://m.kaggle.com/watch?v=dQw4w9WgXcQ
91,18,10,54,3,2,1,0,3,0,0,1,2,0,1,17,0.1868,0.6923,0.1209,0.0,4.8181,3.6144,0,0,1,0,1,0,2,0,0,0,1,https://service-portal.top/index.php?token=4fae60d6d3c40b0c2b112c182bfbb44d&target=metamask
39,14,17,0,3,2,2,0,3,0,0,0,0,0,0,0,0.0,0.7949,0.2051,0.0,4.1243,3.0391,0,1,1,0,0,0,1,0,0,0,0,https://api.amazon.com/terms-of-service
44,28,8,0,2,3,1,0,3,0,0,0,0,0,0,3,0.0682,0.75,0.1818,0.0,4.2179,3.7979,0,2,1,0,1,0,1,0,0,0,1,https://google.com.invoice-66aed2.gq/invoice
41,17,6,9,3,1,1,0,3,0,0,1,1,0,0,2,0.0488,0.7561,0.1951,0.0,4.589,3.8522,0,0,1,0,0,0,3,0,0,0,1,https://f3d3x-banking.com/login?auth=true
35,19,8,0,3,2,0,0,3,0,0,0,0,0,0,0,0.0,0.8286,0.1714,0.0,3.9189,3.2211,0,1,1,0,0,0,0,0,0,0,0,https://blog.duckduckgo.com/contact
81,18,30,24,3,2,2,1,4,0,0,1,2,0,1,5,0.0617,0.7654,0.1728,0.0,4.5831,3.5033,0,1,1,0,0,1,1,0,0,0,0,https://support.reddit.com/projects/open-source-software?session_id=35079&lang=en
43,12,23,0,2,4,0,0,4,0,0,0,0,0,0,9,0.2093,0.5814,0.2093,0.0,4.1734,2.4591,1,0,1,0,0,0,2,0,0,0,1,https://94.191.57.79/instagram/payment.html
91,14,10,59,2,2,1,0,3,0,0,1,2,0,1,24,0.2637,0.6154,0.1209,0.0,4.9152,3.3788,0,0,0,0,0,0,2,0,0,0,1,http://auth-portal.cc/index.php?token=e830765813f6359a5cf12d73297b93c4&target=bankofamerica
90,17,40,24,3,6,1,1,5,0,0,1,2,0,1,8,0.0889,0.7111,0.2,0.0,4.6569,3.3372,0,1,1,0,0,1,0,0,0,0,0,https://api.microsoft.com/downloads/releases/version-4.1.2.tar.gz?session_id=86199&lang=en
47,25,14,0,2,1,2,0,4,0,0,0,0,0,0,0,0.0,0.8298,0.1702,0.0,4.2625,3.9435,0,0,1,0,1,0,2,0,0,0,1,https://facebook-signin-center.ml/signin/verify
89,16,10,55,2,2,1,0,3,0,0,1,2,0,1,18,0.2022,0.6742,0.1236,0.0,4.8155,3.5,0,0,0,0,0,0,2,0,0,0,1,http://update-portal.cc/index.php?token=24b07bb270a6c527290ed00b38facfec&target=instagram
85,16,10,51,2,2,1,0,3,0,0,1,2,0,1,18,0.2118,0.6588,0.1294,0.0,4.5815,3.5,0,0,0,0,0,0,2,0,0,0,1,http://update-portal.cc/index.php?token=1a2527dc8d79eec1ee1a92132957adcf&target=fedex
51,12,6,24,3,2,0,1,3,0,0,1,2,0,1,5,0.098,0.6863,0.2157,0.0,4.5717,3.2516,0,1,1,0,0,0,0,0,0,0,0,https://docs.mit.edu/about?session_id=96702&lang=en
45,22,6,9,4,1,1,0,3,0,0,1,1,0,0,4,0.0889,0.7333,0.1778,0.0,4.4112,4.0049,0,0,0,0,0,0,3,0,0,0,1,http://w311sfarg0-portal.info/login?auth=true
46,18,6,13,3,2,0,0,3,0,0,1,1,0,0,2,0.0435,0.7826,0.1739,0.087,4.5342,3.3921,0,1,1,0,0,1,0,0,0,0,0,https://blog.microsoft.com/watch?v=dQw4w9WgXcQ
24,9,8,0,2,1,0,0,3,0,0,0,0,0,0,1,0.0417,0.75,0.2083,0.125,3.8868,2.7255,0,0,0,0,0,1,0,0,0,0,1,http://shorte.st/MY0liFd
55,11,13,22,3,2,0,0,4,0,0,1,2,0,1,6,0.1091,0.6909,0.2,0.0,4.6701,2.914,0,1,1,0,0,0,0,0,0,0,0,https://m.apple.com/profile/user?id=104928&tab=activity
80,36,23,13,5,1,2,0,5,0,0,1,1,0,0,5,0.0625,0.8,0.1375,0.0,4.5162,3.9959,0,0,0,0,1,0,3,0,0,0,1,http://customer-service-bankofamerica.faith/webscr/validate/submit?session=96266
48,14,26,0,3,2,1,0,5,0,0,0,0,0,0,0,0.0,0.8125,0.1875,0.0,4.2726,2.9852,0,1,1,0,0,0,1,0,0,0,0,https://www.medium.com/help/faq/account-settings
69,27,21,13,4,1,2,0,5,0,0,1,1,0,0,5,0.0725,0.7681,0.1594,0.0,4.4089,3.5282,0,0,0,0,1,0,3,0,0,0,1,http://customer-service-chase.rest/webscr/unlock/submit?session=85873
75,14,28,24,3,2,0,1,5,0,0,1,2,0,1,5,0.0667,0.76,0.1733,0.0,4.4706,3.5216,0,1,1,0,0,0,0,0,0,0,0,https://m.stanford.edu/products/enterprise/pricing?session_id=23037&lang=en
50,28,15,0,3,1,2,0,4,0,0,0,0,0,0,0,0.0,0.84,0.16,0.0,4.0562,3.6726,0,0,0,0,1,0,2,0,0,0,1,http://instagram-invoice-center.cam/invoice/verify
43,19,6,9,3,1,1,0,3,0,0,1,1,0,0,2,0.0465,0.7674,0.186,0.0,4.3907,3.9321,0,0,1,0,1,0,3,0,0,0,1,https://c0inbas3-update.fit/login?auth=true
58,14,13,22,3,2,0,0,4,0,0,1,2,0,1,6,0.1034,0.7069,0.1897,0.0,4.7138,3.0391,0,1,1,0,0,0,1,0,0,0,0,https://www.paypal.com/profile/user?id=104928&tab=activity
72,30,21,13,8,1,2,0,5,0,0,1,1,0,0,5,0.0694,0.7778,0.1528,0.0,4.5034,3.9899,0,0,0,0,1,0,3,0,0,0,1,http://customer-service-usps.download/webscr/portal/submit?session=50063
71,10,28,24,3,1,0,1,5,0,0,1,2,0,1,5,0.0704,0.7606,0.169,0.0,4.4968,3.1219,0,0,1,0,0,0,0,0,0,0,0,https://kaggle.com/products/enterprise/pricing?session_id=13387&lang=en
65,17,40,0,3,6,1,0,5,0,0,0,0,0,0,3,0.0462,0.7538,0.2,0.0,4.3494,3.4992,0,1,1,0,0,0,1,0,0,0,0,https://support.chase.com/downloads/releases/version-4.1.2.tar.gz
74,31,22,13,4,1,2,0,5,0,0,1,1,0,0,5,0.0676,0.7838,0.1486,0.0,4.5425,3.9779,0,0,0,0,1,0,3,0,0,0,1,http://customer-service-instagram.buzz/webscr/billing/submit?session=24779
51,15,28,0,3,2,0,0,5,0,0,0,0,0,0,0,0.0,0.8431,0.1569,0.0,3.9872,3.5069,0,1,1,0,0,0,0,0,0,0,0,https://api.nytimes.com/products/enterprise/pricing
47,32,7,0,3,3,1,0,3,0,0,0,0,0,0,4,0.0851,0.7447,0.1702,0.0,4.5116,4.2417,0,2,1,0,1,0,1,0,0,0,1,https://wellsfargo.com.unlock-2a835e.gdn/unlock
40,26,7,0,2,3,1,0,3,0,0,0,0,0,0,2,0.05,0.75,0.2,0.0,4.2087,3.921,0,2,0,0,1,0,1,0,0,0,1,http://apple.com.webscr-f02bdf.cf/webscr
51,27,6,9,10,1,1,0,3,0,0,1,1,0,0,1,0.0196,0.8235,0.1569,0.0,4.2892,3.736,0,0,1,0,1,0,4,0,0,0,1,https://m3tamask-recover.accountant/login?auth=true
22,7,8,0,2,1,0,0,3,0,0,0,0,0,0,0,0.0,0.7727,0.2273,0.0909,3.8454,2.5216,0,0,0,0,0,1,0,0,0,0,1,http://tiny.cc/EuoxNpk
20,5,8,0,2,1,0,0,3,0,0,0,0,0,0,0,0.0,0.75,0.25,0.15,3.7464,2.3219,0,0,0,0,0,1,0,0,0,0,1,http://ow.ly/HzrXrrI
36,13,6,9,2,1,1,0,3,0,0,1,1,0,0,4,0.1111,0.6667,0.2222,0.0,4.3156,3.1808,0,0,0,0,1,0,3,0,0,0,1,http://g00g13-pay.gq/login?auth=true
51,28,16,0,4,1,2,0,4,0,0,0,0,0,0,0,0.0,0.8431,0.1569,0.0,4.2264,3.9677,0,0,0,0,1,0,2,0,0,0,1,http://dropbox-security-center.work/security/verify
53,25,6,13,3,2,0,0,3,0,0,1,1,0,0,2,0.0377,0.8113,0.1509,0.0755,4.5605,3.8439,0,1,1,0,0,0,1,0,0,0,0,https://support.stackoverflow.com/watch?v=dQw4w9WgXcQ
54,10,13,22,3,1,0,0,4,0,0,1,2,0,1,6,0.1111,0.7037,0.1852,0.0,4.651,2.9219,0,0,1,0,0,0,1,0,0,0,0,https://paypal.com/profile/user?id=104928&tab=activity
59,9,7,34,3,2,0,0,3,0,0,1,2,0,1,1,0.0169,0.7797,0.2034,0.0,4.4082,2.281,0,1,1,0,0,0,0,0,0,0,0,https://m.cnn.com/search?q=machine+learning+tutorial&page=2
38,11,6,13,2,2,0,0,3,0,0,1,1,0,0,2,0.0526,0.7368,0.2105,0.1053,4.3264,2.6635,0,1,0,0,0,0,0,0,0,0,0,http://www.zoom.us/watch?v=dQw4w9WgXcQ
81,31,29,13,4,1,2,0,5,0,0,1,1,0,0,5,0.0617,0.8025,0.1358,0.0,4.3285,3.5263,0,0,0,0,1,0,4,0,0,0,1,http://customer-service-microsoft.rest/webscr/authentication/submit?session=48187
21,6,8,0,2,1,0,0,3,0,0,0,0,0,0,1,0.0476,0.7143,0.2381,0.1905,3.6538,2.585,0,0,0,0,0,1,0,0,0,0,1,http://bit.ly/yHPZPl3
45,23,14,0,3,1,2,0,4,0,0,0,0,0,0,0,0.0,0.8222,0.1778,0.0,3.964,3.5512,0,0,1,0,1,0,2,0,0,0,1,https://chase-secure-center.kim/secure/verify
26,11,8,0,3,1,0,0,3,0,0,0,0,0,0,0,0.0,0.8077,0.1923,0.0,3.5019,3.0272,0,0,0,0,0,0,0,0,0,0,0,http://twitter.com/contact
40,15,18,0,3,4,0,0,4,0,0,0,0,0,0,12,0.3,0.475,0.225,0.0,4.0939,2.4989,1,0,0,0,0,0,1,0,0,0,1,http://129.203.225.233/dropbox/auth.html
21,6,8,0,2,1,0,0,3,0,0,0,0,0,0,0,0.0,0.7619,0.2381,0.1905,3.9754,2.585,0,0,0,0,0,1,0,0,0,0,1,http://adf.ly/CliFLzD
41,14,20,0,3,4,0,0,4,0,0,0,0,0,0,11,0.2683,0.5122,0.2195,0.0,4.3451,2.6995,1,0,0,0,0,0,1,0,0,0,1,http://160.50.252.117/dropbox/signin.html
21,6,8,0,2,1,0,0,3,0,0,0,0,0,0,2,0.0952,0.6667,0.2381,0.0476,3.6897,2.585,0,0,0,0,0,1,0,0,0,0,1,http://bit.ly/tk1bfE8
27,19,0,0,3,2,0,0,2,0,0,0,0,0,0,0,0.0,0.8148,0.1852,0.0,4.0323,3.6819,0,1,1,0,0,0,0,0,0,0,0,https://m.stackoverflow.com
40,13,20,0,3,4,0,0,4,0,0,0,0,0,0,10,0.25,0.525,0.225,0.0,4.3653,2.6032,1,0,0,0,0,0,1,0,0,0,1,http://56.62.246.210/dropbox/verify.html
60,14,38,0,3,3,0,2,5,0,0,0,0,0,0,1,0.0167,0.8,0.1833,0.0,4.2693,3.5216,0,1,1,0,0,0,0,0,0,0,0,https://api.tumblr.com/library/archive/research_paper_v3.pdf
41,27,7,0,3,3,1,0,3,0,0,0,0,0,0,4,0.0976,0.7073,0.1951,0.0,4.2531,4.0323,0,2,0,0,1,0,1,0,0,0,1,http://chase.com.verify-77a90a.fit/verify
49,8,8,24,3,1,0,1,3,0,0,1,2,0,1,5,0.102,0.6939,0.2041,0.0,4.3928,2.4056,0,0,1,0,0,0,0,0,0,0,0,https://ieee.org/contact?session_id=53510&lang=en
50,13,29,0,3,3,1,0,5,0,0,0,0,0,0,1,0.02,0.78,0.2,0.0,4.1411,2.8731,0,1,1,0,0,0,0,0,0,0,0,https://blog.ieee.org/docs/v2/getting-started.html
26,11,8,0,3,1,0,0,3,0,0,0,0,0,0,0,0.0,0.8077,0.1923,0.0769,4.027,3.4594,0,0,0,0,0,1,0,0,0,0,1,http://tinyurl.com/xhToTrf
63,17,38,0,3,3,0,2,5,0,0,0,0,0,0,1,0.0159,0.8095,0.1746,0.0,4.4257,3.4992,0,1,1,0,0,0,0,0,0,0,0,https://blog.linkedin.com/library/archive/research_paper_v3.pdf
46,10,28,0,3,1,0,0,5,0,0,0,0,0,0,0,0.0,0.8478,0.1522,0.0,3.9176,2.8464,0,0,1,0,0,0,0,0,0,0,0,https://medium.com/products/enterprise/pricing
49,26,15,0,2,1,2,0,4,0,0,0,0,0,0,0,0.0,0.8367,0.1633,0.0,3.9921,3.6095,0,0,1,0,1,0,2,0,0,0,1,https://coinbase-service-center.ga/service/verify
91,18,10,54,3,2,1,0,3,0,0,1,2,0,1,23,0.2527,0.6264,0.1209,0.0,4.8403,3.4613,0,0,1,0,1,0,2,0,0,0,1,https://billing-portal.top/index.php?token=3059ab65a65c42f7b762a6060004fe13&target=facebook
52,15,29,0,3,3,1,0,5,0,0,0,0,0,0,1,0.0192,0.7885,0.1923,0.0,4.1978,3.5069,0,1,1,0,0,0,0,0,0,0,0,https://docs.github.com/docs/v2/getting-started.html
63,16,39,0,3,2,2,0,6,0,0,0,0,0,0,6,0.0952,0.7302,0.1746,0.0,4.4846,3.3278,0,1,1,0,0,0,0,0,0,0,0,https://docs.harvard.edu/blog/2024/05/machine-learning-advances
43,7,28,0,3,1,0,0,5,0,0,0,0,0,0,0,0.0,0.8372,0.1628,0.0,3.8455,2.8074,0,0,1,0,0,0,0,0,0,0,0,https://mit.edu/products/enterprise/pricing
31,15,8,0,3,2,0,0,3,0,0,0,0,0,0,0,0.0,0.8065,0.1935,0.0,3.9779,3.1899,0,1,1,0,0,0,0,0,0,0,0,https://www.mozilla.org/contact
62,12,7,34,2,2,0,0,3,0,0,1,2,0,1,1,0.0161,0.7903,0.1935,0.0,4.5405,3.0221,0,1,1,0,0,0,0,0,0,0,0,https://blog.zoom.us/search?q=machine+learning+tutorial&page=2
54,17,29,0,3,2,0,1,4,0,0,0,0,0,0,0,0.0,0.8519,0.1481,0.0185,4.0996,3.4548,0,1,1,0,0,1,0,0,0,0,0,https://www.pinterest.com/wiki/Artificial_intelligence
37,9,6,13,3,2,0,0,3,0,0,1,1,0,0,2,0.0541,0.7297,0.2162,0.1081,4.4996,2.9477,0,1,1,0,0,0,0,0,0,0,0,https://m.edx.org/watch?v=dQw4w9WgXcQ
76,31,23,13,7,1,2,0,5,0,0,1,1,0,0,5,0.0658,0.7895,0.1447,0.0,4.3684,3.631,0,0,1,0,1,0,3,0,0,0,1,https://customer-service-google.science/webscr/security/submit?session=45620
76,33,22,13,7,1,2,0,5,0,0,1,1,0,0,5,0.0658,0.7895,0.1447,0.0,4.4382,3.7267,0,0,0,0,1,0,3,0,0,0,1,http://customer-service-coinbase.cricket/webscr/billing/submit?session=58979
42,14,6,13,3,2,0,0,3,0,0,1,1,0,0,2,0.0476,0.7619,0.1905,0.0952,4.368,3.3249,0,1,1,0,0,0,0,0,0,0,0,https://www.gitlab.com/watch?v=dQw4w9WgXcQ
52,14,30,0,3,2,2,0,4,0,0,0,0,0,0,0,0.0,0.8269,0.1731,0.0,4.2096,3.182,0,1,1,0,0,0,0,0,0,0,0,https://blog.adobe.com/projects/open-source-software
35,10,17,0,3,2,2,0,3,0,0,0,0,0,0,0,0.0,0.7714,0.2286,0.0,3.857,2.6464,0,1,1,0,0,0,1,0,0,0,0,https://m.ieee.org/terms-of-service
41,17,6,9,2,1,1,0,3,0,0,1,1,0,0,1,0.0244,0.7805,0.1951,0.0,4.3203,3.4992,0,0,1,0,1,0,4,0,0,0,1,https://paypa1-billing.gq/login?auth=true
42,19,15,0,3,2,1,0,3,0,0,0,0,0,0,0,0.0,0.8333,0.1667,0.0,4.1033,3.3661,0,1,1,0,0,0,1,0,0,0,0,https://support.dropbox.com/privacy-policy
50,13,29,0,3,3,1,0,5,0,0,0,0,0,0,1,0.02,0.78,0.2,0.0,4.1411,2.8731,0,1,1,0,0,0,0,0,0,0,0,https://blog.ieee.org/docs/v2/getting-started.html
36,13,15,0,3,2,1,0,3,0,0,0,0,0,0,0,0.0,0.8056,0.1944,0.0,4.107,3.027,0,1,1,0,0,0,0,0,0,0,0,https://www.chase.com/privacy-policy
18,9,1,0,2,2,0,0,3,0,0,0,0,0,0,0,0.0,0.6667,0.3333,0.0,3.3502,2.5033,0,1,1,0,0,0,0,0,0,0,0,https://m.zoom.us/
47,24,6,9,7,1,1,0,3,0,0,1,1,0,0,1,0.0213,0.8085,0.1702,0.0,4.3783,3.8868,0,0,0,0,1,0,3,0,0,0,1,http://m3tamask-recover.country/login?auth=true
42,18,17,0,2,4,0,0,4,0,0,0,0,0,0,14,0.3333,0.4286,0.2381,0.0,4.0144,2.6612,1,0,0,0,0,0,1,0,1,0,1,http://123.212.98.43:8888/dhl/support.html
65,15,7,34,3,2,0,0,3,0,0,1,2,0,1,1,0.0154,0.8,0.1846,0.0,4.576,3.3232,0,1,1,0,0,0,0,0,0,0,0,https://www.spotify.com/search?q=machine+learning+tutorial&page=2
37,21,8,0,3,2,0,0,3,0,0,0,0,0,0,0,0.0,0.8378,0.1622,0.0,4.0237,3.6538,0,1,1,0,0,0,1,0,0,0,0,https://support.wikipedia.org/contact
25,17,0,0,2,3,0,0,2,0,0,0,0,0,0,0,0.0,0.76,0.24,0.0,3.5933,3.2195,0,2,1,0,0,0,1,0,0,0,0,https://support.bbc.co.uk
46,12,14,11,3,1,0,0,5,0,0,1,1,0,0,1,0.0217,0.7826,0.1957,0.0,4.1435,3.4183,0,0,1,0,0,0,0,0,0,0,0,https://stanford.edu/api/v1/status?format=json
21,6,8,0,2,1,0,0,3,0,0,0,0,0,0,0,0.0,0.7619,0.2381,0.0952,3.6538,1.9183,0,0,0,0,0,1,0,0,0,0,1,http://goo.gl/gqAnqxW
90,19,10,53,3,2,1,0,3,0,0,1,2,0,1,22,0.2444,0.6333,0.1222,0.0,4.9203,3.8269,0,0,0,0,0,0,2,0,0,0,1,http://security-portal.com/index.php?token=f71aa2b33b9b2522634fd9e98956e664&target=binance
41,27,7,0,5,3,1,0,3,0,0,0,0,0,0,3,0.0732,0.7317,0.1951,0.0,4.369,4.2545,0,2,0,0,1,0,1,0,0,0,1,http://dhl.com.webscr-0f5a7a.party/webscr
45,12,14,11,3,2,0,0,5,0,0,1,1,0,0,1,0.0222,0.7556,0.2222,0.0,4.2443,3.2516,0,1,0,0,0,0,0,0,0,0,0,http://m.github.com/api/v1/status?format=json
47,23,6,9,5,1,1,0,3,0,0,1,1,0,0,4,0.0851,0.7447,0.1702,0.0,4.5807,4.0018,0,0,1,0,1,0,3,0,0,0,1,https://w311sfarg0-verify.space/login?auth=true
47,16,23,0,3,2,0,0,5,0,0,0,0,0,0,3,0.0638,0.766,0.1702,0.0,4.0623,3.3278,0,1,1,0,0,0,0,0,0,0,0,https://blog.youtube.com/courses/cs101/syllabus
66,16,7,34,3,2,0,0,3,0,0,1,2,0,1,1,0.0152,0.803,0.1818,0.0,4.5593,2.9528,0,1,1,0,0,0,0,0,0,0,0,https://m.duckduckgo.com/search?q=machine+learning+tutorial&page=2
76,35,20,13,7,1,2,0,5,0,0,1,1,0,0,5,0.0658,0.7895,0.1447,0.0,4.5609,4.036,0,0,0,0,1,0,3,0,0,0,1,http://customer-service-wellsfargo.country/webscr/login/submit?session=82554
46,25,14,0,3,1,2,0,4,0,0,0,0,0,0,0,0.0,0.8261,0.1739,0.0,4.0338,3.6235,0,0,0,0,1,0,2,0,0,0,1,http://binance-wallet-center.top/wallet/verify
21,6,8,0,2,1,0,0,3,0,0,0,0,0,0,1,0.0476,0.7143,0.2381,0.0952,3.9395,2.585,0,0,0,0,0,1,0,0,0,0,1,http://adf.ly/ecN6Ztr
22,7,8,0,2,1,0,0,3,0,0,0,0,0,0,3,0.1364,0.6364,0.2273,0.1818,3.9363,2.5216,0,0,0,0,0,1,0,0,0,0,1,http://tiny.cc/SCZ209H
46,23,6,9,5,1,1,0,3,0,0,1,1,0,0,2,0.0435,0.7826,0.1739,0.0,4.3524,3.7081,0,0,0,0,1,0,3,0,0,0,1,http://micr0s0ft-recover.trade/login?auth=true
84,12,39,24,3,2,2,1,6,0,0,1,2,0,1,11,0.131,0.6786,0.1905,0.0,4.6154,3.0221,0,1,1,0,0,0,0,0,0,0,0,https://api.nasa.gov/blog/2024/05/machine-learning-advances?session_id=27370&lang=en
27,18,1,0,3,2,0,0,3,0,0,0,0,0,0,0,0.0,0.7778,0.2222,0.0,3.606,3.128,0,1,1,0,0,1,0,0,0,0,0,https://docs.microsoft.com/
86,14,39,24,3,2,2,1,6,0,0,1,2,0,1,11,0.1279,0.686,0.186,0.0,4.7586,3.3249,0,1,1,0,0,0,0,0,0,0,0,https://www.nature.com/blog/2024/05/machine-learning-advances?session_id=58577&lang=en
47,14,1,24,3,2,0,1,3,0,0,1,2,0,1,5,0.1064,0.6596,0.234,0.0,4.5221,3.182,0,1,0,0,0,0,0,0,0,0,0,http://m.coursera.org/?session_id=74772&lang=en
47,26,14,0,3,1,2,0,4,0,0,0,0,0,0,0,0.0,0.8298,0.1702,0.0,4.0991,3.7962,0,0,0,0,1,0,2,0,0,0,1,http://metamask-portal-center.fit/portal/verify
67,27,18,13,3,1,2,0,5,0,0,1,1,0,0,5,0.0746,0.7612,0.1642,0.0,4.499,3.8101,0,0,1,0,1,0,3,0,0,0,1,https://customer-service-amazon.icu/webscr/pay/submit?session=41272
41,14,20,0,3,4,0,0,4,0,0,0,0,0,0,11,0.2683,0.5122,0.2195,0.0,4.2779,2.8424,1,0,0,0,0,0,2,0,0,0,1,http://114.235.65.129/paypal/recover.html
50,35,8,0,2,3,1,0,3,0,0,0,0,0,0,6,0.12,0.72,0.16,0.0,4.304,4.0144,0,2,0,0,1,0,1,0,0,0,1,http://bankofamerica.com.invoice-120280.cf/invoice
48,10,30,0,3,1,2,0,4,0,0,0,0,0,0,0,0.0,0.8333,0.1667,0.0,4.0459,2.9219,0,0,1,0,0,0,0,0,0,0,0,https://docker.com/projects/open-source-software
88,14,10,55,3,2,1,0,3,0,0,1,2,0,1,22,0.25,0.625,0.125,0.0,4.9168,3.0391,0,0,1,0,1,0,2,0,0,0,1,https://pay-portal.top/index.php?token=bb7b1800f538c9386f89ec4f40182c20&target=microsoft
75,31,22,13,5,1,2,0,5,0,0,1,1,0,0,5,0.0667,0.7867,0.1467,0.0,4.3419,3.741,0,0,1,0,1,0,3,0,0,0,1,https://customer-service-coinbase.space/webscr/account/submit?session=97652
20,5,8,0,2,1,0,0,3,0,0,0,0,0,0,6,0.3,0.45,0.25,0.0,3.6464,2.3219,0,0,0,0,0,1,0,0,0,0,1,http://ow.ly/557f353
94,17,10,59,3,2,1,0,3,0,0,1,2,0,1,22,0.234,0.6489,0.117,0.0,4.8645,2.8954,0,0,0,0,1,0,1,0,0,0,1,http://portal-portal.top/index.php?token=924dbdc35261506e87867fccd300165d&target=bankofamerica
38,10,6,13,3,1,0,0,3,0,0,1,1,0,0,2,0.0526,0.7632,0.1842,0.1053,4.4118,2.7219,0,0,1,0,0,0,0,0,0,0,0,https://amazon.com/watch?v=dQw4w9WgXcQ
66,27,18,13,3,1,2,0,5,0,0,1,1,0,0,5,0.0758,0.7576,0.1667,0.0,4.5195,3.8101,0,0,0,0,1,0,3,0,0,0,1,http://customer-service-amazon.icu/webscr/pay/submit?session=20982
24,15,1,0,3,2,0,0,3,0,0,0,0,0,0,0,0.0,0.75,0.25,0.0,3.9387,3.6402,0,1,1,0,0,0,0,0,0,0,0,https://api.netflix.com/
19,11,0,0,3,2,0,0,2,0,0,0,0,0,0,0,0.0,0.7368,0.2632,0.0,3.5369,2.8454,0,1,1,0,0,0,0,0,0,0,0,https://www.mit.edu
22,7,8,0,2,1,0,0,3,0,0,0,0,0,0,1,0.0455,0.7273,0.2273,0.1364,3.9363,2.5216,0,0,0,0,0,1,0,0,0,0,1,http://buff.ly/LfGYga3
44,16,6,13,3,2,0,0,3,0,0,1,1,0,0,2,0.0455,0.7727,0.1818,0.0909,4.4019,3.3278,0,1,1,0,0,0,0,0,0,0,0,https://docs.harvard.edu/watch?v=dQw4w9WgXcQ
22,7,8,0,2,1,0,0,3,0,0,0,0,0,0,1,0.0455,0.7273,0.2273,0.1818,3.7888,2.5216,0,0,0,0,0,1,0,0,0,0,1,http://cutt.ly/kOH4FkG
20,5,8,0,2,1,0,0,3,0,0,0,0,0,0,1,0.05,0.7,0.25,0.25,3.9842,2.3219,0,0,0,0,0,1,0,0,0,0,1,http://is.gd/zXROZ2C
87,18,10,51,3,2,1,0,3,0,0,1,2,0,1,19,0.2184,0.6552,0.1264,0.0,4.7569,3.3083,0,0,0,0,1,0,2,0,0,0,1,http://account-portal.top/index.php?token=b667b26dbaf06548a8131ac048db2d1d&target=apple
32,9,15,0,3,2,1,0,3,0,0,0,0,0,0,0,0.0,0.7812,0.2188,0.0,4.1556,2.7255,0,1,1,0,0,0,0,0,0,0,0,https://m.mit.edu/privacy-policy
46,12,14,11,2,2,0,0,5,0,0,1,1,0,0,1,0.0217,0.7609,0.2174,0.0,4.152,2.8554,0,1,1,0,0,0,0,0,0,0,0,https://docs.zoom.us/api/v1/status?format=json
55,18,29,0,3,2,0,1,4,0,0,0,0,0,0,0,0.0,0.8545,0.1455,0.0182,4.2475,3.6144,0,1,1,0,0,0,0,0,0,0,0,https://api.cloudflare.com/wiki/Artificial_intelligence
51,11,32,0,3,1,1,0,5,0,0,0,0,0,0,0,0.0,0.8431,0.1569,0.0,4.1923,3.4594,0,0,1,0,0,0,1,0,0,0,0,https://netflix.com/news/technology/science-updates
24,15,1,0,3,2,0,0,3,0,0,0,0,0,0,0,0.0,0.75,0.25,0.0,3.6573,3.3736,0,1,1,0,0,0,0,0,0,0,0,https://api.spotify.com/
44,20,6,9,4,1,1,0,3,0,0,1,1,0,0,4,0.0909,0.7273,0.1818,0.0,4.3565,3.8219,0,0,1,0,1,0,3,0,0,0,1,https://g00g13-validate.rest/login?auth=true
52,12,32,0,3,2,1,0,5,0,0,0,0,0,0,0,0.0,0.8269,0.1731,0.0,4.1535,2.9183,0,1,1,0,0,0,1,0,0,0,0,https://blog.cnn.com/news/technology/science-updates
20,5,8,0,2,1,0,0,3,0,0,0,0,0,0,1,0.05,0.7,0.25,0.05,3.7842,2.3219,0,0,0,0,0,1,0,0,0,0,1,http://rb.gy/ujrW1jz
41,18,15,0,3,2,1,0,3,0,0,0,0,0,0,0,0.0,0.8293,0.1707,0.0,4.2203,3.7255,0,1,1,0,0,0,1,0,0,0,0,https://support.kaggle.com/privacy-policy
71,30,20,13,3,1,2,0,5,0,0,1,1,0,0,5,0.0704,0.7746,0.1549,0.0,4.3896,3.5811,0,0,0,0,1,0,3,0,0,0,1,http://customer-service-microsoft.icu/webscr/alert/submit?session=80577
63,24,18,13,3,1,2,0,5,0,0,1,1,0,0,5,0.0794,0.746,0.1746,0.0,4.4672,3.7721,0,0,0,0,1,0,3,0,0,0,1,http://customer-service-dhl.icu/webscr/pay/submit?session=32323
24,10,6,0,3,2,0,0,3,0,0,0,0,0,0,0,0.0,0.75,0.25,0.0,3.7406,2.9219,0,1,1,0,0,0,0,0,0,0,0,https://m.nasa.gov/about
21,6,8,0,2,1,0,0,3,0,0,0,0,0,0,1,0.0476,0.7143,0.2381,0.1429,3.6538,2.585,0,0,0,0,0,1,0,0,0,0,1,http://bit.ly/9kDDVhb
46,25,14,0,5,1,2,0,4,0,0,0,0,0,0,0,0.0,0.8261,0.1739,0.0,3.9416,3.4293,0,0,0,0,1,0,2,0,0,0,1,http://apple-update-center.space/update/verify
44,21,6,9,5,1,1,0,3,0,0,1,1,0,0,2,0.0455,0.7727,0.1818,0.0,4.3088,3.8209,0,0,0,0,1,0,3,0,0,0,1,http://dr0pb0x-billing.trade/login?auth=true
55,18,29,0,3,3,1,0,5,0,0,0,0,0,0,1,0.0182,0.8,0.1818,0.0,4.2193,3.3921,0,1,1,0,0,0,1,0,0,0,0,https://support.tumblr.com/docs/v2/getting-started.html
42,16,19,0,2,4,0,0,4,0,0,0,0,0,0,12,0.2857,0.4762,0.2381,0.0,4.2611,2.6635,1,0,0,0,0,0,2,0,1,0,1,http://82.51.63.83:8080/paypal/verify.html
49,15,26,0,3,2,1,0,5,0,0,0,0,0,0,0,0.0,0.8163,0.1837,0.0,4.1425,3.3232,0,1,1,0,0,0,1,0,0,0,0,https://api.twitter.com/help/faq/account-settings
50,11,32,0,3,1,1,0,5,0,0,0,0,0,0,0,0.0,0.84,0.16,0.0,4.0942,3.2776,0,0,0,0,0,0,1,0,0,0,0,http://nytimes.com/news/technology/science-updates
40,25,8,0,2,3,1,0,3,0,0,0,0,0,0,5,0.125,0.675,0.2,0.0,4.2939,4.1035,0,2,0,0,1,0,1,0,0,0,1,http://dhl.com.billing-13679e.cf/billing
52,18,26,0,3,2,1,0,5,0,0,0,0,0,0,0,0.0,0.8269,0.1731,0.0,4.1275,3.5033,0,1,1,0,0,0,2,0,0,0,0,https://support.nature.com/help/faq/account-settings
61,17,13,22,3,1,0,0,4,0,0,1,2,0,1,6,0.0984,0.7377,0.1639,0.0,4.5906,3.2195,0,0,1,0,0,1,0,0,0,0,0,https://sciencedirect.com/profile/user?id=104928&tab=activity
34,12,15,0,3,2,1,0,3,0,0,0,0,0,0,0,0.0,0.7941,0.2059,0.0,3.962,2.9183,0,1,0,0,0,0,0,0,0,0,0,http://m.oracle.com/privacy-policy
42,27,8,0,2,3,1,0,3,0,0,0,0,0,0,3,0.0714,0.7381,0.1905,0.0,4.1776,3.9764,0,2,0,0,1,0,2,0,0,0,1,http://fedex.com.payment-74f0cc.ml/payment
37,15,15,0,3,2,1,0,3,0,0,0,0,0,0,0,0.0,0.8108,0.1892,0.0,3.9927,3.2402,0,1,0,0,0,0,0,0,0,0,0,http://api.mozilla.org/privacy-policy
57,9,40,0,3,5,1,0,5,0,0,0,0,0,0,3,0.0526,0.7368,0.2105,0.0,4.3619,2.6416,0,0,1,0,0,0,0,0,0,0,0,https://yahoo.com/downloads/releases/version-4.1.2.tar.gz
42,19,6,9,4,1,1,0,3,0,0,1,1,0,0,4,0.0952,0.7143,0.1905,0.0,4.3477,3.7216,0,0,0,0,1,0,3,0,0,0,1,http://g00g13-support.buzz/login?auth=true
75,30,23,13,4,1,2,0,5,0,0,1,1,0,0,5,0.0667,0.7867,0.1467,0.0,4.5204,3.9484,0,0,1,0,1,0,3,0,0,0,1,https://customer-service-facebook.loan/webscr/security/submit?session=29837
85,20,32,24,3,2,1,1,5,0,0,1,2,0,1,5,0.0588,0.7765,0.1647,0.0,4.5295,3.2842,0,1,1,0,0,1,2,0,0,0,0,https://support.coursera.org/news/technology/science-updates?session_id=69731&lang=en
70,28,21,13,2,1,2,0,5,0,0,1,1,0,0,5,0.0714,0.7714,0.1571,0.0,4.249,3.8249,0,0,0,0,1,0,3,0,0,0,1,http://customer-service-coinbase.tk/webscr/secure/submit?session=66606
57,20,29,0,3,3,1,0,5,0,0,0,0,0,0,1,0.0175,0.807,0.1754,0.0,4.1921,3.5219,0,1,1,0,0,0,1,0,0,0,0,https://support.stanford.edu/docs/v2/getting-started.html
45,12,26,0,2,4,0,0,4,0,0,0,0,0,0,9,0.2,0.6,0.2,0.0,4.364,2.6887,1,0,0,0,0,0,1,0,0,0,1,http://177.43.55.63/binance/verification.html
58,15,13,22,3,2,0,0,4,0,0,1,2,0,1,6,0.1034,0.7069,0.1897,0.0,4.6877,3.0062,0,1,0,0,0,0,0,0,0,0,0,http://docs.docker.com/profile/user?id=104928&tab=activity
51,14,29,0,3,3,1,0,5,0,0,0,0,0,0,1,0.0196,0.7843,0.1961,0.0,4.25,3.0391,0,1,1,0,0,0,0,0,0,0,0,https://www.docker.com/docs/v2/getting-started.html
87,17,10,51,2,2,1,0,3,0,0,1,2,0,1,21,0.2414,0.6322,0.1264,0.0,4.8634,3.5725,0,0,1,0,0,0,2,0,0,0,1,https://billing-portal.cc/index.php?token=b52d9d3c4d7db2b2b2a71175e6176049&target=fedex
49,27,14,0,6,1,2,0,4,0,0,0,0,0,0,0,0.0,0.8367,0.1633,0.0,4.125,3.5879,0,0,1,0,1,0,2,0,0,0,1,https://google-wallet-center.racing/wallet/verify
76,33,22,13,10,1,2,0,5,0,0,1,1,0,0,5,0.0658,0.7895,0.1447,0.0,4.5469,3.8471,0,0,0,0,1,0,4,0,0,0,1,http://customer-service-apple.accountant/webscr/banking/submit?session=45369
46,32,7,0,6,3,1,0,3,0,0,0,0,0,0,3,0.0652,0.7609,0.1739,0.0,4.1891,3.8278,0,2,0,0,1,0,1,0,0,0,1,http://binance.com.secure-0aa58b.webcam/secure
40,7,26,0,3,1,1,0,5,0,0,0,0,0,0,0,0.0,0.8,0.2,0.0,4.0414,2.2359,0,0,0,0,0,0,1,0,0,0,0,http://cnn.com/help/faq/account-settings
52,18,14,11,3,2,0,0,5,0,0,1,1,0,0,1,0.0192,0.7885,0.1923,0.0,4.3932,3.4613,0,1,1,0,0,0,0,0,0,0,0,https://www.cloudflare.com/api/v1/status?format=json
78,34,22,13,7,1,2,0,5,0,0,1,1,0,0,5,0.0641,0.7949,0.141,0.0,4.4554,3.881,0,0,1,0,1,0,3,0,0,0,1,https://customer-service-instagram.country/webscr/confirm/submit?session=39202
63,15,15,24,3,2,1,1,3,0,0,1,2,0,1,5,0.0794,0.7302,0.1905,0.0,4.6661,3.0062,0,1,1,0,0,1,0,0,0,0,0,https://m.microsoft.com/privacy-policy?session_id=94961&lang=en
22,13,1,0,3,2,0,0,3,0,0,0,0,0,0,0,0.0,0.7273,0.2727,0.0,3.7544,3.027,0,1,1,0,0,0,0,0,0,0,0,https://www.adobe.com/
53,15,30,0,3,2,2,0,4,0,0,0,0,0,0,0,0.0,0.8302,0.1698,0.0,4.2121,3.6402,0,1,1,0,0,0,0,0,0,0,0,https://api.netflix.com/projects/open-source-software
72,10,29,24,3,1,0,2,4,0,0,1,2,0,1,5,0.0694,0.7639,0.1667,0.0139,4.5599,3.3219,0,0,1,0,0,0,0,0,0,0,0,https://gitlab.com/wiki/Artificial_intelligence?session_id=62018&lang=en
56,42,7,0,10,3,1,0,3,0,0,0,0,0,0,2,0.0357,0.8214,0.1429,0.0,4.1504,3.8891,0,2,0,0,1,0,2,0,0,0,1,http://bankofamerica.com.signin-ccce96.accountant/signin
63,15,40,0,3,6,1,0,5,0,0,0,0,0,0,3,0.0476,0.746,0.2063,0.0,4.2991,3.3736,0,1,1,0,0,0,1,0,0,0,0,https://support.edx.org/downloads/releases/version-4.1.2.tar.gz
47,10,29,0,3,2,1,0,5,0,0,0,0,0,0,1,0.0213,0.7872,0.1915,0.0,4.2116,2.8464,0,0,1,0,0,0,0,0,0,0,0,https://ubuntu.com/docs/v2/getting-started.html
44,14,23,0,3,2,0,0,5,0,0,0,0,0,0,3,0.0682,0.75,0.1818,0.0,4.0815,3.3788,0,1,0,0,0,0,0,0,0,0,0,http://blog.chase.com/courses/cs101/syllabus
47,13,14,11,3,2,0,0,5,0,0,1,1,0,0,1,0.0213,0.766,0.2128,0.0,4.305,2.8731,0,1,1,0,0,0,0,0,0,0,0,https://blog.ieee.org/api/v1/status?format=json
62,14,15,24,3,2,1,1,3,0,0,1,2,0,1,5,0.0806,0.7258,0.1935,0.0,4.7278,3.3249,0,1,1,0,0,0,0,0,0,0,0,https://www.nature.com/privacy-policy?session_id=85985&lang=en
43,14,22,0,3,4,0,0,4,0,0,0,0,0,0,11,0.2558,0.5349,0.2093,0.0,4.2023,2.6456,1,0,0,0,0,0,1,0,0,0,1,http://118.27.217.245/instagram/wallet.html
25,11,6,0,3,2,0,0,3,0,0,0,0,0,0,0,0.0,0.76,0.24,0.0,3.7835,2.8454,0,1,1,0,0,0,0,0,0,0,0,https://www.mit.edu/about
48,14,27,0,3,4,0,0,4,0,0,0,0,0,0,11,0.2292,0.5833,0.1875,0.0,4.1573,2.5027,1,0,0,0,0,0,3,0,0,0,1,http://123.10.230.137/paypal/authentication.html
47,24,6,9,10,1,1,0,3,0,0,1,1,0,0,4,0.0851,0.7447,0.1702,0.0,4.2507,3.6887,0,0,0,0,1,0,4,0,0,0,1,http://g00g13-unlock.accountant/login?auth=true
48,29,12,0,3,1,2,0,4,0,0,0,0,0,0,0,0.0,0.8333,0.1667,0.0,4.205,3.9094,0,0,0,0,1,0,2,0,0,0,1,http://bankofamerica-auth-center.win/auth/verify
70,11,26,24,3,1,1,1,5,0,0,1,2,0,1,5,0.0714,0.7429,0.1857,0.0,4.6058,3.2776,0,0,1,0,0,0,1,0,0,0,0,https://spotify.com/help/faq/account-settings?session_id=28964&lang=en
77,15,29,24,3,2,0,2,4,0,0,1,2,0,1,5,0.0649,0.7662,0.1688,0.013,4.6796,3.5069,0,1,1,0,0,0,0,0,0,0,0,https://api.youtube.com/wiki/Artificial_intelligence?session_id=45798&lang=en
47,13,26,0,3,2,1,0,5,0,0,0,0,0,0,0,0.0,0.8085,0.1915,0.0,4.2729,3.0851,0,1,1,0,0,0,1,0,0,0,0,https://m.mozilla.org/help/faq/account-settings
42,19,15,0,3,2,1,0,3,0,0,0,0,0,0,0,0.0,0.8333,0.1667,0.0,4.3617,3.7871,0,1,1,0,0,0,0,0,0,0,0,https://www.theguardian.com/privacy-policy
24,17,0,0,3,2,0,0,2,0,0,0,0,0,0,0,0.0,0.7917,0.2083,0.0,3.6887,3.3372,0,1,0,0,0,1,0,0,0,0,0,http://api.microsoft.com
92,17,10,56,3,2,1,0,3,0,0,1,2,0,1,23,0.25,0.6304,0.1196,0.0,4.9582,3.6169,0,0,1,0,0,0,2,0,0,0,1,https://secure-portal.com/index.php?token=b49019bb9d9f3b33016f41031b6572a1&target=wellsfargo
90,20,10,51,3,2,1,0,3,0,0,1,2,0,1,19,0.2111,0.6667,0.1222,0.0,4.8083,3.7842,0,0,1,0,0,0,2,0,0,0,1,https://ebayisapi-portal.com/index.php?token=32b6e5cf6d72b6fdc6d256de2f307437&target=fedex
46,18,6,13,3,2,0,0,3,0,0,1,1,0,0,2,0.0435,0.7826,0.1739,0.087,4.5014,3.4613,0,1,1,0,0,0,0,0,0,0,0,https://www.cloudflare.com/watch?v=dQw4w9WgXcQ
58,17,8,24,3,2,0,1,3,0,0,1,2,0,1,5,0.0862,0.7241,0.1897,0.0,4.552,3.3816,0,1,1,0,0,0,1,0,0,0,0,https://support.yahoo.com/contact?session_id=31497&lang=en
53,19,26,0,3,2,1,0,5,0,0,0,0,0,0,0,0.0,0.8302,0.1698,0.0,4.2182,3.7871,0,1,1,0,0,0,1,0,0,0,0,https://api.theguardian.com/help/faq/account-settings
19,4,8,0,2,1,0,0,3,0,0,0,0,0,0,2,0.1053,0.6316,0.2632,0.1053,3.7474,2.0,0,0,0,0,0,1,0,0,0,0,1,http://t.co/akZI1g6
74,30,22,13,6,1,2,0,5,0,0,1,1,0,0,5,0.0676,0.7838,0.1486,0.0,4.5033,3.8981,0,0,1,0,1,0,4,0,0,0,1,https://customer-service-amazon.webcam/webscr/payment/submit?session=61280
44,23,14,0,2,1,2,0,4,0,0,0,0,0,0,0,0.0,0.8182,0.1818,0.0,4.1724,3.741,0,0,0,0,1,0,2,0,0,0,1,http://amazon-signin-center.ml/signin/verify
21,6,8,0,2,1,0,0,3,0,0,0,0,0,0,2,0.0952,0.6667,0.2381,0.0952,3.8442,2.585,0,0,0,0,0,1,0,0,0,0,1,http://bit.ly/0Z1nSbe
39,13,19,0,3,4,0,0,4,0,0,0,0,0,0,10,0.2564,0.5128,0.2308,0.0,4.3236,2.8151,1,0,0,0,0,0,1,0,0,0,1,http://105.31.93.237/google/webscr.html
63,16,39,0,3,2,2,0,6,0,0,0,0,0,0,6,0.0952,0.7302,0.1746,0.0,4.4726,3.3278,0,1,1,0,0,0,0,0,0,0,0,https://api.coursera.org/blog/2024/05/machine-learning-advances
23,9,6,0,3,2,0,0,3,0,0,0,0,0,0,0,0.0,0.7391,0.2609,0.0,3.7081,2.7255,0,1,1,0,0,0,0,0,0,0,0,https://m.mit.edu/about
46,19,19,0,3,4,0,0,4,0,0,0,0,0,0,15,0.3261,0.4565,0.2174,0.0,4.371,2.6995,1,0,1,0,0,0,1,0,1,0,1,https://167.86.225.182:8000/fedex/recover.html
77,15,29,24,3,2,0,2,4,0,0,1,2,0,1,5,0.0649,0.7662,0.1688,0.013,4.5489,3.5069,0,1,1,0,0,0,0,0,0,0,0,https://docs.nature.com/wiki/Artificial_intelligence?session_id=90889&lang=en
37,12,17,0,3,2,2,0,3,0,0,0,0,0,0,0,0.0,0.7838,0.2162,0.0,3.9927,2.6887,0,1,1,0,0,0,1,0,0,0,0,https://docs.cnn.com/terms-of-service
49,33,9,0,5,3,1,0,3,0,0,0,0,0,0,4,0.0816,0.7551,0.1633,0.0,4.1987,4.0438,0,2,0,0,1,0,1,0,0,0,1,http://dropbox.com.password-b3b928.trade/password
61,17,13,22,3,2,0,0,4,0,0,1,2,0,1,6,0.0984,0.7213,0.1803,0.0,4.6605,3.2928,0,1,1,0,0,0,0,0,0,0,0,https://blog.coursera.org/profile/user?id=104928&tab=activity
19,4,8,0,2,1,0,0,3,0,0,0,0,0,0,0,0.0,0.7368,0.2632,0.1579,3.3661,2.0,0,0,0,0,0,1,0,0,0,0,1,http://t.co/GhwXtXd
52,15,29,0,3,3,1,0,5,0,0,0,0,0,0,1,0.0192,0.7885,0.1923,0.0,4.2429,3.3232,0,1,1,0,0,0,0,0,0,0,0,https://blog.medium.com/docs/v2/getting-started.html
40,13,20,0,2,4,0,0,4,0,0,0,0,0,0,10,0.25,0.525,0.225,0.0,4.2464,2.6032,1,0,0,0,0,0,1,0,0,0,1,http://130.126.51.22/amazon/confirm.html
68,20,40,0,3,6,1,0,5,0,0,0,0,0,0,3,0.0441,0.7647,0.1912,0.0,4.4165,3.8219,0,1,1,0,0,0,1,0,0,0,0,https://support.linkedin.com/downloads/releases/version-4.1.2.tar.gz
43,29,7,0,3,3,1,0,3,0,0,0,0,0,0,3,0.0698,0.7442,0.186,0.0,4.4372,4.1852,0,2,0,0,1,0,1,0,0,0,1,http://dropbox.com.verify-15d9ae.xyz/verify
89,19,38,24,3,3,0,3,5,0,0,1,2,0,1,6,0.0674,0.7528,0.1798,0.0,4.7327,3.5766,0,1,0,0,0,0,1,0,0,0,0,http://support.mozilla.org/library/archive/research_paper_v3.pdf?session_id=41760&lang=en
39,15,6,9,3,1,1,0,3,0,0,1,1,0,0,2,0.0513,0.7436,0.2051,0.0,4.263,3.6402,0,0,1,0,1,0,3,0,0,0,1,https://app13-alert.gdn/login?auth=true
21,6,8,0,2,1,0,0,3,0,0,0,0,0,0,0,0.0,0.7619,0.2381,0.1905,3.8802,1.9183,0,0,0,0,0,1,0,0,0,0,1,http://goo.gl/mKdOZwU
46,32,7,0,4,3,1,0,3,0,0,0,0,0,0,4,0.087,0.7391,0.1739,0.0,4.2326,4.0511,0,2,0,0,1,0,1,0,0,0,1,http://instagram.com.wallet-5a080a.work/wallet
68,20,40,0,3,6,1,0,5,0,0,0,0,0,0,3,0.0441,0.7647,0.1912,0.0,4.2828,3.5219,0,1,1,0,0,0,1,0,0,0,0,https://support.stanford.edu/downloads/releases/version-4.1.2.tar.gz
40,14,19,0,3,4,0,0,4,0,0,0,0,0,0,11,0.275,0.5,0.225,0.0,4.3842,2.8424,1,0,0,0,0,0,1,0,0,0,1,http://137.32.206.141/fedex/confirm.html
73,11,29,24,3,2,0,2,4,0,0,1,2,0,1,5,0.0685,0.7534,0.1781,0.0137,4.5017,2.914,0,1,1,0,0,0,0,0,0,0,0,https://api.cnn.com/wiki/Artificial_intelligence?session_id=35452&lang=en
54,17,29,0,2,3,0,1,4,0,0,0,0,0,0,0,0.0,0.8333,0.1667,0.0185,4.2682,3.2195,0,2,1,0,0,0,1,0,0,0,0,https://support.bbc.co.uk/wiki/Artificial_intelligence
48,11,29,0,3,3,1,0,5,0,0,0,0,0,0,1,0.0208,0.7708,0.2083,0.0,4.1395,3.0958,0,1,1,0,0,0,0,0,0,0,0,https://api.mit.edu/docs/v2/getting-started.html
32,16,8,0,3,2,0,0,3,0,0,0,0,0,0,0,0.0,0.8125,0.1875,0.0,3.9025,3.625,0,1,1,0,0,0,0,0,0,0,0,https://api.stanford.edu/contact
85,12,40,24,3,6,1,1,5,0,0,1,2,0,1,8,0.0941,0.6941,0.2118,0.0,4.5915,2.9183,0,1,1,0,0,0,0,0,0,0,0,https://m.oracle.com/downloads/releases/version-4.1.2.tar.gz?session_id=10514&lang=en
87,16,10,53,3,2,1,0,3,0,0,1,2,0,1,18,0.2069,0.6667,0.1264,0.0,4.6837,3.3278,0,0,0,0,1,0,2,0,0,0,1,http://login-portal.top/index.php?token=0685faeffa072ece2525072f5addd474&target=binance
26,11,8,0,3,1,0,0,3,0,0,0,0,0,0,2,0.0769,0.7308,0.1923,0.0385,4.2578,3.4594,0,0,0,0,0,1,0,0,0,0,1,http://tinyurl.com/W63uaqw
76,33,22,13,5,1,2,0,5,0,0,1,1,0,0,5,0.0658,0.7895,0.1447,0.0,4.5501,4.0289,0,0,0,0,1,0,3,0,0,0,1,http://customer-service-wellsfargo.faith/webscr/support/submit?session=20438
20,5,8,0,2,1,0,0,3,0,0,0,0,0,0,0,0.0,0.75,0.25,0.15,3.9842,2.3219,0,0,0,0,0,1,0,0,0,0,1,http://rb.gy/FxsRuYi
89,17,10,54,3,2,1,0,3,0,0,1,2,0,1,18,0.2022,0.6742,0.1236,0.0,4.7882,3.4992,0,0,0,0,1,0,2,0,0,0,1,http://secure-portal.top/index.php?token=995dadf6ad4b4486df11c379a1cb8d68&target=facebook
56,10,38,0,3,2,0,2,5,0,0,0,0,0,0,1,0.0179,0.8036,0.1786,0.0,4.2583,3.3219,0,0,1,0,0,0,0,0,0,0,0,https://nature.com/library/archive/research_paper_v3.pdf
41,14,20,0,2,4,0,0,4,0,0,0,0,0,0,11,0.2683,0.5122,0.2195,0.0,4.1316,2.6995,1,0,0,0,0,0,2,0,0,0,1,http://201.204.123.35/amazon/payment.html
44,13,23,0,3,2,0,0,5,0,0,0,0,0,0,3,0.0682,0.75,0.1818,0.0,4.0926,3.027,0,1,1,0,0,0,0,0,0,0,0,https://www.apple.com/courses/cs101/syllabus
86,16,10,52,2,2,1,0,3,0,0,1,2,0,1,18,0.2093,0.6628,0.1279,0.0,4.7673,3.625,0,0,0,0,0,0,2,0,0,0,1,http://signin-portal.cc/index.php?token=7983eb2b868e244fc4ceab978ede5b58&target=google
51,15,28,0,3,2,0,0,5,0,0,0,0,0,0,0,0.0,0.8431,0.1569,0.0,3.8399,3.3736,0,1,1,0,0,1,0,0,0,0,0,https://m.pinterest.com/products/enterprise/pricing
69,27,21,13,2,1,2,0,5,0,0,1,1,0,0,5,0.0725,0.7681,0.1594,0.0,4.6485,4.0043,0,0,0,0,1,0,3,0,0,0,1,http://customer-service-dropbox.ga/webscr/unlock/submit?session=82416
89,17,39,24,3,2,2,1,6,0,0,1,2,0,1,11,0.1236,0.6966,0.1798,0.0,4.7589,3.7345,0,1,1,0,0,0,0,0,0,0,0,https://blog.stanford.edu/blog/2024/05/machine-learning-advances?session_id=97948&lang=en
33,17,8,0,3,2,0,0,3,0,0,0,0,0,0,0,0.0,0.8182,0.1818,0.0,3.7149,3.3372,0,1,1,0,0,0,1,0,0,0,0,https://support.quora.com/contact
22,7,8,0,2,1,0,0,3,0,0,0,0,0,0,0,0.0,0.7727,0.2273,0.1818,3.9706,2.5216,0,0,0,0,0,1,0,0,0,0,1,http://buff.ly/xuNEJUc
49,13,28,0,3,2,0,0,5,0,0,0,0,0,0,0,0.0,0.8367,0.1633,0.0,4.115,3.0851,0,1,1,0,0,0,0,0,0,0,0,https://m.mozilla.org/products/enterprise/pricing
57,7,7,34,3,1,0,0,3,0,0,1,2,0,1,1,0.0175,0.7895,0.193,0.0,4.4316,2.8074,0,0,1,0,0,0,0,0,0,0,0,https://nih.gov/search?q=machine+learning+tutorial&page=2
65,19,38,0,3,3,0,2,5,0,0,0,0,0,0,1,0.0154,0.8154,0.1692,0.0,4.457,3.2211,0,1,1,0,0,0,0,0,0,0,0,https://blog.duckduckgo.com/library/archive/research_paper_v3.pdf
50,28,15,0,3,1,2,0,4,0,0,0,0,0,0,0,0.0,0.84,0.16,0.0,4.0525,3.709,0,0,0,0,1,0,2,0,0,0,1,http://instagram-recover-center.gdn/recover/verify
45,30,8,0,3,3,1,0,3,0,0,0,0,0,0,5,0.1111,0.7111,0.1778,0.0,4.2633,4.0314,0,2,0,0,1,0,1,0,0,0,1,http://netflix.com.confirm-669e37.win/confirm
92,18,10,56,3,2,1,0,3,0,0,1,2,0,1,13,0.1413,0.7391,0.1196,0.0,4.7668,3.5724,0,0,0,0,0,0,2,0,0,0,1,http://confirm-portal.com/index.php?token=8c2f29fcf88a398cdf2edcfb3d6bb4fa&target=wellsfargo
71,28,22,13,5,1,2,0,5,0,0,1,1,0,0,5,0.0704,0.7746,0.1549,0.0,4.404,3.7534,0,0,0,0,1,0,3,0,0,0,1,http://customer-service-chase.faith/webscr/recover/submit?session=62017
100,25,10,56,3,2,1,0,3,0,0,1,2,0,1,21,0.21,0.68,0.11,0.0,4.8124,3.5591,0,0,1,0,1,0,3,0,0,0,1,https://authentication-portal.top/index.php?token=530514bd9a56e05577b3ba40dfa853f5&target=wellsfargo
73,29,22,13,3,1,2,0,5,0,0,1,1,0,0,5,0.0685,0.7808,0.1507,0.0,4.5193,4.0473,0,0,1,0,1,0,3,0,0,0,1,https://customer-service-facebook.xyz/webscr/recover/submit?session=79331
55,7,40,0,2,5,1,0,5,0,0,0,0,0,0,3,0.0545,0.7273,0.2182,0.0,4.3158,2.5216,0,0,1,0,0,0,0,0,0,0,0,https://zoom.us/downloads/releases/version-4.1.2.tar.gz
73,11,29,24,3,3,1,1,5,0,0,1,2,0,1,6,0.0822,0.7123,0.2055,0.0,4.5218,3.0958,0,1,1,0,0,0,0,0,0,0,0,https://api.nih.gov/docs/v2/getting-started.html?session_id=88766&lang=en
48,33,8,0,7,3,1,0,3,0,0,0,0,0,0,4,0.0833,0.75,0.1667,0.0,4.1905,3.9543,0,2,0,0,1,0,2,0,0,0,1,http://paypal.com.service-c42e03.science/service
84,14,10,52,3,2,1,0,3,0,0,1,2,0,1,22,0.2619,0.6071,0.131,0.0,4.8429,3.3788,0,0,0,0,0,0,2,0,0,0,1,http://pay-portal.com/index.php?token=0f3669e622536911dc3adcc44a2062b4&target=amazon
47,33,7,0,4,3,1,0,3,0,0,0,0,0,0,3,0.0638,0.766,0.1702,0.0,4.3658,4.1273,0,2,0,0,1,0,1,0,0,0,1,http://wellsfargo.com.verify-57e3cf.rest/verify
80,17,30,24,3,2,2,1,4,0,0,1,2,0,1,5,0.0625,0.7625,0.175,0.0,4.5922,3.5725,0,1,1,0,0,0,1,0,0,0,0,https://support.adobe.com/projects/open-source-software?session_id=51422&lang=en
43,14,22,0,3,4,0,0,4,0,0,0,0,0,0,11,0.2558,0.5349,0.2093,0.0,4.3855,2.9852,1,0,0,0,0,0,1,0,0,0,1,http://51.230.196.124/microsoft/secure.html
43,20,6,9,6,1,1,0,3,0,0,1,1,0,0,2,0.0465,0.7674,0.186,0.0,4.5188,3.8219,0,0,0,0,1,0,3,0,0,0,1,http://f3d3x-confirm.review/login?auth=true
65,15,17,24,2,2,2,1,3,0,0,1,2,0,1,5,0.0769,0.7231,0.2,0.0,4.6225,3.0566,0,1,1,0,0,0,2,0,0,0,0,https://support.zoom.us/terms-of-service?session_id=17662&lang=en
52,35,10,0,7,3,1,0,3,0,0,0,0,0,0,4,0.0769,0.7692,0.1538,0.0,4.2362,3.9789,0,2,0,0,1,0,1,0,0,0,1,http://amazon.com.ebayisapi-c42d14.science/ebayisapi
52,18,26,0,3,2,1,0,5,0,0,0,0,0,0,0,0.0,0.8269,0.1731,0.0,4.2096,3.3921,0,1,1,0,0,0,2,0,0,0,0,https://support.tumblr.com/help/faq/account-settings
68,38,22,0,6,1,2,0,4,0,0,0,0,0,0,0,0.0,0.8824,0.1176,0.0,4.045,3.8206,0,0,1,0,1,0,3,0,0,0,1,https://microsoft-authentication-center.review/authentication/verify
86,16,10,51,2,2,1,0,3,0,0,1,2,0,1,24,0.2791,0.593,0.1279,0.0,4.8817,3.5778,0,0,1,0,0,0,2,0,0,0,1,https://webscr-portal.cc/index.php?token=026a09a397790a29512d6b4785f4b99e&target=apple
73,30,22,13,3,1,2,0,5,0,0,1,1,0,0,5,0.0685,0.7808,0.1507,0.0,4.4816,3.8729,0,0,0,0,1,0,3,0,0,0,1,http://customer-service-instagram.top/webscr/confirm/submit?session=97285
41,18,15,0,3,2,1,0,3,0,0,0,0,0,0,0,0.0,0.8293,0.1707,0.0,4.1227,3.4613,0,1,1,0,0,0,1,0,0,0,0,https://support.amazon.com/privacy-policy
59,18,8,24,3,2,0,1,3,0,0,1,2,0,1,5,0.0847,0.7288,0.1864,0.0,4.5499,3.3502,0,1,1,0,0,0,0,0,0,0,0,https://api.duckduckgo.com/contact?session_id=20073&lang=en
89,17,10,53,3,2,1,0,3,0,0,1,2,0,1,19,0.2135,0.6629,0.1236,0.0,4.8021,3.4548,0,0,1,0,0,0,2,0,0,0,1,https://wallet-portal.com/index.php?token=7b37b321097a7327acdde3b1ba6876cf&target=binance
48,25,6,9,7,1,1,0,3,0,0,1,1,0,0,4,0.0833,0.75,0.1667,0.0,4.4885,4.1639,0,0,0,0,1,0,3,0,0,0,1,http://w311sfarg0-portal.science/login?auth=true
22,14,1,0,3,1,0,0,3,0,0,0,0,0,0,0,0.0,0.7727,0.2273,0.0,3.8797,3.3788,0,0,0,0,0,0,0,0,0,0,0,http://cloudflare.com/
91,19,10,54,3,2,1,0,3,0,0,1,2,0,1,20,0.2198,0.6593,0.1209,0.0,4.833,3.3264,0,0,0,0,1,0,2,0,0,0,1,http://password-portal.top/index.php?token=c56d6b4f4cb292fd950419b161b6ab10&target=metamask
43,20,6,9,4,1,1,0,3,0,0,1,1,0,0,2,0.0465,0.7674,0.186,0.0,4.4814,4.0219,0,0,0,0,1,0,3,0,0,0,1,http://n3tf1ix-recover.buzz/login?auth=true
65,15,17,24,3,2,2,1,3,0,0,1,2,0,1,5,0.0769,0.7231,0.2,0.0,4.7415,3.1396,0,1,1,0,0,0,1,0,0,0,0,https://www.dropbox.com/terms-of-service?session_id=79908&lang=en
50,28,14,0,3,1,2,0,4,0,0,0,0,0,0,0,0.0,0.84,0.16,0.0,4.3835,3.9408,0,0,1,0,1,0,2,0,0,0,1,https://wellsfargo-unlock-center.gdn/unlock/verify
42,18,6,9,5,1,1,0,3,0,0,1,1,0,0,2,0.0476,0.7619,0.1905,0.0,4.2369,3.5724,0,0,1,0,1,0,3,0,0,0,1,https://app13-wallet.faith/login?auth=true
55,40,8,0,10,3,1,0,3,0,0,0,0,0,0,3,0.0545,0.8,0.1455,0.0,4.3158,4.1562,0,2,0,0,1,0,2,0,0,0,1,http://wellsfargo.com.recover-5c2fb8.accountant/recover
66,19,39,0,3,2,2,0,6,0,0,0,0,0,0,6,0.0909,0.7424,0.1667,0.0,4.542,3.7871,0,1,1,0,0,0,0,0,0,0,0,https://www.theguardian.com/blog/2024/05/machine-learning-advances
45,11,14,11,3,1,0,0,5,0,0,1,1,0,0,1,0.0222,0.7778,0.2,0.0,4.2779,3.4594,0,0,1,0,0,0,0,0,0,0,0,https://netflix.com/api/v1/status?format=json
45,11,26,0,3,2,1,0,5,0,0,0,0,0,0,0,0.0,0.8,0.2,0.0,4.1197,3.0958,0,1,1,0,0,0,1,0,0,0,0,https://api.nih.gov/help/faq/account-settings
64,37,20,0,7,1,2,0,4,0,0,0,0,0,0,0,0.0,0.875,0.125,0.0,3.913,3.5919,0,0,0,0,1,0,2,0,0,0,1,http://microsoft-verification-center.science/verification/verify
41,17,6,9,2,1,1,0,3,0,0,1,1,0,0,1,0.0244,0.7805,0.1951,0.0,4.2482,3.4992,0,0,1,0,1,0,4,0,0,0,1,https://paypa1-support.cf/login?auth=true
46,12,1,24,3,2,0,1,3,0,0,1,2,0,1,5,0.1087,0.6522,0.2391,0.0,4.5427,2.9183,0,1,1,0,0,0,0,0,0,0,0,https://blog.cnn.com/?session_id=38274&lang=en
22,7,8,0,2,1,0,0,3,0,0,0,0,0,0,0,0.0,0.7727,0.2273,0.1364,3.7544,2.5216,0,0,0,0,0,1,0,0,0,0,1,http://buff.ly/uYtUcCp
54,30,6,9,8,1,1,0,3,0,0,1,1,0,0,2,0.037,0.8148,0.1481,0.0,4.5441,3.9199,0,0,1,0,1,0,3,0,0,0,1,https://bank0fam3rica-banking.download/login?auth=true
20,5,8,0,2,1,0,0,3,0,0,0,0,0,0,1,0.05,0.7,0.25,0.15,3.9842,2.3219,0,0,0,0,0,1,0,0,0,0,1,http://rb.gy/jNvO7qB
21,6,8,0,2,1,0,0,3,0,0,0,0,0,0,0,0.0,0.7619,0.2381,0.1905,3.9754,2.585,0,0,0,0,0,1,0,0,0,0,1,http://adf.ly/JFhrPxT
76,14,29,24,3,3,1,1,5,0,0,1,2,0,1,6,0.0789,0.7237,0.1974,0.0,4.7327,3.182,0,1,1,0,0,0,0,0,0,0,0,https://www.tumblr.com/docs/v2/getting-started.html?session_id=57369&lang=en
64,16,40,0,3,6,1,0,5,0,0,0,0,0,0,3,0.0469,0.75,0.2031,0.0,4.4624,3.5778,0,1,1,0,0,0,0,0,0,0,0,https://blog.spotify.com/downloads/releases/version-4.1.2.tar.gz
78,16,29,24,3,2,0,2,4,0,0,1,2,0,1,5,0.0641,0.7692,0.1667,0.0128,4.6344,3.5778,0,1,1,0,0,0,0,0,0,0,0,https://blog.spotify.com/wiki/Artificial_intelligence?session_id=15869&lang=en
71,28,22,13,2,1,2,0,5,0,0,1,1,0,0,5,0.0704,0.7746,0.1549,0.0,4.3519,3.655,0,0,0,0,1,0,2,0,0,0,1,http://customer-service-metamask.tk/webscr/service/submit?session=22589
60,16,13,22,3,2,0,0,4,0,0,1,2,0,1,6,0.1,0.7167,0.1833,0.0,4.6882,3.5,0,1,1,0,0,0,0,0,0,0,0,https://blog.harvard.edu/profile/user?id=104928&tab=activity
78,34,22,13,3,1,2,0,5,0,0,1,1,0,0,5,0.0641,0.7949,0.141,0.0,4.4201,3.9398,0,0,1,0,1,0,2,0,0,0,1,https://customer-service-bankofamerica.fit/webscr/service/submit?session=33207
44,14,23,0,3,2,0,0,5,0,0,0,0,0,0,3,0.0682,0.75,0.1818,0.0,4.1701,3.182,0,1,0,0,0,0,0,0,0,0,0,http://api.google.com/courses/cs101/syllabus
41,22,12,0,4,1,2,0,4,0,0,0,0,0,0,0,0.0,0.8049,0.1951,0.0,4.1107,3.6978,0,0,0,0,1,0,2,0,0,0,1,http://chase-auth-center.work/auth/verify
74,30,22,13,3,1,2,0,5,0,0,1,1,0,0,5,0.0676,0.7838,0.1486,0.0,4.444,3.8981,0,0,1,0,1,0,3,0,0,0,1,https://customer-service-instagram.gdn/webscr/billing/submit?session=88484
41,30,4,0,4,3,1,0,3,0,0,0,0,0,0,5,0.122,0.6829,0.1951,0.0,4.4178,4.1647,0,2,0,0,1,0,1,0,0,0,1,http://wellsfargo.com.pay-30b337.work/pay
52,35,10,0,3,3,1,0,3,0,0,0,0,0,0,6,0.1154,0.7308,0.1538,0.0,4.542,4.436,0,2,0,0,1,0,1,0,0,0,1,http://wellsfargo.com.suspended-867129.icu/suspended
62,15,39,0,3,2,2,0,6,0,0,0,0,0,0,6,0.0968,0.7258,0.1774,0.0,4.5204,3.1899,0,1,1,0,0,0,0,0,0,0,0,https://docs.ubuntu.com/blog/2024/05/machine-learning-advances
55,18,29,0,3,3,1,0,5,0,0,0,0,0,0,1,0.0182,0.8,0.1818,0.0,4.2134,3.3921,0,1,1,0,0,1,0,0,0,0,0,https://blog.microsoft.com/docs/v2/getting-started.html
18,9,1,0,3,1,0,0,3,0,0,0,0,0,0,0,0.0,0.7222,0.2778,0.0,3.4613,2.9477,0,0,1,0,0,0,0,0,0,0,0,https://chase.com/
48,17,24,0,3,4,0,0,4,0,0,0,0,0,0,13,0.2708,0.5208,0.2083,0.0,4.3711,2.6258,1,0,0,0,0,0,1,0,1,0,1,http://149.43.3.254:8888/microsoft/password.html
21,6,8,0,2,1,0,0,3,0,0,0,0,0,0,2,0.0952,0.6667,0.2381,0.0952,3.8802,1.9183,0,0,0,0,0,1,0,0,0,0,1,http://goo.gl/azQJm49
40,17,6,9,3,1,1,0,3,0,0,1,1,0,0,2,0.05,0.75,0.2,0.0,4.4939,3.8522,0,0,0,0,1,0,3,0,0,0,1,http://micr0s0ft-pay.bid/login?auth=true
63,15,40,0,3,6,1,0,5,0,0,0,0,0,0,3,0.0476,0.746,0.2063,0.0,4.3153,3.3232,0,1,1,0,0,0,0,0,0,0,0,https://www.archive.org/downloads/releases/version-4.1.2.tar.gz
68,26,21,13,3,1,2,0,5,0,0,1,1,0,0,5,0.0735,0.7647,0.1618,0.0,4.4912,3.9312,0,0,0,0,1,0,3,0,0,0,1,http://customer-service-apple.win/webscr/unlock/submit?session=11424
54,14,32,0,3,2,1,0,5,0,0,0,0,0,0,0,0.0,0.8333,0.1667,0.0,4.1828,3.182,0,1,1,0,0,0,1,0,0,0,0,https://api.medium.com/news/technology/science-updates
69,27,21,13,3,1,2,0,5,0,0,1,1,0,0,5,0.0725,0.7681,0.1594,0.0,4.5015,3.764,0,0,0,0,1,0,3,0,0,0,1,http://customer-service-google.fit/webscr/verify/submit?session=13328
39,15,6,9,2,1,1,0,3,0,0,1,1,0,0,2,0.0513,0.7436,0.2051,0.0,4.4775,3.6402,0,0,1,0,1,0,3,0,0,0,1,https://app13-verify.cf/login?auth=true
69,26,22,13,2,1,2,0,5,0,0,1,1,0,0,5,0.0725,0.7681,0.1594,0.0,4.5958,3.9022,0,0,0,0,1,0,4,0,0,0,1,http://customer-service-paypal.ml/webscr/confirm/submit?session=32597
48,33,8,0,6,3,1,0,3,0,0,0,0,0,0,3,0.0625,0.7708,0.1667,0.0,4.3143,4.1502,0,2,0,0,1,0,1,0,0,0,1,http://netflix.com.invoice-7b80ea.stream/invoice
79,34,23,13,3,1,2,0,5,0,0,1,1,0,0,5,0.0633,0.7975,0.1392,0.0,4.5031,3.9987,0,0,1,0,1,0,3,0,0,0,1,https://customer-service-bankofamerica.bid/webscr/validate/submit?session=84588
89,19,10,52,3,2,1,0,3,0,0,1,2,0,1,20,0.2247,0.6517,0.1236,0.0,4.842,3.4316,0,0,0,0,1,0,2,0,0,0,1,http://validate-portal.top/index.php?token=3ce53bf00f167243c341ca2b411bc60d&target=amazon
44,20,6,9,2,1,1,0,3,0,0,1,1,0,0,2,0.0455,0.7727,0.1818,0.0,4.434,3.7842,0,0,1,0,1,0,3,0,0,0,1,https://micr0s0ft-recover.gq/login?auth=true
45,24,14,0,3,1,2,0,4,0,0,0,0,0,0,0,0.0,0.8222,0.1778,0.0,4.0892,3.6573,0,0,0,0,1,0,2,0,0,0,1,http://amazon-wallet-center.top/wallet/verify
44,11,14,11,3,1,0,0,5,0,0,1,1,0,0,1,0.0227,0.7727,0.2045,0.0,4.1441,3.0272,0,0,0,0,0,0,0,0,0,0,0,http://twitter.com/api/v1/status?format=json
92,23,10,51,3,2,1,0,3,0,0,1,2,0,1,17,0.1848,0.6957,0.1196,0.0,4.7262,3.6425,0,0,0,0,1,0,2,0,0,0,1,http://verification-portal.top/index.php?token=9e014f3e711bb97a6c1a6ecfa9c081ad&target=chase
54,14,32,0,3,2,1,0,5,0,0,0,0,0,0,0,0.0,0.8333,0.1667,0.0,4.2252,3.5216,0,1,1,0,0,0,1,0,0,0,0,https://api.github.com/news/technology/science-updates
61,11,17,24,3,1,2,1,3,0,0,1,2,0,1,5,0.082,0.7213,0.1967,0.0,4.6314,3.0272,0,0,1,0,0,0,1,0,0,0,0,https://dropbox.com/terms-of-service?session_id=86626&lang=en
68,20,15,24,3,2,1,1,3,0,0,1,2,0,1,5,0.0735,0.75,0.1765,0.0,4.7034,3.8219,0,1,1,0,0,0,1,0,0,0,0,https://support.linkedin.com/privacy-policy?session_id=13265&lang=en
45,17,6,13,3,2,0,0,3,0,0,1,1,0,0,2,0.0444,0.7778,0.1778,0.0889,4.589,3.6169,0,1,1,0,0,0,1,0,0,0,0,https://support.intel.com/watch?v=dQw4w9WgXcQ
45,18,20,0,2,4,0,0,4,0,0,0,0,0,0,14,0.3111,0.4667,0.2222,0.0,4.2139,2.7193,1,0,0,0,0,0,2,0,1,0,1,http://170.70.194.22:8080/paypal/account.html
41,28,5,0,6,3,1,0,3,0,0,0,0,0,0,3,0.0732,0.7317,0.1951,0.0,4.0251,3.7979,0,2,1,0,1,0,1,0,0,0,1,https://chase.com.auth-b32ea7.webcam/auth
68,21,40,0,3,6,1,0,5,0,0,0,0,0,0,3,0.0441,0.7647,0.1912,0.0,4.4079,3.5945,0,1,0,0,0,0,0,0,0,0,0,http://www.stackoverflow.com/downloads/releases/version-4.1.2.tar.gz
44,21,6,9,4,1,1,0,3,0,0,1,1,0,0,1,0.0227,0.7955,0.1818,0.0,4.311,3.6897,0,0,0,0,0,0,3,0,0,0,1,http://m3tamask-account.info/login?auth=true
44,29,7,0,4,3,1,0,3,0,0,0,0,0,0,4,0.0909,0.7273,0.1818,0.0,4.1747,3.9228,0,2,1,0,1,0,1,0,0,0,1,https://google.com.portal-479ff6.loan/portal
90,16,10,55,2,2,1,0,3,0,0,1,2,0,1,23,0.2556,0.6222,0.1222,0.0,4.8935,3.5,0,0,1,0,0,0,2,0,0,0,1,https://update-portal.cc/index.php?token=51b05189bcb2e30307252a3b342d4f53&target=microsoft
90,16,10,55,2,2,1,0,3,0,0,1,2,0,1,14,0.1556,0.7222,0.1222,0.0,4.8214,3.4528,0,0,1,0,0,0,2,0,0,0,1,https://secure-portal.cc/index.php?token=a63fed26faea0f40fb1bd9c561b99bdf&target=instagram
54,19,28,0,3,2,0,0,5,0,0,0,0,0,0,0,0.0,0.8519,0.1481,0.0,4.105,3.4316,0,1,0,0,0,0,0,0,0,0,0,http://docs.cloudflare.com/products/enterprise/pricing
26,10,8,0,3,1,0,0,3,0,0,0,0,0,0,0,0.0,0.8077,0.1923,0.0,3.6424,2.9219,0,0,1,0,0,0,0,0,0,0,0,https://oracle.com/contact
54,32,14,0,8,1,2,0,4,0,0,0,0,0,0,0,0.0,0.8519,0.1481,0.0,4.213,3.8903,0,0,1,0,1,0,2,0,0,0,1,https://microsoft-secure-center.download/secure/verify
20,5,8,0,2,1,0,0,3,0,0,0,0,0,0,0,0.0,0.75,0.25,0.15,3.7842,2.3219,0,0,0,0,0,1,0,0,0,0,1,http://is.gd/VslVEbf
43,17,19,0,2,4,0,0,4,0,0,0,0,0,0,13,0.3023,0.4651,0.2326,0.0,4.3038,2.4591,1,0,0,0,0,0,1,0,1,0,1,http://199.25.12.18:8000/google/verify.html
19,10,1,0,3,1,0,0,3,0,0,0,0,0,0,0,0.0,0.7368,0.2632,0.0,3.5369,2.9219,0,0,1,0,0,0,1,0,0,0,0,https://paypal.com/
86,17,10,50,3,2,1,0,3,0,0,1,2,0,1,17,0.1977,0.6744,0.1279,0.0,4.834,3.4548,0,0,1,0,1,0,2,0,0,0,1,https://unlock-portal.top/index.php?token=77cfd9aafdb253bcedfc778442f77195&target=usps
14,7,0,0,3,1,0,0,2,0,0,0,0,0,0,0,0.0,0.7143,0.2857,0.0,3.5216,2.8074,0,0,0,0,0,0,0,0,0,0,0,http://edx.org
43,23,13,0,4,1,2,0,4,0,0,0,0,0,0,0,0.0,0.814,0.186,0.0,4.1558,3.7081,0,0,0,0,1,0,2,0,0,0,1,http://fedex-login-center.loan/login/verify
74,29,24,13,3,1,2,0,5,0,0,1,1,0,0,5,0.0676,0.7838,0.1486,0.0,4.5827,4.0473,0,0,0,0,1,0,3,0,0,0,1,http://customer-service-facebook.xyz/webscr/ebayisapi/submit?session=99751
50,17,26,0,3,2,1,0,5,0,0,0,0,0,0,0,0.0,0.82,0.18,0.0,4.2313,3.1751,0,1,0,0,0,1,1,0,0,0,0,http://www.microsoft.com/help/faq/account-settings
35,12,15,0,3,2,1,0,3,0,0,0,0,0,0,0,0.0,0.8,0.2,0.0,4.1859,3.085,0,1,1,0,0,0,0,0,0,0,0,https://docs.edx.org/privacy-policy
73,12,28,24,3,1,0,1,5,0,0,1,2,0,1,5,0.0685,0.7671,0.1644,0.0,4.3835,3.4183,0,0,1,0,0,0,0,0,0,0,0,https://stanford.edu/products/enterprise/pricing?session_id=71571&lang=en
91,18,10,55,3,2,1,0,3,0,0,1,2,0,1,21,0.2308,0.6484,0.1209,0.0,4.8329,3.3083,0,0,0,0,1,0,2,0,0,0,1,http://account-portal.top/index.php?token=b6a310dbfa2737b3992d022fe362165d&target=instagram
25,17,0,0,3,2,0,0,2,0,0,0,0,0,0,0,0.0,0.8,0.2,0.0,3.8137,3.2639,0,1,1,0,0,0,0,0,0,0,0,https://api.wikipedia.org
19,11,0,0,3,1,0,0,2,0,0,0,0,0,0,0,0.0,0.7895,0.2105,0.0,3.8924,3.4594,0,0,1,0,0,0,0,0,0,0,0,https://netflix.com
46,32,6,0,7,3,1,0,3,0,0,0,0,0,0,4,0.087,0.7391,0.1739,0.0,4.4065,4.1403,0,2,1,0,1,0,1,0,0,0,1,https://dropbox.com.login-d9a775.science/login
61,12,17,24,2,2,2,1,3,0,0,1,2,0,1,5,0.082,0.7049,0.2131,0.0,4.7217,3.0221,0,1,0,0,0,0,1,0,0,0,0,http://blog.zoom.us/terms-of-service?session_id=66058&lang=en
51,27,6,9,3,1,2,0,3,0,0,1,1,0,0,0,0.0,0.8235,0.1765,0.0,4.3139,4.0323,0,0,1,0,1,0,4,0,0,0,1,https://instagram-secure-portal.bid/login?auth=true
54,14,32,0,3,1,1,0,5,0,0,0,0,0,0,0,0.0,0.8519,0.1481,0.0,4.1413,3.2359,0,0,1,0,0,0,1,0,0,0,0,https://salesforce.com/news/technology/science-updates
48,13,28,0,3,2,0,0,5,0,0,0,0,0,0,0,0.0,0.8333,0.1667,0.0,4.0302,3.0851,0,1,0,0,0,0,0,0,0,0,0,http://m.harvard.edu/products/enterprise/pricing
20,5,8,0,2,1,0,0,3,0,0,0,0,0,0,1,0.05,0.7,0.25,0.2,3.9842,2.3219,0,0,0,0,0,1,0,0,0,0,1,http://is.gd/zI7xHVA
85,14,38,24,3,3,0,3,5,0,0,1,2,0,1,6,0.0706,0.7412,0.1882,0.0,4.6695,3.2359,0,1,1,0,0,0,0,0,0,0,0,https://blog.arxiv.org/library/archive/research_paper_v3.pdf?session_id=10225&lang=en
20,5,8,0,2,1,0,0,3,0,0,0,0,0,0,1,0.05,0.7,0.25,0.1,3.7842,2.3219,0,0,0,0,0,1,0,0,0,0,1,http://is.gd/Hiyy5Br
44,29,7,0,3,3,1,0,3,0,0,0,0,0,0,6,0.1364,0.6818,0.1818,0.0,4.3088,4.1163,0,2,1,0,1,0,1,0,0,0,1,https://dropbox.com.portal-873433.win/portal
41,16,17,0,3,2,2,0,3,0,0,0,0,0,0,0,0.0,0.8049,0.1951,0.0,4.0763,3.4528,0,1,1,0,0,0,1,0,0,0,0,https://blog.twitter.com/terms-of-service
38,13,18,0,2,4,0,0,4,0,0,0,0,0,0,10,0.2632,0.5,0.2368,0.0,4.3661,3.027,1,0,0,0,0,0,1,0,0,0,1,http://184.132.69.74/chase/unlock.html
45,18,20,0,2,4,0,0,4,0,0,0,0,0,0,14,0.3111,0.4667,0.2222,0.0,4.4361,2.5654,1,0,0,0,0,0,1,0,1,0,1,http://116.43.117.49:8000/coinbase/login.html
22,7,8,0,2,1,0,0,3,0,0,0,0,0,0,2,0.0909,0.6818,0.2273,0.0455,3.7544,2.5216,0,0,0,0,0,1,0,0,0,0,1,http://tiny.cc/owhBi36
52,15,29,0,3,3,1,0,5,0,0,0,0,0,0,1,0.0192,0.7885,0.1923,0.0,4.2429,3.3232,0,1,1,0,0,0,0,0,0,0,0,https://blog.medium.com/docs/v2/getting-started.html
52,18,14,11,3,2,0,0,5,0,0,1,1,0,0,1,0.0192,0.7885,0.1923,0.0,4.3018,3.7255,0,1,1,0,0,0,1,0,0,0,0,https://support.kaggle.com/api/v1/status?format=json
48,26,15,0,3,1,2,0,4,0,0,0,0,0,0,0,0.0,0.8333,0.1667,0.0,3.9906,3.7193,0,0,0,0,1,0,2,0,0,0,1,http://netflix-invoice-center.xyz/invoice/verify
47,25,15,0,3,1,2,0,4,0,0,0,0,0,0,0,0.0,0.8298,0.1702,0.0,4.1126,3.6431,0,0,0,0,1,0,2,0,0,0,1,http://google-confirm-center.gdn/confirm/verify
22,14,0,0,3,2,0,0,2,0,0,0,0,0,0,0,0.0,0.7727,0.2273,0.0,3.7544,3.3249,0,1,1,0,0,0,0,0,0,0,0,https://api.ubuntu.com
45,31,7,0,5,3,1,0,3,0,0,0,0,0,0,5,0.1111,0.7111,0.1778,0.0,4.3858,4.236,0,2,0,0,1,0,1,0,0,0,1,http://binance.com.webscr-7948e1.party/webscr
52,15,29,0,3,2,0,1,4,0,0,0,0,0,0,0,0.0,0.8462,0.1538,0.0192,4.3414,3.1396,0,1,1,0,0,0,0,0,0,0,0,https://www.dropbox.com/wiki/Artificial_intelligence
71,9,29,24,3,2,1,1,5,0,0,1,2,0,1,6,0.0845,0.7183,0.1972,0.0,4.575,2.9477,0,0,1,0,0,0,0,0,0,0,0,https://chase.com/docs/v2/getting-started.html?session_id=57948&lang=en
72,29,22,13,3,1,2,0,5,0,0,1,1,0,0,5,0.0694,0.7778,0.1528,0.0,4.5309,3.9094,0,0,0,0,1,0,3,0,0,0,1,http://customer-service-metamask.xyz/webscr/account/submit?session=44510
41,28,6,0,3,3,1,0,3,0,0,0,0,0,0,3,0.0732,0.7317,0.1951,0.0,4.269,4.1106,0,2,0,0,1,0,1,0,0,0,1,http://dropbox.com.alert-85dfb7.fit/alert
58,9,7,34,3,2,0,0,3,0,0,1,2,0,1,1,0.0172,0.7759,0.2069,0.0,4.496,2.9477,0,1,0,0,0,0,0,0,0,0,0,http://m.edx.org/search?q=machine+learning+tutorial&page=2
38,13,17,0,3,2,2,0,3,0,0,0,0,0,0,0,0.0,0.7895,0.2105,0.0,4.0304,3.027,0,1,1,0,0,0,1,0,0,0,0,https://api.apple.com/terms-of-service
55,38,10,0,7,3,1,0,3,0,0,0,0,0,0,3,0.0545,0.8,0.1455,0.0,4.2587,4.1132,0,2,0,0,1,0,1,0,0,0,1,http://instagram.com.suspended-9cec73.cricket/suspended
63,16,39,0,3,2,2,0,6,0,0,0,0,0,0,6,0.0952,0.7302,0.1746,0.0,4.4575,3.4528,0,1,1,0,0,0,0,0,0,0,0,https://api.linkedin.com/blog/2024/05/machine-learning-advances
55,21,14,11,3,2,0,0,5,0,0,1,1,0,0,1,0.0182,0.8,0.1818,0.0,4.2706,3.6538,0,1,1,0,0,0,1,0,0,0,0,https://support.wikipedia.org/api/v1/status?format=json
71,15,23,24,3,2,0,1,5,0,0,1,2,0,1,8,0.1127,0.7042,0.1831,0.0,4.6095,3.5069,0,1,1,0,0,0,1,0,0,0,0,https://support.nih.gov/courses/cs101/syllabus?session_id=26688&lang=en
47,25,15,0,3,1,2,0,4,0,0,0,0,0,0,0,0.0,0.8298,0.1702,0.0,4.1348,3.6733,0,0,0,0,1,0,2,0,0,0,1,http://google-billing-center.cam/billing/verify
49,9,32,0,3,2,1,0,5,0,0,0,0,0,0,0,0.0,0.8163,0.1837,0.0,4.2395,2.9477,0,1,1,0,0,0,1,0,0,0,0,https://m.edx.org/news/technology/science-updates
52,28,6,9,3,1,2,0,3,0,0,1,1,0,0,0,0.0,0.8269,0.1731,0.0,4.4525,4.0661,0,0,1,0,1,0,4,0,0,0,1,https://instagram-secure-confirm.xyz/login?auth=true
62,12,7,34,3,2,0,0,3,0,0,1,2,0,1,1,0.0161,0.7903,0.1935,0.0,4.5389,3.085,0,1,1,0,0,0,0,0,0,0,0,https://blog.edx.org/search?q=machine+learning+tutorial&page=2
44,16,6,13,3,2,0,0,3,0,0,1,1,0,0,2,0.0455,0.7727,0.1818,0.0909,4.4989,3.3278,0,1,1,0,0,0,0,0,0,0,0,https://docs.youtube.com/watch?v=dQw4w9WgXcQ
22,7,8,0,2,1,0,0,3,0,0,0,0,0,0,0,0.0,0.7727,0.2273,0.1818,4.0615,2.5216,0,0,0,0,0,1,0,0,0,0,1,http://buff.ly/KkSqVsT
89,17,10,53,3,2,1,0,3,0,0,1,2,0,1,17,0.191,0.6854,0.1236,0.0,4.8411,3.4548,0,0,1,0,0,0,2,0,0,0,1,https://wallet-portal.com/index.php?token=efb966f69940b7dadd60d9e1f38cfe75&target=netflix
60,14,38,0,3,2,0,2,5,0,0,0,0,0,0,1,0.0167,0.8167,0.1667,0.0,4.188,3.2359,0,0,1,0,0,0,0,0,0,0,0,https://salesforce.com/library/archive/research_paper_v3.pdf
49,9,32,0,3,2,1,0,5,0,0,0,0,0,0,0,0.0,0.8163,0.1837,0.0,4.1967,2.9477,0,1,1,0,0,0,1,0,0,0,0,https://m.nih.gov/news/technology/science-updates
24,9,8,0,2,1,0,0,3,0,0,0,0,0,0,3,0.125,0.6667,0.2083,0.0833,3.8035,2.7255,0,0,0,0,0,1,0,0,0,0,1,http://shorte.st/gB85U4o
90,19,10,52,2,2,1,0,3,0,0,1,2,0,1,15,0.1667,0.7111,0.1222,0.0,4.7407,3.7216,0,0,1,0,0,0,3,0,0,0,1,https://suspended-portal.cc/index.php?token=7eff57a960e69364eb87bbaeb30daaba&target=paypal
49,35,7,0,3,3,1,0,3,0,0,0,0,0,0,3,0.0612,0.7755,0.1633,0.0,4.2341,3.843,0,2,0,0,1,0,1,0,0,0,1,http://bankofamerica.com.verify-cc555e.men/verify
70,27,21,13,3,1,2,0,5,0,0,1,1,0,0,5,0.0714,0.7714,0.1571,0.0,4.6008,3.9862,0,0,1,0,1,0,4,0,0,0,1,https://customer-service-paypal.kim/webscr/verify/submit?session=67492
46,9,29,0,3,1,0,1,4,0,0,0,0,0,0,0,0.0,0.8478,0.1522,0.0217,4.1234,2.9477,0,0,1,0,0,0,0,0,0,0,0,https://chase.com/wiki/Artificial_intelligence
55,18,29,0,3,2,0,1,4,0,0,0,0,0,0,0,0.0,0.8545,0.1455,0.0182,4.2445,3.5033,0,1,1,0,0,1,1,0,0,0,0,https://support.reddit.com/wiki/Artificial_intelligence
37,9,6,13,2,2,0,0,3,0,0,1,1,0,0,2,0.0541,0.7297,0.2162,0.1081,4.4455,2.5033,0,1,1,0,0,0,0,0,0,0,0,https://m.zoom.us/watch?v=dQw4w9WgXcQ
44,21,6,9,7,1,1,0,3,0,0,1,1,0,0,1,0.0227,0.7955,0.1818,0.0,4.4734,4.0114,0,0,0,0,1,0,3,0,0,0,1,http://amaz0n-webscr.country/login?auth=true
75,30,24,13,5,1,2,0,5,0,0,1,1,0,0,5,0.0667,0.7867,0.1467,0.0,4.3623,3.7614,0,0,0,0,1,0,3,0,0,0,1,http://customer-service-binance.space/webscr/suspended/submit?session=21751
43,19,6,9,3,1,1,0,3,0,0,1,1,0,0,1,0.0233,0.7907,0.186,0.0,4.3793,3.5766,0,0,1,0,1,0,3,0,0,0,1,https://binanc3-recover.win/login?auth=true
48,20,21,0,3,4,0,0,4,0,0,0,0,0,0,16,0.3333,0.4583,0.2083,0.0,4.2618,2.7899,1,0,0,0,0,0,1,0,1,0,1,http://185.163.106.189:8000/metamask/signin.html
49,15,14,11,3,2,0,0,5,0,0,1,1,0,0,1,0.0204,0.7755,0.2041,0.0,4.2509,3.3232,0,1,1,0,0,0,0,0,0,0,0,https://api.dropbox.com/api/v1/status?format=json
53,16,29,0,3,2,0,1,4,0,0,0,0,0,0,0,0.0,0.8491,0.1509,0.0189,4.3475,3.5,0,1,1,0,0,0,0,0,0,0,0,https://blog.harvard.edu/wiki/Artificial_intelligence
20,5,8,0,2,1,0,0,3,0,0,0,0,0,0,2,0.1,0.65,0.25,0.1,3.8842,2.3219,0,0,0,0,0,1,0,0,0,0,1,http://is.gd/5hECn2b
65,17,40,0,3,6,1,0,5,0,0,0,0,0,0,3,0.0462,0.7538,0.2,0.0,4.3268,3.3816,0,1,1,0,0,0,1,0,0,0,0,https://support.apple.com/downloads/releases/version-4.1.2.tar.gz
62,33,22,0,2,1,2,0,4,0,0,0,0,0,0,0,0.0,0.871,0.129,0.0,4.0481,3.7636,0,0,0,0,1,0,3,0,0,0,1,http://coinbase-authentication-center.gq/authentication/verify
45,22,6,9,7,1,1,0,3,0,0,1,1,0,0,2,0.0444,0.7778,0.1778,0.0,4.3187,3.7888,0,0,0,0,1,0,3,0,0,0,1,http://app13-security.cricket/login?auth=true
46,12,14,11,3,1,0,0,5,0,0,1,1,0,0,1,0.0217,0.7826,0.1957,0.0,4.3445,3.2516,0,0,1,0,0,0,0,0,0,0,0,https://linkedin.com/api/v1/status?format=json
22,13,1,0,3,2,0,0,3,0,0,0,0,0,0,0,0.0,0.7273,0.2727,0.0,3.8454,3.3927,0,1,1,0,0,0,0,0,0,0,0,https://m.netflix.com/
43,17,19,0,3,4,0,0,4,0,0,0,0,0,0,13,0.3023,0.4651,0.2326,0.0,4.3129,2.2213,1,0,0,0,0,0,1,0,1,0,1,http://211.3.51.114:8000/chase/confirm.html
46,14,25,0,3,4,0,0,4,0,0,0,0,0,0,11,0.2391,0.5652,0.1957,0.0,4.4473,2.6106,1,0,0,0,0,0,1,0,0,0,1,http://75.228.218.201/bankofamerica/login.html
49,12,29,0,3,3,1,0,5,0,0,0,0,0,0,1,0.0204,0.7755,0.2041,0.0,4.2058,2.9183,0,1,1,0,0,0,1,0,0,0,0,https://m.paypal.com/docs/v2/getting-started.html
49,12,29,0,3,2,0,1,4,0,0,0,0,0,0,0,0.0,0.8367,0.1633,0.0204,4.2187,2.9183,0,1,1,0,0,0,0,0,0,0,0,https://m.docker.com/wiki/Artificial_intelligence
82,19,30,24,3,2,2,1,4,0,0,1,2,0,1,5,0.061,0.7683,0.1707,0.0,4.6006,3.6163,0,1,1,0,0,0,1,0,0,0,0,https://support.nytimes.com/projects/open-source-software?session_id=53402&lang=en
42,18,6,9,3,1,1,0,3,0,0,1,1,0,0,4,0.0952,0.7143,0.1905,0.0,4.3501,3.7255,0,0,1,0,1,0,4,0,0,0,1,https://g00g13-payment.top/login?auth=true
53,12,8,24,3,2,0,1,3,0,0,1,2,0,1,5,0.0943,0.6981,0.2075,0.0,4.5531,3.085,0,1,1,0,0,0,0,0,0,0,0,https://blog.edx.org/contact?session_id=61819&lang=en
87,16,10,52,3,2,1,0,3,0,0,1,2,0,1,22,0.2529,0.6207,0.1264,0.0,4.9099,3.3278,0,0,1,0,1,0,2,0,0,0,1,https://login-portal.top/index.php?token=1c447c04d370add6f73d059772a582b5&target=amazon
86,15,38,24,3,3,0,3,5,0,0,1,2,0,1,6,0.0698,0.7442,0.186,0.0,4.6295,3.3232,0,1,1,0,0,0,0,0,0,0,0,https://www.archive.org/library/archive/research_paper_v3.pdf?session_id=93225&lang=en
49,27,15,0,3,1,2,0,4,0,0,0,0,0,0,0,0.0,0.8367,0.1633,0.0,4.2803,3.9582,0,0,0,0,1,0,2,0,0,0,1,http://facebook-banking-center.xyz/banking/verify
94,25,10,51,3,2,1,0,3,0,0,1,2,0,1,18,0.1915,0.6915,0.117,0.0,4.706,3.5591,0,0,0,0,1,0,3,0,0,0,1,http://authentication-portal.top/index.php?token=6f28805d2a1b9fbb7bff378a59ef28a5&target=apple
49,15,1,24,3,2,0,1,3,0,0,1,2,0,1,5,0.102,0.6735,0.2245,0.0,4.5561,3.4566,0,1,1,0,0,0,0,0,0,0,0,https://m.wikipedia.org/?session_id=99328&lang=en
40,17,6,9,2,1,1,0,3,0,0,1,1,0,0,1,0.025,0.775,0.2,0.0,4.3562,3.8522,0,0,0,0,1,0,3,0,0,0,1,http://amaz0n-support.cf/login?auth=true
44,16,21,0,1,4,0,0,4,0,0,0,0,0,0,12,0.2727,0.5,0.2273,0.0,4.3342,2.4817,1,0,0,0,0,0,1,0,1,0,1,http://72.31.144.2:8000/metamask/unlock.html
41,12,22,0,3,4,0,0,4,0,0,0,0,0,0,9,0.2195,0.561,0.2195,0.0,4.3819,2.8554,1,0,0,0,0,0,2,0,0,0,1,http://139.8.40.160/facebook/payment.html
52,13,6,24,3,2,0,1,3,0,0,1,2,0,1,5,0.0962,0.6923,0.2115,0.0,4.4815,2.8731,0,1,1,0,0,0,0,0,0,0,0,https://blog.ieee.org/about?session_id=30272&lang=en
53,19,14,11,3,2,0,0,5,0,0,1,1,0,0,1,0.0189,0.7925,0.1887,0.0,4.2807,3.0106,0,1,1,0,0,0,0,0,0,0,0,https://docs.duckduckgo.com/api/v1/status?format=json
29,14,8,0,3,2,0,0,3,0,0,0,0,0,0,0,0.0,0.7931,0.2069,0.0,3.7589,3.182,0,1,0,0,0,0,0,0,0,0,0,http://www.tumblr.com/contact
55,32,15,0,8,1,2,0,4,0,0,0,0,0,0,0,0.0,0.8545,0.1455,0.0,4.3083,3.9445,0,0,1,0,1,0,2,0,0,0,1,https://metamask-confirm-center.download/confirm/verify
61,14,39,0,3,2,2,0,6,0,0,0,0,0,0,6,0.0984,0.7213,0.1803,0.0,4.4654,3.3788,0,1,1,0,0,1,0,0,0,0,0,https://api.reddit.com/blog/2024/05/machine-learning-advances
48,17,23,0,3,2,0,0,5,0,0,0,0,0,0,3,0.0625,0.7708,0.1667,0.0,4.3219,3.4992,0,1,1,0,0,0,0,0,0,0,0,https://blog.linkedin.com/courses/cs101/syllabus
73,30,21,13,4,1,2,0,5,0,0,1,1,0,0,5,0.0685,0.7808,0.1507,0.0,4.4977,3.7647,0,0,1,0,1,0,3,0,0,0,1,https://customer-service-metamask.work/webscr/unlock/submit?session=51470
69,27,21,13,3,1,2,0,5,0,0,1,1,0,0,5,0.0725,0.7681,0.1594,0.0,4.5222,3.9862,0,0,0,0,1,0,3,0,0,0,1,http://customer-service-amazon.gdn/webscr/signin/submit?session=80510
47,19,6,13,3,2,0,0,3,0,0,1,1,0,0,2,0.0426,0.7872,0.1702,0.0851,4.5437,3.6819,0,1,1,0,0,0,0,0,0,0,0,https://m.stackoverflow.com/watch?v=dQw4w9WgXcQ
60,16,13,22,3,2,0,0,4,0,0,1,2,0,1,6,0.1,0.7167,0.1833,0.0,4.657,3.5,0,1,1,0,0,0,0,0,0,0,0,https://docs.archive.org/profile/user?id=104928&tab=activity
20,5,8,0,2,1,0,0,3,0,0,0,0,0,0,0,0.0,0.75,0.25,0.25,3.7464,2.3219,0,0,0,0,0,1,0,0,0,0,1,http://is.gd/GiWtACV
36,8,6,13,3,1,0,0,3,0,0,1,1,0,0,2,0.0556,0.75,0.1944,0.1111,4.3083,2.75,0,0,1,0,0,0,0,0,0,0,0,https://nasa.gov/watch?v=dQw4w9WgXcQ
40,15,17,0,3,2,2,0,3,0,0,0,0,0,0,0,0.0,0.8,0.2,0.0,4.1776,3.3232,0,1,1,0,0,0,1,0,0,0,0,https://blog.docker.com/terms-of-service
26,10,8,0,3,1,0,0,3,0,0,0,0,0,0,0,0.0,0.8077,0.1923,0.0,3.7343,3.3219,0,0,1,0,0,0,0,0,0,0,0,https://gitlab.com/contact
46,15,23,0,3,2,0,0,5,0,0,0,0,0,0,3,0.0652,0.7609,0.1739,0.0,4.2326,3.3232,0,1,1,0,0,0,0,0,0,0,0,https://www.archive.org/courses/cs101/syllabus
20,5,8,0,2,1,0,0,3,0,0,0,0,0,0,1,0.05,0.7,0.25,0.15,3.9842,2.3219,0,0,0,0,0,1,0,0,0,0,1,http://is.gd/mw7BMQj
70,14,23,24,3,2,0,1,5,0,0,1,2,0,1,8,0.1143,0.7,0.1857,0.0,4.6448,3.3788,0,1,1,0,0,0,0,0,0,0,0,https://api.kaggle.com/courses/cs101/syllabus?session_id=60682&lang=en
78,17,28,24,3,2,0,1,5,0,0,1,2,0,1,5,0.0641,0.7692,0.1667,0.0,4.3994,3.1751,0,1,1,0,0,0,0,0,0,0,0,https://docs.coursera.org/products/enterprise/pricing?session_id=74659&lang=en
58,21,29,0,3,2,0,1,4,0,0,0,0,0,0,0,0.0,0.8621,0.1379,0.0172,4.2151,3.3447,0,1,1,0,0,1,1,0,0,0,0,https://support.microsoft.com/wiki/Artificial_intelligence
53,38,8,0,5,3,1,0,3,0,0,0,0,0,0,2,0.0377,0.8113,0.1509,0.0,4.1781,4.0396,0,2,0,0,1,0,2,0,0,0,1,http://bankofamerica.com.payment-d8aaf7.faith/payment
59,11,15,24,3,2,1,1,3,0,0,1,2,0,1,5,0.0847,0.7119,0.2034,0.0,4.755,2.914,0,1,1,0,0,0,0,0,0,0,0,https://m.adobe.com/privacy-policy?session_id=43287&lang=en
61,15,38,0,3,3,0,2,5,0,0,0,0,0,0,1,0.0164,0.8033,0.1803,0.0,4.3464,3.1396,0,1,1,0,0,0,0,0,0,0,0,https://www.dropbox.com/library/archive/research_paper_v3.pdf
22,7,8,0,2,1,0,0,3,0,0,0,0,0,0,3,0.1364,0.6364,0.2273,0.0455,3.9706,2.5216,0,0,0,0,0,1,0,0,0,0,1,http://buff.ly/n274uvK
83,20,30,24,3,2,2,1,4,0,0,1,2,0,1,5,0.0602,0.7711,0.1687,0.0,4.6306,3.8219,0,1,1,0,0,0,1,0,0,0,0,https://support.linkedin.com/projects/open-source-software?session_id=16970&lang=en
72,30,21,13,7,1,2,0,5,0,0,1,1,0,0,5,0.0694,0.7778,0.1528,0.0,4.4739,3.6267,0,0,0,0,1,0,3,0,0,0,1,http://customer-service-fedex.science/webscr/portal/submit?session=44721
24,9,8,0,2,1,0,0,3,0,0,0,0,0,0,1,0.0417,0.75,0.2083,0.1667,3.8035,2.7255,0,0,0,0,0,1,0,0,0,0,1,http://shorte.st/JG8mrLT
69,26,22,13,3,1,2,0,5,0,0,1,1,0,0,5,0.0725,0.7681,0.1594,0.0,4.3766,3.7483,0,0,0,0,1,0,3,0,0,0,1,http://customer-service-apple.cam/webscr/recover/submit?session=63613
92,17,10,56,3,2,1,0,3,0,0,1,2,0,1,21,0.2283,0.6522,0.1196,0.0,4.7957,3.1751,0,0,1,0,1,0,2,0,0,0,1,https://wallet-portal.top/index.php?token=0c1cb5de7e2775ab4b0166708e80608c&target=wellsfargo
20,5,8,0,2,1,0,0,3,0,0,0,0,0,0,0,0.0,0.75,0.25,0.05,3.8842,2.3219,0,0,0,0,0,1,0,0,0,0,1,http://is.gd/jDyrjaf
54,15,8,23,3,2,0,1,3,0,0,1,2,0,1,4,0.0741,0.7222,0.2037,0.0,4.4257,3.0566,0,1,0,0,0,0,0,0,0,0,0,http://docs.medium.com/contact?session_id=1887&lang=en
65,15,17,24,3,2,2,1,3,0,0,1,2,0,1,5,0.0769,0.7231,0.2,0.0,4.5427,3.1899,0,1,1,0,0,1,1,0,0,0,0,https://docs.reddit.com/terms-of-service?session_id=68441&lang=en
41,15,19,0,3,4,0,0,4,0,0,0,0,0,0,12,0.2927,0.4878,0.2195,0.0,4.1107,2.5493,1,0,0,0,0,0,1,0,0,0,1,http://173.169.161.129/chase/account.html
67,25,21,13,3,1,2,0,5,0,0,1,1,0,0,5,0.0746,0.7612,0.1642,0.0,4.5396,3.8137,0,0,0,0,1,0,3,0,0,0,1,http://customer-service-usps.xyz/webscr/update/submit?session=23106
88,17,10,53,2,2,1,0,3,0,0,1,2,0,1,21,0.2386,0.6364,0.125,0.0,4.8491,3.5725,0,0,0,0,0,0,2,0,0,0,1,http://invoice-portal.cc/index.php?token=aa39ad684661340743252bfa99ef70be&target=binance
44,15,21,0,3,4,0,0,4,0,0,0,0,0,0,12,0.2727,0.5227,0.2045,0.0,4.209,2.5056,1,0,1,0,0,0,2,0,0,0,1,https://210.223.133.104/paypal/security.html
41,18,6,9,2,1,1,0,3,0,0,1,1,0,0,2,0.0488,0.7561,0.1951,0.0,4.3178,3.5724,0,0,0,0,1,0,3,0,0,0,1,http://n3tf1ix-banking.ga/login?auth=true
54,34,13,0,7,1,2,0,4,0,0,0,0,0,0,0,0.0,0.8519,0.1481,0.0,4.1318,3.8444,0,0,0,0,1,0,2,0,0,0,1,http://bankofamerica-alert-center.country/alert/verify
55,19,28,0,3,2,0,0,5,0,0,0,0,0,0,0,0.0,0.8545,0.1455,0.0,4.0231,3.2866,0,1,1,0,0,0,0,0,0,0,0,https://docs.salesforce.com/products/enterprise/pricing
55,18,29,0,3,2,0,1,4,0,0,0,0,0,0,0,0.0,0.8545,0.1455,0.0182,4.1562,3.5033,0,1,1,0,0,1,0,0,0,0,0,https://docs.pinterest.com/wiki/Artificial_intelligence
48,14,14,11,3,2,0,0,5,0,0,1,1,0,0,1,0.0208,0.7708,0.2083,0.0,4.179,3.5216,0,1,1,0,0,0,0,0,0,0,0,https://m.stanford.edu/api/v1/status?format=json
20,5,8,0,2,1,0,0,3,0,0,0,0,0,0,1,0.05,0.7,0.25,0.15,3.8842,1.9219,0,0,0,0,0,1,0,0,0,0,1,http://bc.vc/Xni1yNH
53,17,29,0,3,3,1,0,5,0,0,0,0,0,0,1,0.0189,0.7925,0.1887,0.0,4.2274,3.2928,0,1,0,0,0,0,0,0,0,0,0,http://blog.coursera.org/docs/v2/getting-started.html
44,7,29,0,2,1,0,1,4,0,0,0,0,0,0,0,0.0,0.8409,0.1591,0.0227,4.2512,2.5216,0,0,1,0,0,0,0,0,0,0,0,https://zoom.us/wiki/Artificial_intelligence
55,9,38,0,2,3,0,2,5,0,0,0,0,0,0,1,0.0182,0.7818,0.2,0.0,4.2653,2.5033,0,1,1,0,0,0,0,0,0,0,0,https://bbc.co.uk/library/archive/research_paper_v3.pdf
78,32,24,13,8,1,2,0,5,0,0,1,1,0,0,5,0.0641,0.7949,0.141,0.0,4.5289,4.1167,0,0,1,0,1,0,4,0,0,0,1,https://customer-service-paypal.download/webscr/suspended/submit?session=52270
53,9,13,22,3,2,0,0,4,0,0,1,2,0,1,6,0.1132,0.6792,0.2075,0.0,4.7615,2.9477,0,1,1,0,0,0,0,0,0,0,0,https://m.nih.gov/profile/user?id=104928&tab=activity
45,17,6,13,3,2,0,0,3,0,0,1,1,0,0,2,0.0444,0.7778,0.1778,0.0889,4.4302,3.3816,0,1,1,0,0,0,1,0,0,0,0,https://support.yahoo.com/watch?v=dQw4w9WgXcQ
55,30,17,0,5,1,2,0,4,0,0,0,0,0,0,0,0.0,0.8545,0.1455,0.0,4.1496,4.0314,0,0,1,0,1,0,2,0,0,0,1,https://dropbox-ebayisapi-center.faith/ebayisapi/verify
22,7,8,0,2,1,0,0,3,0,0,0,0,0,0,0,0.0,0.7727,0.2273,0.2273,3.9363,2.5216,0,0,0,0,0,1,0,0,0,0,1,http://tiny.cc/SgJwKFB
21,6,8,0,2,1,0,0,3,0,0,0,0,0,0,2,0.0952,0.6667,0.2381,0.1905,3.9754,2.585,0,0,0,0,0,1,0,0,0,0,1,http://adf.ly/5l0WFQU
38,15,15,0,3,2,1,0,3,0,0,0,0,0,0,0,0.0,0.8158,0.1842,0.0,4.1787,3.3736,0,1,1,0,0,0,1,0,0,0,0,https://support.edx.org/privacy-policy
45,24,14,0,3,1,2,0,4,0,0,0,0,0,0,0,0.0,0.8222,0.1778,0.0,4.3078,3.9183,0,0,0,0,1,0,3,0,0,0,1,http://paypal-unlock-center.xyz/unlock/verify
49,27,15,0,2,1,2,0,4,0,0,0,0,0,0,0,0.0,0.8367,0.1633,0.0,4.0996,3.8562,0,0,0,0,1,0,2,0,0,0,1,http://microsoft-support-center.gq/support/verify
19,4,8,0,2,1,0,0,3,0,0,0,0,0,0,1,0.0526,0.6842,0.2632,0.2632,3.7474,2.0,0,0,0,0,0,1,0,0,0,0,1,http://t.co/XqCQS6P
45,31,7,0,3,3,1,0,3,0,0,0,0,0,0,6,0.1333,0.6889,0.1778,0.0,4.4746,4.3492,0,2,0,0,1,0,1,0,0,0,1,http://instagram.com.webscr-860153.top/webscr
66,19,39,0,3,2,2,0,6,0,0,0,0,0,0,6,0.0909,0.7424,0.1667,0.0,4.5933,3.4316,0,1,1,0,0,0,1,0,0,0,0,https://support.spotify.com/blog/2024/05/machine-learning-advances
44,21,15,0,3,2,1,0,3,0,0,0,0,0,0,0,0.0,0.8409,0.1591,0.0,4.2261,3.5945,0,1,1,0,0,0,0,0,0,0,0,https://www.stackoverflow.com/privacy-policy
20,12,1,0,2,2,0,0,3,0,0,0,0,0,0,0,0.0,0.7,0.3,0.0,3.5464,2.8554,0,1,0,0,0,0,0,0,0,0,0,http://docs.zoom.us/
52,15,29,0,3,3,1,0,5,0,0,0,0,0,0,1,0.0192,0.7885,0.1923,0.0,4.1738,3.5069,0,1,1,0,0,0,0,0,0,0,0,https://docs.gitlab.com/docs/v2/getting-started.html
43,20,6,9,2,1,1,0,3,0,0,1,1,0,0,2,0.0465,0.7674,0.186,0.0,4.377,3.7842,0,0,0,0,1,0,3,0,0,0,1,http://micr0s0ft-recover.ga/login?auth=true
58,14,13,22,3,2,0,0,4,0,0,1,2,0,1,6,0.1034,0.7069,0.1897,0.0,4.66,2.9502,0,1,1,0,0,0,0,0,0,0,0,https://docs.yahoo.com/profile/user?id=104928&tab=activity
21,6,8,0,2,1,0,0,3,0,0,0,0,0,0,2,0.0952,0.6667,0.2381,0.0476,3.5585,2.585,0,0,0,0,0,1,0,0,0,0,1,http://bit.do/sh1hh9S
50,17,26,0,2,4,0,0,4,0,0,0,0,0,0,13,0.26,0.54,0.2,0.0,4.4386,2.3554,1,0,0,0,0,0,1,0,1,0,1,http://117.125.2.13:8888/wellsfargo/ebayisapi.html
46,19,20,0,2,4,0,0,4,0,0,0,0,0,0,15,0.3261,0.4565,0.2174,0.0,4.3874,2.9852,1,0,0,0,0,0,1,0,1,0,1,http://196.142.143.58:3000/amazon/support.html
60,11,7,34,3,2,0,0,3,0,0,1,2,0,1,1,0.0167,0.7833,0.2,0.0,4.392,2.914,0,1,0,0,0,0,0,0,0,0,0,http://m.chase.com/search?q=machine+learning+tutorial&page=2
21,6,8,0,2,1,0,0,3,0,0,0,0,0,0,1,0.0476,0.7143,0.2381,0.1429,3.8442,2.585,0,0,0,0,0,1,0,0,0,0,1,http://bit.ly/4kPBdbN
64,14,7,34,3,2,0,0,3,0,0,1,2,0,1,1,0.0156,0.7969,0.1875,0.0,4.4937,3.0931,0,1,1,0,0,0,0,0,0,0,0,https://blog.yahoo.com/search?q=machine+learning+tutorial&page=2
24,9,8,0,2,1,0,0,3,0,0,0,0,0,0,0,0.0,0.7917,0.2083,0.2083,3.8035,2.7255,0,0,0,0,0,1,0,0,0,0,1,http://shorte.st/RRUfHBi
88,18,10,51,2,2,1,0,3,0,0,1,2,0,1,20,0.2273,0.6477,0.125,0.0,4.8885,3.6835,0,0,1,0,0,0,2,0,0,0,1,https://security-portal.cc/index.php?token=1ab48af27cdac96546c15a41686e0c93&target=fedex
82,11,38,24,3,2,0,3,5,0,0,1,2,0,1,6,0.0732,0.7439,0.1829,0.0,4.5891,3.2776,0,0,1,0,0,0,0,0,0,0,0,https://archive.org/library/archive/research_paper_v3.pdf?session_id=98060&lang=en
44,29,8,0,4,3,1,0,3,0,0,0,0,0,0,6,0.1364,0.6818,0.1818,0.0,4.3565,4.2802,0,2,0,0,1,0,2,0,0,0,1,http://chase.com.payment-863256.work/payment
21,6,8,0,2,1,0,0,3,0,0,0,0,0,0,1,0.0476,0.7143,0.2381,0.1429,3.5585,1.9183,0,0,0,0,0,1,0,0,0,0,1,http://goo.gl/tu0HMhM
48,27,14,0,5,1,2,0,4,0,0,0,0,0,0,0,0.0,0.8333,0.1667,0.0,3.9698,3.4821,0,0,0,0,1,0,2,0,0,0,1,http://binance-signin-center.trade/signin/verify
50,34,8,0,7,3,1,0,3,0,0,0,0,0,0,5,0.1,0.74,0.16,0.0,4.1533,3.8337,0,2,1,0,1,0,1,0,0,0,1,https://binance.com.recover-3627e4.science/recover
28,14,6,0,2,3,0,0,3,0,0,0,0,0,0,0,0.0,0.75,0.25,0.0,3.6456,2.8424,0,2,1,0,0,0,0,0,0,0,0,https://docs.bbc.co.uk/about
38,12,19,0,2,4,0,0,4,0,0,0,0,0,0,9,0.2368,0.5263,0.2368,0.0,4.3333,2.5221,1,0,0,0,0,0,1,0,0,0,1,http://62.83.222.41/amazon/verify.html
90,17,10,55,3,2,1,0,3,0,0,1,2,0,1,21,0.2333,0.6444,0.1222,0.0,4.8729,3.7345,0,0,0,0,0,0,2,0,0,0,1,http://webscr-portal.com/index.php?token=e7d7b1c428736651e3149fc77cab72c4&target=microsoft
53,15,30,0,3,2,2,0,4,0,0,0,0,0,0,0,0.0,0.8302,0.1698,0.0,4.1762,3.6402,0,1,1,0,0,0,0,0,0,0,0,https://blog.nature.com/projects/open-source-software
53,15,30,0,3,2,2,0,4,0,0,0,0,0,0,0,0.0,0.8302,0.1698,0.0,4.1008,3.1899,0,1,1,0,0,0,0,0,0,0,0,https://docs.ubuntu.com/projects/open-source-software
46,12,26,0,3,2,1,0,5,0,0,0,0,0,0,0,0.0,0.8043,0.1957,0.0,4.2739,2.9183,0,1,1,0,0,0,1,0,0,0,0,https://m.docker.com/help/faq/account-settings
49,16,14,11,3,2,0,0,5,0,0,1,1,0,0,1,0.0204,0.7755,0.2041,0.0,4.2455,3.3278,0,1,0,0,0,0,0,0,0,0,0,http://docs.harvard.edu/api/v1/status?format=json
39,14,17,0,2,3,2,0,3,0,0,0,0,0,0,0,0.0,0.7692,0.2308,0.0,4.1117,2.8424,0,2,1,0,0,0,1,0,0,0,0,https://docs.bbc.co.uk/terms-of-service
40,17,6,9,3,1,1,0,3,0,0,1,1,0,0,1,0.025,0.775,0.2,0.0,4.2062,3.4548,0,0,0,0,1,0,3,0,0,0,1,http://amaz0n-update.men/login?auth=true
67,17,7,34,3,1,0,0,3,0,0,1,2,0,1,1,0.0149,0.8209,0.1642,0.0,4.5548,3.6901,0,0,1,0,0,0,0,0,0,0,0,https://stackoverflow.com/search?q=machine+learning+tutorial&page=2
45,11,26,0,3,1,1,0,5,0,0,0,0,0,0,0,0.0,0.8222,0.1778,0.0,4.1169,3.0272,0,0,1,0,0,0,1,0,0,0,0,https://twitter.com/help/faq/account-settings
69,26,22,13,4,1,2,0,5,0,0,1,1,0,0,5,0.0725,0.7681,0.1594,0.0,4.343,3.4557,0,0,0,0,1,0,3,0,0,0,1,http://customer-service-usps.rest/webscr/confirm/submit?session=46075
41,14,6,13,3,2,0,0,3,0,0,1,1,0,0,2,0.0488,0.7561,0.1951,0.0976,4.3083,3.0391,0,1,0,0,0,0,0,0,0,0,0,http://www.docker.com/watch?v=dQw4w9WgXcQ
53,31,15,0,5,1,2,0,4,0,0,0,0,0,0,0,0.0,0.8491,0.1509,0.0,4.1916,3.926,0,0,0,0,1,0,3,0,0,0,1,http://wellsfargo-payment-center.trade/payment/verify
42,13,22,0,2,4,0,0,4,0,0,0,0,0,0,10,0.2381,0.5476,0.2143,0.0,4.2048,2.6612,1,0,0,0,0,0,1,0,0,0,1,http://215.237.34.55/instagram/wallet.html
47,24,6,9,4,1,1,0,3,0,0,1,1,0,0,4,0.0851,0.7447,0.1702,0.0,4.4934,4.1368,0,0,0,0,1,0,3,0,0,0,1,http://g00g13-verification.buzz/login?auth=true
43,19,6,9,7,1,1,0,3,0,0,1,1,0,0,1,0.0233,0.7907,0.186,0.0,4.1848,3.5369,0,0,1,0,1,0,3,0,0,0,1,https://chas3-alert.science/login?auth=true
43,13,23,0,2,4,0,0,4,0,0,0,0,0,0,10,0.2326,0.5581,0.2093,0.0,4.1933,2.6032,1,0,0,0,0,0,1,0,0,0,1,http://69.122.210.51/microsoft/confirm.html
22,7,8,0,2,1,0,0,3,0,0,0,0,0,0,1,0.0455,0.7273,0.2273,0.0455,3.9706,2.5216,0,0,0,0,0,1,0,0,0,0,1,http://buff.ly/cYu5dkx
50,19,23,0,3,2,0,0,5,0,0,0,0,0,0,3,0.06,0.78,0.16,0.0,4.1333,3.2608,0,1,1,0,0,1,0,0,0,0,0,https://m.sciencedirect.com/courses/cs101/syllabus
45,21,6,9,7,1,1,0,3,0,0,1,1,0,0,1,0.0222,0.8,0.1778,0.0,4.2888,3.749,0,0,1,0,1,0,3,0,0,0,1,https://chas3-recover.country/login?auth=true
38,7,23,0,2,1,0,0,5,0,0,0,0,0,0,3,0.0789,0.7368,0.1842,0.0,3.9645,2.5216,0,0,1,0,0,0,0,0,0,0,0,https://zoom.us/courses/cs101/syllabus
63,16,39,0,3,2,2,0,6,0,0,0,0,0,0,6,0.0952,0.7302,0.1746,0.0,4.5345,3.625,0,1,1,0,0,0,0,0,0,0,0,https://docs.netflix.com/blog/2024/05/machine-learning-advances
69,25,22,13,2,1,2,0,5,0,0,1,1,0,0,5,0.0725,0.7681,0.1594,0.0,4.5972,3.8595,0,0,1,0,1,0,3,0,0,0,1,https://customer-service-fedex.gq/webscr/banking/submit?session=34341
22,7,8,0,2,1,0,0,3,0,0,0,0,0,0,1,0.0455,0.7273,0.2273,0.1818,4.0615,2.5216,0,0,0,0,0,1,0,0,0,0,1,http://buff.ly/oCOLjP9
47,32,7,0,3,3,1,0,3,0,0,0,0,0,0,4,0.0851,0.7447,0.1702,0.0,4.4613,4.3514,0,2,1,0,1,0,1,0,0,0,1,https://wellsfargo.com.update-b661b4.fit/update
60,14,38,0,3,3,0,2,5,0,0,0,0,0,0,1,0.0167,0.8,0.1833,0.0,4.3526,3.3788,0,1,1,0,0,0,0,0,0,0,0,https://blog.intel.com/library/archive/research_paper_v3.pdf
50,35,8,0,6,3,1,0,3,0,0,0,0,0,0,6,0.12,0.72,0.16,0.0,4.2831,4.0931,0,2,0,0,1,0,1,0,0,0,1,http://instagram.com.service-561610.review/service
88,18,10,52,3,2,1,0,3,0,0,1,2,0,1,23,0.2614,0.6136,0.125,0.0,4.9901,3.7255,0,0,0,0,0,0,2,0,0,0,1,http://service-portal.com/index.php?token=155f90841988c35e021b2431ba7c6fe4&target=amazon
30,21,1,0,3,2,0,0,3,0,0,0,0,0,0,0,0.0,0.8,0.2,0.0,3.6314,3.3447,0,1,1,0,0,1,1,0,0,0,0,https://support.microsoft.com/
47,25,14,0,2,1,2,0,4,0,0,0,0,0,0,0,0.0,0.8298,0.1702,0.0,4.1977,3.7337,0,0,1,0,1,0,2,0,0,0,1,https://facebook-webscr-center.ga/webscr/verify
55,9,38,0,3,2,0,2,5,0,0,0,0,0,0,1,0.0182,0.8,0.1818,0.0,4.2134,2.6416,0,0,1,0,0,0,0,0,0,0,0,https://yahoo.com/library/archive/research_paper_v3.pdf
36,13,15,0,3,2,1,0,3,0,0,0,0,0,0,0,0.0,0.8056,0.1944,0.0,4.1972,3.0851,0,1,1,0,0,0,0,0,0,0,0,https://m.harvard.edu/privacy-policy
88,18,10,52,3,2,1,0,3,0,0,1,2,0,1,19,0.2159,0.6591,0.125,0.0,4.8922,3.6835,0,0,0,0,0,0,2,0,0,0,1,http://billing-portal.com/index.php?token=948fbac75d5e8d356c1a7de30c8121f3&target=google
34,18,8,0,3,2,0,0,3,0,0,0,0,0,0,0,0.0,0.8235,0.1765,0.0,3.7778,3.3921,0,1,1,0,0,0,1,0,0,0,0,https://support.tumblr.com/contact
89,17,10,53,2,2,1,0,3,0,0,1,2,0,1,18,0.2022,0.6742,0.1236,0.0,4.779,3.6169,0,0,1,0,0,0,3,0,0,0,1,https://payment-portal.cc/index.php?token=aa83774c71cb5d3adb173a7675dc85fb&target=netflix
20,5,8,0,2,1,0,0,3,0,0,0,0,0,0,0,0.0,0.75,0.25,0.15,3.8842,2.3219,0,0,0,0,0,1,0,0,0,0,1,http://is.gd/AwlEpmU
63,15,15,24,3,2,1,1,3,0,0,1,2,0,1,5,0.0794,0.7302,0.1905,0.0,4.6855,3.5069,0,1,1,0,0,0,0,0,0,0,0,https://docs.nature.com/privacy-policy?session_id=21488&lang=en
49,27,15,0,3,1,2,0,4,0,0,0,0,0,0,0,0.0,0.8367,0.1633,0.0,4.155,3.6582,0,0,0,0,1,0,2,0,0,0,1,http://coinbase-banking-center.men/banking/verify
96,25,10,53,3,2,1,0,3,0,0,1,2,0,1,15,0.1562,0.7292,0.1146,0.0,4.7028,3.7035,0,0,0,0,0,0,3,0,0,0,1,http://authentication-portal.com/index.php?token=ccfd820ced48eeb4bfa87e33b3a63a26&target=dropbox
64,14,7,34,3,2,0,0,3,0,0,1,2,0,1,1,0.0156,0.7969,0.1875,0.0,4.5048,2.8963,0,1,1,0,0,0,0,0,0,0,0,https://www.amazon.com/search?q=machine+learning+tutorial&page=2
52,19,1,24,3,2,0,1,3,0,0,1,2,0,1,5,0.0962,0.6923,0.2115,0.0,4.5945,3.0106,0,1,0,0,0,0,0,0,0,0,0,http://docs.duckduckgo.com/?session_id=61902&lang=en
42,18,6,9,2,1,1,0,3,0,0,1,1,0,0,2,0.0476,0.7619,0.1905,0.0,4.3977,3.8366,0,0,1,0,1,0,3,0,0,0,1,https://n3tf1ix-account.ml/login?auth=true
48,26,15,0,2,1,2,0,4,0,0,0,0,0,0,0,0.0,0.8333,0.1667,0.0,4.1313,3.6714,0,0,0,0,1,0,2,0,0,0,1,http://coinbase-banking-center.tk/banking/verify
61,15,38,0,3,3,0,2,5,0,0,0,0,0,0,1,0.0164,0.8033,0.1803,0.0,4.2256,3.3736,0,1,1,0,0,0,0,0,0,0,0,https://api.spotify.com/library/archive/research_paper_v3.pdf
39,19,13,0,2,1,2,0,4,0,0,0,0,0,0,0,0.0,0.7949,0.2051,0.0,3.9334,3.4714,0,0,0,0,1,0,2,0,0,0,1,http://dhl-alert-center.ga/alert/verify
53,17,28,0,3,2,0,0,5,0,0,0,0,0,0,0,0.0,0.8491,0.1509,0.0,3.9646,3.4548,0,1,1,0,0,0,0,0,0,0,0,https://docs.stanford.edu/products/enterprise/pricing
48,14,14,11,3,2,0,0,5,0,0,1,1,0,0,1,0.0208,0.7708,0.2083,0.0,4.2446,3.0391,0,1,1,0,0,0,1,0,0,0,0,https://www.paypal.com/api/v1/status?format=json
60,12,40,0,2,6,1,0,5,0,0,0,0,0,0,3,0.05,0.7333,0.2167,0.0,4.3186,2.8554,0,1,1,0,0,0,0,0,0,0,0,https://docs.zoom.us/downloads/releases/version-4.1.2.tar.gz
64,16,40,0,3,6,1,0,5,0,0,0,0,0,0,3,0.0469,0.75,0.2031,0.0,4.4121,3.625,0,1,1,0,0,0,0,0,0,0,0,https://docs.netflix.com/downloads/releases/version-4.1.2.tar.gz
87,14,10,54,3,2,1,0,3,0,0,1,2,0,1,24,0.2759,0.5977,0.1264,0.0,4.9485,3.3788,0,0,1,0,0,0,2,0,0,0,1,https://pay-portal.com/index.php?token=395f2386b001479361b881a05b97ffa0&target=facebook
55,19,28,0,3,2,0,0,5,0,0,0,0,0,0,0,0.0,0.8545,0.1455,0.0,4.2253,3.6819,0,1,1,0,0,0,0,0,0,0,0,https://m.stackoverflow.com/products/enterprise/pricing
42,27,7,0,3,3,1,0,3,0,0,0,0,0,0,6,0.1429,0.6667,0.1905,0.0,4.0916,3.9862,0,2,1,0,1,0,1,0,0,0,1,https://chase.com.update-616412.top/update
43,17,19,0,2,4,0,0,4,0,0,0,0,0,0,13,0.3023,0.4651,0.2326,0.0,4.1757,2.3962,1,0,0,0,0,0,1,0,1,0,1,http://199.101.3.96:8080/chase/account.html
49,15,26,0,3,2,1,0,5,0,0,0,0,0,0,0,0.0,0.8163,0.1837,0.0,4.2141,3.3736,0,1,1,0,0,0,2,0,0,0,0,https://support.edx.org/help/faq/account-settings
74,12,29,24,3,3,1,1,5,0,0,1,2,0,1,6,0.0811,0.7162,0.2027,0.0,4.5822,2.9183,0,1,1,0,0,0,0,0,0,0,0,https://m.oracle.com/docs/v2/getting-started.html?session_id=47548&lang=en
43,20,6,9,4,1,1,0,3,0,0,1,1,0,0,2,0.0465,0.7674,0.186,0.0,4.4723,4.1219,0,0,0,0,1,0,4,0,0,0,1,http://n3tf1ix-payment.work/login?auth=true
45,31,7,0,4,3,1,0,3,0,0,0,0,0,0,3,0.0667,0.7556,0.1778,0.0,4.2779,3.9905,0,2,0,0,1,0,1,0,0,0,1,http://metamask.com.verify-a51f4a.date/verify
46,25,14,0,2,1,2,0,4,0,0,0,0,0,0,0,0.0,0.8261,0.1739,0.0,4.0666,3.6733,0,0,0,0,1,0,2,0,0,0,1,http://facebook-portal-center.tk/portal/verify
68,27,20,13,6,1,2,0,5,0,0,1,1,0,0,5,0.0735,0.7647,0.1618,0.0,4.5288,4.0043,0,0,0,0,1,0,3,0,0,0,1,http://customer-service-dhl.racing/webscr/alert/submit?session=94298
44,20,6,9,3,1,1,0,3,0,0,1,1,0,0,2,0.0455,0.7727,0.1818,0.0,4.3736,4.0219,0,0,1,0,0,0,3,0,0,0,1,https://micr0s0ft-update.org/login?auth=true
43,21,15,0,3,2,1,0,3,0,0,0,0,0,0,0,0.0,0.8372,0.1628,0.0,4.0566,3.4633,0,1,0,0,0,1,1,0,0,0,0,http://support.pinterest.com/privacy-policy
52,30,15,0,5,1,2,0,4,0,0,0,0,0,0,0,0.0,0.8462,0.1538,0.0,4.088,3.7811,0,0,0,0,1,0,2,0,0,0,1,http://instagram-confirm-center.faith/confirm/verify
69,13,23,24,3,2,0,1,5,0,0,1,2,0,1,8,0.1159,0.6957,0.1884,0.0,4.6733,2.8151,0,1,1,0,0,0,0,0,0,0,0,https://www.yahoo.com/courses/cs101/syllabus?session_id=96317&lang=en
89,20,10,50,3,2,1,0,3,0,0,1,2,0,1,20,0.2247,0.6517,0.1236,0.0,4.7563,3.5842,0,0,1,0,1,0,2,0,0,0,1,https://suspended-portal.top/index.php?token=9e21d03e0b661e8aa8c760145c4e38ea&target=usps
91,17,10,56,3,2,1,0,3,0,0,1,2,0,1,16,0.1758,0.7033,0.1209,0.0,4.7846,2.8954,0,0,0,0,1,0,1,0,0,0,1,http://portal-portal.top/index.php?token=86b37740fdde02aacec939014ecd9bdd&target=wellsfargo
37,14,6,9,4,1,1,0,3,0,0,1,1,0,0,1,0.027,0.7568,0.2162,0.0,4.1114,3.5216,0,0,0,0,1,0,3,0,0,0,1,http://dh1-alert.loan/login?auth=true
59,15,13,22,3,2,0,0,4,0,0,1,2,0,1,6,0.1017,0.7119,0.1864,0.0,4.7049,2.7899,0,1,1,0,0,0,0,0,0,0,0,https://blog.google.com/profile/user?id=104928&tab=activity
52,32,13,0,4,3,1,0,3,0,0,0,0,0,0,1,0.0192,0.8269,0.1538,0.0,4.1617,3.9917,0,2,0,0,1,0,1,0,0,0,1,http://dhl.com.verification-bfe1de.date/verification
68,21,39,0,3,2,2,0,6,0,0,0,0,0,0,6,0.0882,0.75,0.1618,0.0,4.4793,3.4633,0,1,1,0,0,1,1,0,0,0,0,https://support.pinterest.com/blog/2024/05/machine-learning-advances
49,27,15,0,2,1,2,0,4,0,0,0,0,0,0,0,0.0,0.8367,0.1633,0.0,4.1171,3.7821,0,0,0,0,1,0,2,0,0,0,1,http://instagram-invoice-center.gq/invoice/verify
76,28,27,13,2,1,2,0,5,0,0,1,1,0,0,5,0.0658,0.7895,0.1447,0.0,4.4382,3.8249,0,0,0,0,1,0,3,0,0,0,1,http://customer-service-coinbase.tk/webscr/verification/submit?session=70156
64,14,7,34,3,2,0,0,3,0,0,1,2,0,1,1,0.0156,0.7969,0.1875,0.0,4.4174,3.0391,0,1,1,0,0,0,0,0,0,0,0,https://api.amazon.com/search?q=machine+learning+tutorial&page=2
52,18,14,11,3,2,0,0,5,0,0,1,1,0,0,1,0.0192,0.7885,0.1923,0.0,4.1958,3.4613,0,1,1,0,0,0,1,0,0,0,0,https://support.medium.com/api/v1/status?format=json
62,16,38,0,3,3,0,2,5,0,0,0,0,0,0,1,0.0161,0.8065,0.1774,0.0,4.2687,3.3278,0,1,1,0,0,0,0,0,0,0,0,https://docs.spotify.com/library/archive/research_paper_v3.pdf
50,27,6,9,10,1,2,0,3,0,0,1,1,0,0,0,0.0,0.82,0.18,0.0,4.05,3.5319,0,0,0,0,1,0,4,0,0,0,1,http://usps-secure-auth.accountant/login?auth=true
46,23,6,9,4,1,1,0,3,0,0,1,1,0,0,2,0.0435,0.7826,0.1739,0.0,4.3217,3.882,0,0,0,0,1,0,3,0,0,0,1,http://app13-verification.rest/login?auth=true
29,15,6,0,3,2,0,0,3,0,0,0,0,0,0,0,0.0,0.7931,0.2069,0.0,4.0473,3.5069,0,1,1,0,0,1,0,0,0,0,0,https://blog.reddit.com/about
41,18,6,9,3,1,1,0,3,0,0,1,1,0,0,1,0.0244,0.7805,0.1951,0.0,4.3362,3.7947,0,0,0,0,1,0,3,0,0,0,1,http://chas3-validate.men/login?auth=true
65,17,40,0,2,7,1,0,5,0,0,0,0,0,0,3,0.0462,0.7385,0.2154,0.0,4.4241,3.2195,0,2,1,0,0,0,1,0,0,0,0,https://support.bbc.co.uk/downloads/releases/version-4.1.2.tar.gz
45,30,8,0,3,3,1,0,3,0,0,0,0,0,0,3,0.0667,0.7556,0.1778,0.0,4.1246,3.9614,0,2,0,0,1,0,1,0,0,0,1,http://dropbox.com.account-c4fc94.win/account
19,4,8,0,2,1,0,0,3,0,0,0,0,0,0,1,0.0526,0.6842,0.2632,0.1579,3.6421,2.0,0,0,0,0,0,1,0,0,0,0,1,http://t.co/YLusuE4
47,9,30,0,2,2,2,0,4,0,0,0,0,0,0,0,0.0,0.8085,0.1915,0.0,4.0518,2.5033,0,1,1,0,0,0,0,0,0,0,0,https://m.zoom.us/projects/open-source-software
88,17,40,23,3,6,1,1,5,0,0,1,2,0,1,7,0.0795,0.7159,0.2045,0.0,4.5586,3.7345,0,1,0,0,0,0,0,0,0,0,0,http://blog.stanford.edu/downloads/releases/version-4.1.2.tar.gz?session_id=5221&lang=en
53,16,29,0,3,2,0,1,4,0,0,0,0,0,0,0,0.0,0.8491,0.1509,0.0189,4.1804,3.25,0,1,1,0,0,0,0,0,0,0,0,https://m.salesforce.com/wiki/Artificial_intelligence
22,7,8,0,2,1,0,0,3,0,0,0,0,0,0,1,0.0455,0.7273,0.2273,0.1364,3.811,2.5216,0,0,0,0,0,1,0,0,0,0,1,http://tiny.cc/EHbec4C
79,28,29,13,2,1,2,0,5,0,0,1,1,0,0,5,0.0633,0.7975,0.1392,0.0,4.4357,3.8963,0,0,1,0,1,0,4,0,0,0,1,https://customer-service-coinbase.gq/webscr/authentication/submit?session=68473
48,26,14,0,3,1,2,0,4,0,0,0,0,0,0,0,0.0,0.8333,0.1667,0.0,4.0897,3.8543,0,0,1,0,1,0,1,0,0,0,1,https://metamask-verify-center.win/verify/verify
29,15,6,0,3,2,0,0,3,0,0,0,0,0,0,0,0.0,0.7931,0.2069,0.0,3.8144,3.2402,0,1,1,0,0,0,0,0,0,0,0,https://blog.tumblr.com/about
19,4,8,0,2,1,0,0,3,0,0,0,0,0,0,1,0.0526,0.6842,0.2632,0.2632,3.7474,2.0,0,0,0,0,0,1,0,0,0,0,1,http://t.co/FPOW9dK
94,17,10,59,3,2,1,0,3,0,0,1,2,0,1,19,0.2021,0.6809,0.117,0.0,4.8254,3.4548,0,0,0,0,0,0,2,0,0,0,1,http://wallet-portal.com/index.php?token=1b8b4acb09e34cca89c827820cc6572b&target=bankofamerica
72,29,21,13,4,1,2,0,5,0,0,1,1,0,0,5,0.0694,0.7778,0.1528,0.0,4.3852,3.8664,0,0,1,0,1,0,3,0,0,0,1,https://customer-service-binance.buzz/webscr/secure/submit?session=42065
38,14,17,0,3,4,0,0,4,0,0,0,0,0,0,11,0.2895,0.4737,0.2368,0.0,4.0304,2.4138,1,0,0,0,0,0,1,0,0,0,1,http://116.248.68.188/dhl/recover.html
75,32,21,13,8,1,2,0,5,0,0,1,1,0,0,5,0.0667,0.7867,0.1467,0.0,4.6351,3.9497,0,0,1,0,1,0,3,0,0,0,1,https://customer-service-google.download/webscr/verify/submit?session=95147
47,24,6,9,3,1,1,0,3,0,0,1,1,0,0,1,0.0213,0.8085,0.1702,0.0,4.07,3.6368,0,0,0,0,1,0,3,0,0,0,1,http://chas3-authentication.top/login?auth=true
29,15,6,0,3,2,0,0,3,0,0,0,0,0,0,0,0.0,0.7931,0.2069,0.0,3.7589,3.3736,0,1,1,0,0,0,1,0,0,0,0,https://support.mit.edu/about
55,9,38,0,3,3,0,2,5,0,0,0,0,0,0,1,0.0182,0.7818,0.2,0.0,4.279,2.281,0,1,1,0,0,0,0,0,0,0,0,https://m.cnn.com/library/archive/research_paper_v3.pdf
49,29,13,0,2,1,2,0,4,0,0,0,0,0,0,0,0.0,0.8367,0.1633,0.0,4.1792,3.8664,0,0,0,0,1,0,2,0,0,0,1,http://bankofamerica-alert-center.gq/alert/verify
59,12,39,0,3,2,2,0,6,0,0,0,0,0,0,6,0.1017,0.7119,0.1864,0.0,4.4821,2.7516,0,1,1,0,0,0,0,0,0,0,0,https://m.medium.com/blog/2024/05/machine-learning-advances
68,19,17,23,3,2,2,1,3,0,0,1,2,0,1,4,0.0588,0.75,0.1912,0.0,4.5056,3.2866,0,1,1,0,0,0,1,0,0,0,0,https://docs.salesforce.com/terms-of-service?session_id=4027&lang=en
73,18,23,24,3,2,0,1,5,0,0,1,2,0,1,8,0.1096,0.7123,0.1781,0.0,4.632,3.128,0,1,0,0,0,1,0,0,0,0,0,http://docs.microsoft.com/courses/cs101/syllabus?session_id=86477&lang=en
51,30,14,0,7,1,2,0,4,0,0,0,0,0,0,0,0.0,0.8431,0.1569,0.0,4.1326,3.7111,0,0,0,0,1,0,2,0,0,0,1,http://metamask-portal-center.science/portal/verify
40,20,13,0,3,1,2,0,4,0,0,0,0,0,0,0,0.0,0.8,0.2,0.0,4.2276,3.8219,0,0,0,0,1,0,2,0,0,0,1,http://dhl-login-center.cam/login/verify
60,21,32,0,3,2,1,0,5,0,0,0,0,0,0,0,0.0,0.85,0.15,0.0,4.2427,3.6538,0,1,0,0,0,0,2,0,0,0,0,http://support.wikipedia.org/news/technology/science-updates
57,34,6,9,2,1,2,0,3,0,0,1,1,0,0,0,0.0,0.8421,0.1579,0.0,4.1727,3.8444,0,0,0,0,1,0,4,0,0,0,1,http://instagram-secure-authentication.gq/login?auth=true
32,18,6,0,3,2,0,0,3,0,0,0,0,0,0,0,0.0,0.8125,0.1875,0.0,3.84,3.3921,0,1,1,0,0,0,1,0,0,0,0,https://support.google.com/about
63,19,13,22,3,2,0,0,4,0,0,1,2,0,1,6,0.0952,0.7302,0.1746,0.0,4.7276,3.0106,0,1,1,0,0,0,0,0,0,0,0,https://docs.duckduckgo.com/profile/user?id=104928&tab=activity
49,15,14,11,3,2,0,0,5,0,0,1,1,0,0,1,0.0204,0.7755,0.2041,0.0,4.2067,3.3232,0,1,1,0,0,0,0,0,0,0,0,https://www.spotify.com/api/v1/status?format=json
20,5,8,0,2,1,0,0,3,0,0,0,0,0,0,2,0.1,0.65,0.25,0.1,3.7842,2.3219,0,0,0,0,0,1,0,0,0,0,1,http://is.gd/hSAu9u0
67,26,19,13,3,1,2,0,5,0,0,1,1,0,0,5,0.0746,0.7612,0.1642,0.0,4.3437,3.5945,0,0,1,0,1,0,3,0,0,0,1,https://customer-service-chase.cam/webscr/auth/submit?session=69631
52,18,26,0,3,2,1,0,5,0,0,0,0,0,0,0,0.0,0.8269,0.1731,0.0,4.163,3.128,0,1,1,0,0,1,1,0,0,0,0,https://docs.microsoft.com/help/faq/account-settings
72,22,7,34,3,2,0,0,3,0,0,1,2,0,1,1,0.0139,0.8194,0.1667,0.0,4.6023,3.8231,0,1,1,0,0,0,0,0,0,0,0,https://blog.stackoverflow.com/search?q=machine+learning+tutorial&page=2
50,10,32,0,3,1,1,0,5,0,0,0,0,0,0,0,0.0,0.84,0.16,0.0,4.1362,2.8464,0,0,1,0,0,0,1,0,0,0,0,https://medium.com/news/technology/science-updates
59,37,15,0,4,3,1,0,3,0,0,0,0,0,0,2,0.0339,0.8305,0.1356,0.0,3.9301,3.8471,0,2,0,0,1,0,3,0,0,0,1,http://paypal.com.authentication-ae04ae.date/authentication
38,16,15,0,3,2,1,0,3,0,0,0,0,0,0,0,0.0,0.8158,0.1842,0.0,4.1685,3.375,0,1,0,0,0,0,0,0,0,0,0,http://m.cloudflare.com/privacy-policy
70,28,21,13,3,1,2,0,5,0,0,1,1,0,0,5,0.0714,0.7714,0.1571,0.0,4.5012,3.8424,0,0,0,0,1,0,3,0,0,0,1,http://customer-service-dropbox.icu/webscr/portal/submit?session=50112
86,16,10,52,3,2,1,0,3,0,0,1,2,0,1,24,0.2791,0.593,0.1279,0.0,4.9202,3.5778,0,0,0,0,0,0,3,0,0,0,1,http://login-portal.com/index.php?token=59930bb1f9a54c29b58c257560203f06&target=paypal
44,21,6,9,6,1,1,0,3,0,0,1,1,0,0,2,0.0455,0.7727,0.1818,0.0,4.3908,3.6897,0,0,0,0,1,0,3,0,0,0,1,http://app13-password.review/login?auth=true
73,31,21,13,4,1,2,0,5,0,0,1,1,0,0,5,0.0685,0.7808,0.1507,0.0,4.4388,3.76,0,0,0,0,1,0,3,0,0,0,1,http://customer-service-microsoft.club/webscr/verify/submit?session=79986
73,30,21,13,3,1,2,0,5,0,0,1,1,0,0,5,0.0685,0.7808,0.1507,0.0,4.4743,3.8477,0,0,1,0,1,0,3,0,0,0,1,https://customer-service-microsoft.gdn/webscr/verify/submit?session=80827
48,10,30,0,3,1,2,0,4,0,0,0,0,0,0,0,0.0,0.8333,0.1667,0.0,4.0042,2.9219,0,0,1,0,0,0,0,0,0,0,0,https://oracle.com/projects/open-source-software
45,17,20,0,2,4,0,0,4,0,0,0,0,0,0,13,0.2889,0.4889,0.2222,0.0,4.3749,2.6258,1,0,1,0,0,0,1,0,1,0,1,https://199.6.233.43:8888/google/confirm.html
77,12,32,24,3,2,1,1,5,0,0,1,2,0,1,5,0.0649,0.7532,0.1818,0.0,4.4871,3.085,0,1,1,0,0,0,1,0,0,0,0,https://m.kaggle.com/news/technology/science-updates?session_id=44449&lang=en
56,29,20,0,3,1,2,0,4,0,0,0,0,0,0,0,0.0,0.8571,0.1429,0.0,4.0192,3.7975,0,0,0,0,1,0,2,0,0,0,1,http://chase-verification-center.kim/verification/verify
22,13,1,0,3,2,0,0,3,0,0,0,0,0,0,0,0.0,0.7273,0.2727,0.0,3.7544,3.027,0,1,1,0,0,0,0,0,0,0,0,https://www.arxiv.org/
80,9,39,24,3,1,2,1,6,0,0,1,2,0,1,11,0.1375,0.675,0.1875,0.0,4.6975,2.9477,0,0,0,0,0,0,0,0,0,0,0,http://apple.com/blog/2024/05/machine-learning-advances?session_id=39248&lang=en
70,8,29,24,3,2,1,1,5,0,0,1,2,0,1,6,0.0857,0.7143,0.2,0.0,4.5017,2.4056,0,0,1,0,0,0,0,0,0,0,0,https://ieee.org/docs/v2/getting-started.html?session_id=98481&lang=en
50,16,14,11,3,2,0,0,5,0,0,1,1,0,0,1,0.02,0.78,0.2,0.0,4.0391,3.375,0,1,1,0,0,0,1,0,0,0,0,https://support.nasa.gov/api/v1/status?format=json
61,17,13,22,3,2,0,0,4,0,0,1,2,0,1,6,0.0984,0.7213,0.1803,0.0,4.6557,3.3372,0,1,1,0,0,0,1,0,0,0,0,https://support.quora.com/profile/user?id=104928&tab=activity
66,11,23,23,3,1,0,1,5,0,0,1,2,0,1,7,0.1061,0.7121,0.1818,0.0,4.6026,3.0958,0,0,1,0,0,0,0,0,0,0,0,https://youtube.com/courses/cs101/syllabus?session_id=3486&lang=en
45,14,24,0,2,4,0,0,4,0,0,0,0,0,0,11,0.2444,0.5556,0.2,0.0,4.3245,2.306,1,0,0,0,0,0,1,0,0,0,1,http://155.194.149.59/wellsfargo/service.html
56,12,13,22,3,2,0,0,4,0,0,1,2,0,1,6,0.1071,0.6964,0.1964,0.0,4.7025,3.4183,0,1,1,0,0,0,0,0,0,0,0,https://blog.mit.edu/profile/user?id=104928&tab=activity
64,14,7,34,3,2,0,0,3,0,0,1,2,0,1,1,0.0156,0.7969,0.1875,0.0,4.5131,3.3249,0,1,1,0,0,0,0,0,0,0,0,https://www.gitlab.com/search?q=machine+learning+tutorial&page=2
62,18,13,22,3,2,0,0,4,0,0,1,2,0,1,6,0.0968,0.7258,0.1774,0.0,4.6738,3.3921,0,1,1,0,0,0,1,0,0,0,0,https://support.google.com/profile/user?id=104928&tab=activity
49,13,28,0,3,2,0,0,5,0,0,0,0,0,0,0,0.0,0.8367,0.1633,0.0,4.1171,3.027,0,1,1,0,0,0,0,0,0,0,0,https://www.adobe.com/products/enterprise/pricing
50,28,15,0,6,1,2,0,4,0,0,0,0,0,0,0,0.0,0.84,0.16,0.0,4.1162,3.8249,0,0,0,0,1,0,3,0,0,0,1,http://paypal-support-center.racing/support/verify
49,15,14,11,3,2,0,0,5,0,0,1,1,0,0,1,0.0204,0.7755,0.2041,0.0,4.115,3.5069,0,1,1,0,0,0,1,0,0,0,0,https://support.nih.gov/api/v1/status?format=json
59,21,30,0,3,2,2,0,4,0,0,0,0,0,0,0,0.0,0.8475,0.1525,0.0,4.0734,3.4633,0,1,1,0,0,1,0,0,0,0,0,https://api.sciencedirect.com/projects/open-source-software
45,30,8,0,3,3,1,0,3,0,0,0,0,0,0,5,0.1111,0.7111,0.1778,0.0,4.447,4.3232,0,2,0,0,1,0,2,0,0,0,1,http://dropbox.com.payment-7b8396.icu/payment
40,12,21,0,2,4,0,0,4,0,0,0,0,0,0,9,0.225,0.55,0.225,0.0,4.2439,2.6258,1,0,0,0,0,0,1,0,0,0,1,http://67.201.20.25/netflix/support.html
22,7,8,0,2,1,0,0,3,0,0,0,0,0,0,0,0.0,0.7727,0.2273,0.0909,3.9363,2.5216,0,0,0,0,0,1,0,0,0,0,1,http://buff.ly/wSogQrf
45,7,30,0,3,1,2,0,4,0,0,0,0,0,0,0,0.0,0.8222,0.1778,0.0,4.1336,2.8074,0,0,1,0,0,0,0,0,0,0,0,https://nih.gov/projects/open-source-software
43,20,15,0,3,2,1,0,3,0,0,0,0,0,0,0,0.0,0.8372,0.1628,0.0,4.2977,3.8219,0,1,1,0,0,0,0,0,0,0,0,https://docs.theguardian.com/privacy-policy
51,29,15,0,5,1,2,0,4,0,0,0,0,0,0,0,0.0,0.8431,0.1569,0.0,4.1279,3.9094,0,0,0,0,1,0,2,0,0,0,1,http://metamask-support-center.faith/support/verify
60,33,20,0,4,1,2,0,4,0,0,0,0,0,0,0,0.0,0.8667,0.1333,0.0,4.0961,3.8471,0,0,0,0,1,0,2,0,0,0,1,http://facebook-verification-center.club/verification/verify
42,18,6,9,3,1,1,0,3,0,0,1,1,0,0,1,0.0238,0.7857,0.1905,0.0,4.2617,3.5033,0,0,1,0,1,0,4,0,0,0,1,https://paypa1-support.xyz/login?auth=true
39,12,20,0,2,4,0,0,4,0,0,0,0,0,0,9,0.2308,0.5385,0.2308,0.0,4.221,2.6258,1,0,0,0,0,0,1,0,0,0,1,http://28.150.58.45/apple/security.html
45,22,6,9,7,1,1,0,3,0,0,1,1,0,0,4,0.0889,0.7333,0.1778,0.0,4.4003,3.9363,0,0,0,0,1,0,3,0,0,0,1,http://g00g13-banking.country/login?auth=true
61,14,39,0,3,2,2,0,6,0,0,0,0,0,0,6,0.0984,0.7213,0.1803,0.0,4.4186,3.0391,0,1,1,0,0,0,0,0,0,0,0,https://docs.chase.com/blog/2024/05/machine-learning-advances
49,18,24,0,3,4,0,0,4,0,0,0,0,0,0,14,0.2857,0.5102,0.2041,0.0,4.3032,2.7193,1,0,0,0,0,0,1,0,1,0,1,http://36.38.186.157:8080/metamask/suspended.html
69,13,23,24,3,2,0,1,5,0,0,1,2,0,1,8,0.1159,0.6957,0.1884,0.0,4.5735,2.8731,0,1,1,0,0,0,0,0,0,0,0,https://blog.ieee.org/courses/cs101/syllabus?session_id=98474&lang=en
48,33,8,0,5,3,1,0,3,0,0,0,0,0,0,6,0.125,0.7083,0.1667,0.0,4.205,4.0896,0,2,0,0,1,0,1,0,0,0,1,http://facebook.com.account-412139.faith/account
50,13,29,0,3,3,1,0,5,0,0,0,0,0,0,1,0.02,0.78,0.2,0.0,4.111,3.0851,0,1,1,0,0,0,0,0,0,0,0,https://docs.nasa.gov/docs/v2/getting-started.html
47,9,30,0,3,1,2,0,4,0,0,0,0,0,0,0,0.0,0.8298,0.1702,0.0,3.9729,2.9477,0,0,1,0,0,0,0,0,0,0,0,https://chase.com/projects/open-source-software
87,15,40,23,3,6,1,1,5,0,0,1,2,0,1,7,0.0805,0.7126,0.2069,0.0,4.6299,3.1899,0,1,1,0,0,0,0,0,0,0,0,https://blog.kaggle.com/downloads/releases/version-4.1.2.tar.gz?session_id=4718&lang=en
51,15,28,0,3,2,0,0,5,0,0,0,0,0,0,0,0.0,0.8431,0.1569,0.0,4.067,3.0566,0,1,1,0,0,0,0,0,0,0,0,https://docs.amazon.com/products/enterprise/pricing
78,30,27,13,4,1,2,0,5,0,0,1,1,0,0,5,0.0641,0.7949,0.141,0.0,4.4917,3.8817,0,0,0,0,1,0,3,0,0,0,1,http://customer-service-facebook.club/webscr/verification/submit?session=35374
52,27,17,0,3,1,2,0,4,0,0,0,0,0,0,0,0.0,0.8462,0.1538,0.0,4.2029,3.8805,0,0,1,0,1,0,2,0,0,0,1,https://google-suspended-center.kim/suspended/verify
73,17,23,24,3,2,0,1,5,0,0,1,2,0,1,8,0.1096,0.7123,0.1781,0.0,4.5537,3.4548,0,1,1,0,0,0,0,0,0,0,0,https://docs.stanford.edu/courses/cs101/syllabus?session_id=90589&lang=en
34,10,17,0,3,1,2,0,3,0,0,0,0,0,0,0,0.0,0.7941,0.2059,0.0,4.1607,3.3219,0,0,0,0,0,0,1,0,0,0,0,http://gitlab.com/terms-of-service
54,17,29,0,3,2,0,1,4,0,0,0,0,0,0,0,0.0,0.8519,0.1481,0.0185,4.2542,3.4548,0,1,1,0,0,0,0,0,0,0,0,https://docs.stanford.edu/wiki/Artificial_intelligence
51,29,14,0,6,1,2,0,4,0,0,0,0,0,0,0,0.0,0.8431,0.1569,0.0,4.0887,3.604,0,0,1,0,1,0,2,0,0,0,1,https://coinbase-webscr-center.webcam/webscr/verify
55,32,15,0,10,1,2,0,4,0,0,0,0,0,0,0,0.0,0.8545,0.1455,0.0,4.1132,3.59,0,0,1,0,1,0,3,0,0,0,1,https://amazon-confirm-center.accountant/confirm/verify
35,12,15,0,3,2,1,0,3,0,0,0,0,0,0,0,0.0,0.8,0.2,0.0,4.1859,3.085,0,1,1,0,0,0,0,0,0,0,0,https://docs.edx.org/privacy-policy
67,24,22,13,2,1,2,0,5,0,0,1,1,0,0,5,0.0746,0.7612,0.1642,0.0,4.454,3.7202,0,0,0,0,1,0,3,0,0,0,1,http://customer-service-usps.gq/webscr/confirm/submit?session=26476
44,20,6,9,4,1,1,0,3,0,0,1,1,0,0,1,0.0227,0.7955,0.1818,0.0,4.311,3.8219,0,0,1,0,1,0,3,0,0,0,1,https://m3tamask-unlock.rest/login?auth=true
70,28,21,13,6,1,2,0,5,0,0,1,1,0,0,5,0.0714,0.7714,0.1571,0.0,4.4434,3.7979,0,0,0,0,1,0,3,0,0,0,1,http://customer-service-usps.racing/webscr/wallet/submit?session=22060
76,33,22,13,5,1,2,0,5,0,0,1,1,0,0,5,0.0658,0.7895,0.1447,0.0,4.5571,4.0289,0,0,0,0,1,0,3,0,0,0,1,http://customer-service-wellsfargo.faith/webscr/billing/submit?session=58131
16,9,0,0,3,1,0,0,2,0,0,0,0,0,0,0,0.0,0.75,0.25,0.0,3.4528,2.9477,0,0,0,0,0,0,0,0,0,0,0,http://apple.com
78,17,28,24,3,2,0,1,5,0,0,1,2,0,1,5,0.0641,0.7692,0.1667,0.0,4.4159,3.4548,0,1,1,0,0,0,0,0,0,0,0,https://docs.stanford.edu/products/enterprise/pricing?session_id=60546&lang=en
62,14,40,0,3,6,1,0,5,0,0,0,0,0,0,3,0.0484,0.7419,0.2097,0.0,4.3237,3.182,0,1,1,0,0,1,0,0,0,0,0,https://www.reddit.com/downloads/releases/version-4.1.2.tar.gz
65,36,22,0,5,1,2,0,4,0,0,0,0,0,0,0,0.0,0.8769,0.1231,0.0,3.9635,3.6598,0,0,0,0,1,0,3,0,0,0,1,http://coinbase-authentication-center.space/authentication/verify
43,20,6,9,3,1,1,0,3,0,0,1,1,0,0,1,0.0233,0.7907,0.186,0.0,4.2189,3.5087,0,0,0,0,1,0,4,0,0,0,1,http://m3tamask-payment.top/login?auth=true
20,5,8,0,2,1,0,0,3,0,0,0,0,0,0,2,0.1,0.65,0.25,0.0,3.8842,2.3219,0,0,0,0,0,1,0,0,0,0,1,http://rb.gy/zsfwh31
69,22,39,0,3,2,2,0,6,0,0,0,0,0,0,6,0.087,0.7536,0.1594,0.0,4.5703,3.6978,0,1,1,0,0,0,1,0,0,0,0,https://support.cloudflare.com/blog/2024/05/machine-learning-advances
92,19,40,24,3,6,1,1,5,0,0,1,2,0,1,8,0.087,0.7174,0.1957,0.0,4.6579,3.6163,0,1,1,0,0,0,1,0,0,0,0,https://support.nytimes.com/downloads/releases/version-4.1.2.tar.gz?session_id=70922&lang=en
20,5,8,0,2,1,0,0,3,0,0,0,0,0,0,4,0.2,0.55,0.25,0.1,3.8842,2.3219,0,0,0,0,0,1,0,0,0,0,1,http://rb.gy/3w3W7A1
65,18,39,0,3,2,2,0,6,0,0,0,0,0,0,6,0.0923,0.7385,0.1692,0.0,4.5973,3.4613,0,1,1,0,0,0,0,0,0,0,0,https://www.cloudflare.com/blog/2024/05/machine-learning-advances
71,27,22,13,6,1,2,0,5,0,0,1,1,0,0,5,0.0704,0.7746,0.1549,0.0,4.4048,4.0043,0,0,1,0,1,0,3,0,0,0,1,https://customer-service-dhl.racing/webscr/recover/submit?session=24442
80,15,32,24,3,2,1,1,5,0,0,1,2,0,1,5,0.0625,0.7625,0.175,0.0,4.5425,3.5069,0,1,1,0,0,0,1,0,0,0,0,https://docs.nature.com/news/technology/science-updates?session_id=81492&lang=en
45,11,14,11,3,2,0,0,5,0,0,1,1,0,0,1,0.0222,0.7556,0.2222,0.0,4.151,2.914,0,1,1,0,0,0,0,0,0,0,0,https://m.chase.com/api/v1/status?format=json
42,27,7,0,3,3,1,0,3,0,0,0,0,0,0,4,0.0952,0.7143,0.1905,0.0,4.1572,4.0323,0,2,1,0,1,0,1,0,0,0,1,https://chase.com.signin-4f6d22.fit/signin
65,17,40,0,3,6,1,0,5,0,0,0,0,0,0,3,0.0462,0.7538,0.2,0.0,4.3839,3.3372,0,1,1,0,0,0,1,0,0,0,0,https://support.quora.com/downloads/releases/version-4.1.2.tar.gz
26,17,1,0,3,2,0,0,3,0,0,0,0,0,0,0,0.0,0.7692,0.2308,0.0,3.9022,3.3816,0,1,1,0,0,0,0,0,0,0,0,https://docs.linkedin.com/
60,14,38,0,3,3,0,2,5,0,0,0,0,0,0,1,0.0167,0.8,0.1833,0.0,4.2339,3.182,0,1,1,0,0,0,0,0,0,0,0,https://m.coursera.org/library/archive/research_paper_v3.pdf
41,14,19,0,3,4,0,0,4,0,0,0,0,0,0,11,0.2683,0.5122,0.2195,0.0,4.15,2.6106,1,0,1,0,0,0,2,0,0,0,1,https://21.171.150.203/paypal/signin.html
26,11,8,0,3,2,0,0,3,0,0,0,0,0,0,0,0.0,0.7692,0.2308,0.0,3.5945,3.0958,0,1,0,0,0,0,0,0,0,0,0,http://api.nih.gov/contact
60,13,39,0,3,2,2,0,6,0,0,0,0,0,0,6,0.1,0.7167,0.1833,0.0,4.427,3.027,0,1,1,0,0,0,0,0,0,0,0,https://docs.ieee.org/blog/2024/05/machine-learning-advances
44,16,6,13,3,2,0,0,3,0,0,1,1,0,0,2,0.0455,0.7727,0.1818,0.0909,4.4363,3.3278,0,1,1,0,0,0,0,0,0,0,0,https://docs.spotify.com/watch?v=dQw4w9WgXcQ
81,33,27,13,5,1,2,0,5,0,0,1,1,0,0,5,0.0617,0.8025,0.1358,0.0,4.5553,4.0518,0,0,0,0,1,0,3,0,0,0,1,http://customer-service-wellsfargo.party/webscr/verification/submit?session=21338
56,9,39,0,3,2,2,0,6,0,0,0,0,0,0,6,0.1071,0.6964,0.1964,0.0,4.49,2.7255,0,1,1,0,0,0,0,0,0,0,0,https://m.mit.edu/blog/2024/05/machine-learning-advances
43,20,6,9,3,1,1,0,3,0,0,1,1,0,0,2,0.0465,0.7674,0.186,0.0,4.4434,3.6842,0,0,0,0,0,0,3,0,0,0,1,http://c0inbas3-banking.com/login?auth=true
87,18,10,51,3,2,1,0,3,0,0,1,2,0,1,14,0.1609,0.7126,0.1264,0.0,4.6235,3.4194,0,0,0,0,0,0,2,0,0,0,1,http://account-portal.com/index.php?token=fccce0722c4e0dbe4e7c1eab541c9de0&target=apple
64,16,40,0,3,6,1,0,5,0,0,0,0,0,0,3,0.0469,0.75,0.2031,0.0,4.3271,3.5,0,1,1,0,0,0,0,0,0,0,0,https://blog.harvard.edu/downloads/releases/version-4.1.2.tar.gz
50,10,32,0,3,1,1,0,5,0,0,0,0,0,0,0,0.0,0.84,0.16,0.0,4.144,3.1219,0,0,1,0,0,1,1,0,0,0,0,https://reddit.com/news/technology/science-updates
50,35,7,0,8,3,1,0,3,0,0,0,0,0,0,4,0.08,0.76,0.16,0.0,4.3664,4.0716,0,2,1,0,1,0,1,0,0,0,1,https://coinbase.com.secure-ab6133.download/secure
44,21,6,9,7,1,1,0,3,0,0,1,1,0,0,1,0.0227,0.7955,0.1818,0.0,4.2267,3.7257,0,0,0,0,1,0,2,0,0,0,1,http://binanc3-login.country/login?auth=true
69,27,20,13,6,1,2,0,5,0,0,1,1,0,0,5,0.0725,0.7681,0.1594,0.0,4.5674,4.0043,0,0,1,0,1,0,3,0,0,0,1,https://customer-service-dhl.racing/webscr/login/submit?session=56234
30,22,0,0,3,2,0,0,2,0,0,0,0,0,0,0,0.0,0.8333,0.1667,0.0,3.7811,3.4474,0,1,1,0,0,0,1,0,0,0,0,https://support.duckduckgo.com
91,18,10,54,2,2,1,0,3,0,0,1,2,0,1,23,0.2527,0.6264,0.1209,0.0,4.8313,3.5724,0,0,1,0,0,0,2,0,0,0,1,https://validate-portal.cc/index.php?token=c6117f7474b678c26945fac994a856d6&target=coinbase
24,9,8,0,2,1,0,0,3,0,0,0,0,0,0,2,0.0833,0.7083,0.2083,0.0833,3.6887,2.7255,0,0,0,0,0,1,0,0,0,0,1,http://shorte.st/1XkD2oo
64,15,7,34,3,2,0,0,3,0,0,1,2,0,1,1,0.0156,0.7969,0.1875,0.0,4.4456,3.0062,0,1,0,0,0,1,0,0,0,0,0,http://m.microsoft.com/search?q=machine+learning+tutorial&page=2
30,22,0,0,3,2,0,0,2,0,0,0,0,0,0,0,0.0,0.8333,0.1667,0.0,3.7811,3.4474,0,1,1,0,0,0,1,0,0,0,0,https://support.duckduckgo.com
76,33,22,13,8,1,2,0,5,0,0,1,1,0,0,5,0.0658,0.7895,0.1447,0.0,4.5749,4.0785,0,0,0,0,1,0,3,0,0,0,1,http://customer-service-dropbox.download/webscr/confirm/submit?session=52779
21,6,8,0,2,1,0,0,3,0,0,0,0,0,0,1,0.0476,0.7143,0.2381,0.0476,3.7849,1.9183,0,0,0,0,0,1,0,0,0,0,1,http://goo.gl/9sbzDyz
19,4,8,0,2,1,0,0,3,0,0,0,0,0,0,1,0.0526,0.6842,0.2632,0.2632,3.6421,2.0,0,0,0,0,0,1,0,0,0,0,1,http://t.co/yO9TUOJ
38,9,22,0,1,4,0,0,4,0,0,0,0,0,0,6,0.1579,0.6053,0.2368,0.0,4.2479,2.4194,1,0,0,0,0,0,1,0,0,0,1,http://43.1.84.5/instagram/secure.html
39,14,17,0,3,2,2,0,3,0,0,0,0,0,0,0,0.0,0.7949,0.2051,0.0,4.0478,3.0391,0,1,1,0,0,0,1,0,0,0,0,https://docs.adobe.com/terms-of-service
67,17,7,34,3,2,0,0,3,0,0,1,2,0,1,1,0.0149,0.806,0.1791,0.0,4.3473,3.4992,0,1,1,0,0,1,0,0,0,0,0,https://api.pinterest.com/search?q=machine+learning+tutorial&page=2
19,4,8,0,2,1,0,0,3,0,0,0,0,0,0,0,0.0,0.7368,0.2632,0.2632,3.7474,2.0,0,0,0,0,0,1,0,0,0,0,1,http://t.co/MlTUfBQ
46,18,21,0,2,4,0,0,4,0,0,0,0,0,0,14,0.3043,0.4783,0.2174,0.0,4.1372,2.4493,1,0,0,0,0,0,2,0,1,0,1,http://188.252.12.10:8000/paypal/password.html
48,9,6,24,3,1,0,1,3,0,0,1,2,0,1,5,0.1042,0.6875,0.2083,0.0,4.5582,2.9477,0,0,1,0,0,0,0,0,0,0,0,https://apple.com/about?session_id=96360&lang=en
68,26,21,13,3,1,2,0,5,0,0,1,1,0,0,5,0.0735,0.7647,0.1618,0.0,4.4988,3.7483,0,0,0,0,1,0,3,0,0,0,1,http://customer-service-apple.icu/webscr/verify/submit?session=14402
59,12,39,0,3,2,2,0,6,0,0,0,0,0,0,6,0.1017,0.7119,0.1864,0.0,4.4288,2.6887,0,1,1,0,0,0,0,0,0,0,0,https://m.google.com/blog/2024/05/machine-learning-advances
44,16,6,13,3,2,0,0,3,0,0,1,1,0,0,2,0.0455,0.7727,0.1818,0.0909,4.5838,3.1556,0,1,1,0,0,0,0,0,0,0,0,https://blog.mozilla.org/watch?v=dQw4w9WgXcQ
62,12,17,24,3,1,2,1,3,0,0,1,2,0,1,5,0.0806,0.7258,0.1935,0.0,4.5843,3.4183,0,0,1,0,0,0,1,0,0,0,0,https://stanford.edu/terms-of-service?session_id=73470&lang=en
35,23,5,0,2,3,1,0,3,0,0,0,0,0,0,3,0.0857,0.6857,0.2286,0.0,3.8542,3.7081,0,2,0,0,1,0,1,0,0,0,1,http://usps.com.auth-aa214a.ml/auth
58,14,13,22,3,2,0,0,4,0,0,1,2,0,1,6,0.1034,0.7069,0.1897,0.0,4.75,2.9852,0,1,1,0,0,0,0,0,0,0,0,https://www.ubuntu.com/profile/user?id=104928&tab=activity
65,15,7,34,3,2,0,0,3,0,0,1,2,0,1,1,0.0154,0.8,0.1846,0.0,4.4454,3.5069,0,1,1,0,0,0,0,0,0,0,0,https://docs.nature.com/search?q=machine+learning+tutorial&page=2
60,12,40,0,3,6,1,0,5,0,0,0,0,0,0,3,0.05,0.7333,0.2167,0.0,4.4444,2.8554,0,1,1,0,0,0,0,0,0,0,0,https://m.ubuntu.com/downloads/releases/version-4.1.2.tar.gz
48,12,28,0,3,1,0,0,5,0,0,0,0,0,0,0,0.0,0.8542,0.1458,0.0,3.9864,3.2516,0,0,1,0,0,0,0,0,0,0,0,https://linkedin.com/products/enterprise/pricing
90,17,10,54,2,2,1,0,3,0,0,1,2,0,1,26,0.2889,0.5889,0.1222,0.0,4.8421,3.5725,0,0,1,0,0,0,2,0,0,0,1,https://billing-portal.cc/index.php?token=60609043555886932435a5dc60ba036d&target=facebook
22,14,0,0,3,1,0,0,2,0,0,0,0,0,0,0,0.0,0.8182,0.1818,0.0,4.0049,3.3788,0,0,1,0,0,0,0,0,0,0,0,https://cloudflare.com
42,14,6,13,3,1,0,0,3,0,0,1,1,0,0,2,0.0476,0.7857,0.1667,0.0952,4.5109,3.2359,0,0,1,0,0,0,0,0,0,0,0,https://salesforce.com/watch?v=dQw4w9WgXcQ
47,23,6,9,3,1,2,0,3,0,0,1,1,0,0,0,0.0,0.8085,0.1915,0.0,4.2646,3.7081,0,0,1,0,1,0,4,0,0,0,1,https://usps-secure-confirm.fit/login?auth=true
74,12,29,24,2,3,1,1,5,0,0,1,2,0,1,6,0.0811,0.7162,0.2027,0.0,4.6481,3.0221,0,1,1,0,0,0,0,0,0,0,0,https://blog.zoom.us/docs/v2/getting-started.html?session_id=99763&lang=en
75,34,19,13,10,1,2,0,5,0,0,1,1,0,0,5,0.0667,0.7867,0.1467,0.0,4.4554,3.83,0,0,1,0,1,0,4,0,0,0,1,https://customer-service-google.accountant/webscr/auth/submit?session=90244
79,17,29,24,2,3,0,2,4,0,0,1,2,0,1,5,0.0633,0.7595,0.1772,0.0127,4.6426,3.2195,0,2,1,0,0,0,1,0,0,0,0,https://support.bbc.co.uk/wiki/Artificial_intelligence?session_id=15621&lang=en
59,15,13,22,3,2,0,0,4,0,0,1,2,0,1,6,0.1017,0.7119,0.1864,0.0,4.6177,3.3736,0,1,1,0,0,0,0,0,0,0,0,https://api.archive.org/profile/user?id=104928&tab=activity
51,17,14,11,2,2,0,0,5,0,0,1,1,0,0,1,0.0196,0.7843,0.1961,0.0,4.0791,3.3816,0,1,1,0,0,0,1,0,0,0,0,https://support.twitch.tv/api/v1/status?format=json
41,14,20,0,3,4,0,0,4,0,0,0,0,0,0,11,0.2683,0.5122,0.2195,0.0,4.2476,2.8424,1,0,0,0,0,0,1,0,0,0,1,http://98.158.130.152/google/account.html
52,15,29,0,3,3,1,0,5,0,0,0,0,0,0,1,0.0192,0.7885,0.1923,0.0,4.2045,3.2402,0,1,1,0,0,0,1,0,0,0,0,https://docs.paypal.com/docs/v2/getting-started.html
77,33,22,13,10,1,2,0,5,0,0,1,1,0,0,5,0.0649,0.7922,0.1429,0.0,4.5654,3.8818,0,0,1,0,1,0,4,0,0,0,1,https://customer-service-fedex.accountant/webscr/billing/submit?session=26027
42,27,8,0,2,3,1,0,3,0,0,0,0,0,0,5,0.119,0.6905,0.1905,0.0,4.4453,4.2084,0,2,0,0,1,0,1,0,0,0,1,http://fedex.com.service-0857a9.gq/service
63,14,7,34,3,2,0,0,3,0,0,1,2,0,1,1,0.0159,0.7937,0.1905,0.0,4.4986,3.182,0,1,0,0,0,0,0,0,0,0,0,http://www.kaggle.com/search?q=machine+learning+tutorial&page=2
76,33,22,13,2,1,2,0,5,0,0,1,1,0,0,5,0.0658,0.7895,0.1447,0.0,4.5195,3.9832,0,0,0,0,1,0,3,0,0,0,1,http://customer-service-bankofamerica.ml/webscr/support/submit?session=18714
40,25,7,0,3,3,1,0,3,0,0,0,0,0,0,3,0.075,0.725,0.2,0.0,4.4653,4.1337,0,2,1,0,1,0,1,0,0,0,1,https://dhl.com.verify-0aa98c.kim/verify
57,32,17,0,7,1,2,0,4,0,0,0,0,0,0,0,0.0,0.8596,0.1404,0.0,3.9293,3.437,0,0,1,0,1,0,2,0,0,0,1,https://binance-suspended-center.science/suspended/verify
64,20,13,22,3,2,0,0,4,0,0,1,2,0,1,6,0.0938,0.7344,0.1719,0.0,4.7242,3.8219,0,1,1,0,0,0,0,0,0,0,0,https://docs.theguardian.com/profile/user?id=104928&tab=activity
55,18,29,0,3,3,1,0,5,0,0,0,0,0,0,1,0.0182,0.8,0.1818,0.0,4.308,3.5724,0,1,1,0,0,0,0,0,0,0,0,https://blog.wikipedia.org/docs/v2/getting-started.html
44,21,6,9,3,1,1,0,3,0,0,1,1,0,0,2,0.0455,0.7727,0.1818,0.0,4.4646,3.7849,0,0,0,0,1,0,3,0,0,0,1,http://dr0pb0x-suspended.kim/login?auth=true
45,15,23,0,3,4,0,0,4,0,0,0,0,0,0,12,0.2667,0.5333,0.2,0.0,4.3472,2.7899,1,0,0,0,0,0,1,0,0,0,1,http://121.146.238.155/microsoft/invoice.html
93,20,10,54,3,2,1,0,3,0,0,1,2,0,1,20,0.2151,0.6667,0.1183,0.0,4.8987,3.7842,0,0,1,0,0,0,2,0,0,0,1,https://ebayisapi-portal.com/index.php?token=e0b21128f3cf56c788a62dd71e43a80d&target=facebook
76,14,29,24,3,3,1,1,5,0,0,1,2,0,1,6,0.0789,0.7237,0.1974,0.0,4.6143,2.9852,0,1,1,0,0,0,1,0,0,0,0,https://api.paypal.com/docs/v2/getting-started.html?session_id=93778&lang=en
54,16,30,0,3,2,2,0,4,0,0,0,0,0,0,0,0.0,0.8333,0.1667,0.0,4.0328,3.375,0,1,1,0,0,0,1,0,0,0,0,https://support.nasa.gov/projects/open-source-software
57,11,38,0,3,3,0,2,5,0,0,0,0,0,0,1,0.0175,0.7895,0.193,0.0,4.18,3.0958,0,1,1,0,0,0,0,0,0,0,0,https://api.mit.edu/library/archive/research_paper_v3.pdf
54,20,14,11,3,2,0,0,5,0,0,1,1,0,0,1,0.0185,0.7963,0.1852,0.0,4.3042,3.8219,0,1,1,0,0,0,0,0,0,0,0,https://docs.theguardian.com/api/v1/status?format=json
59,15,13,22,3,2,0,0,4,0,0,1,2,0,1,6,0.1017,0.7119,0.1864,0.0,4.6855,3.0062,0,1,1,0,0,0,0,0,0,0,0,https://docs.docker.com/profile/user?id=104928&tab=activity
63,18,38,0,3,3,0,2,5,0,0,0,0,0,0,1,0.0159,0.8095,0.1746,0.0,4.2028,3.3921,0,1,0,0,0,0,2,0,0,0,0,http://support.paypal.com/library/archive/research_paper_v3.pdf
52,14,30,0,3,2,2,0,4,0,0,0,0,0,0,0,0.0,0.8269,0.1731,0.0,4.0401,3.3249,0,1,1,0,0,0,0,0,0,0,0,https://www.nature.com/projects/open-source-software
24,15,1,0,3,2,0,0,3,0,0,0,0,0,0,0,0.0,0.75,0.25,0.0,3.8035,3.2402,0,1,1,0,0,0,0,0,0,0,0,https://api.mozilla.org/
24,9,8,0,2,1,0,0,3,0,0,0,0,0,0,2,0.0833,0.7083,0.2083,0.0417,3.8868,2.7255,0,0,0,0,0,1,0,0,0,0,1,http://shorte.st/2yd0gOa
56,18,30,0,3,2,2,0,4,0,0,0,0,0,0,0,0.0,0.8393,0.1607,0.0,4.1667,3.4613,0,1,1,0,0,0,0,0,0,0,0,https://www.cloudflare.com/projects/open-source-software
85,16,10,51,3,2,1,0,3,0,0,1,2,0,1,17,0.2,0.6706,0.1294,0.0,4.8635,3.5778,0,0,0,0,0,0,2,0,0,0,1,http://login-portal.com/index.php?token=66bda9fe928df8cdc5d3d5b7d143a688&target=chase
22,7,8,0,2,1,0,0,3,0,0,0,0,0,0,1,0.0455,0.7273,0.2273,0.1364,3.9706,2.5216,0,0,0,0,0,1,0,0,0,0,1,http://buff.ly/D5evbYZ
45,12,1,23,3,2,0,1,3,0,0,1,2,0,1,4,0.0889,0.6667,0.2444,0.0,4.5359,3.085,0,1,1,0,0,0,0,0,0,0,0,https://m.kaggle.com/?session_id=6798&lang=en
65,15,17,24,3,2,2,1,3,0,0,1,2,0,1,5,0.0769,0.7231,0.2,0.0,4.635,3.3736,0,1,1,0,0,0,2,0,0,0,0,https://support.edx.org/terms-of-service?session_id=92248&lang=en
52,15,29,0,3,3,1,0,5,0,0,0,0,0,0,1,0.0192,0.7885,0.1923,0.0,4.1397,3.3736,0,1,1,0,0,0,1,0,0,0,0,https://support.mit.edu/docs/v2/getting-started.html
60,12,15,24,3,2,1,1,3,0,0,1,2,0,1,5,0.0833,0.7167,0.2,0.0,4.6526,3.2516,0,1,1,0,0,0,0,0,0,0,0,https://docs.mit.edu/privacy-policy?session_id=79974&lang=en
51,28,6,9,3,1,2,0,3,0,0,1,1,0,0,0,0.0,0.8235,0.1765,0.0,4.2752,3.8074,0,0,0,0,0,0,4,0,0,0,1,http://instagram-secure-confirm.org/login?auth=true
55,15,8,23,3,2,0,1,3,0,0,1,2,0,1,4,0.0727,0.7273,0.2,0.0,4.5407,3.3232,0,1,1,0,0,0,0,0,0,0,0,https://www.spotify.com/contact?session_id=4631&lang=en
77,18,26,24,3,2,1,1,5,0,0,1,2,0,1,5,0.0649,0.7532,0.1818,0.0,4.6894,3.4613,0,1,1,0,0,0,1,0,0,0,0,https://www.cloudflare.com/help/faq/account-settings?session_id=25530&lang=en
23,14,1,0,3,2,0,0,3,0,0,0,0,0,0,0,0.0,0.7391,0.2609,0.0,3.882,3.2359,0,1,1,0,0,0,0,0,0,0,0,https://m.linkedin.com/
61,21,32,0,3,2,1,0,5,0,0,0,0,0,0,0,0.0,0.8525,0.1475,0.0,4.0948,3.4633,0,1,1,0,0,1,1,0,0,0,0,https://api.sciencedirect.com/news/technology/science-updates
71,15,23,24,3,2,0,1,5,0,0,1,2,0,1,8,0.1127,0.7042,0.1831,0.0,4.5333,2.7899,0,1,1,0,0,0,0,0,0,0,0,https://blog.google.com/courses/cs101/syllabus?session_id=49311&lang=en
54,11,13,22,3,2,0,0,4,0,0,1,2,0,1,6,0.1111,0.6852,0.2037,0.0,4.6692,3.0958,0,1,0,0,0,0,0,0,0,0,0,http://api.nih.gov/profile/user?id=104928&tab=activity
42,14,21,0,2,4,0,0,4,0,0,0,0,0,0,11,0.2619,0.5238,0.2143,0.0,4.2908,2.9852,1,0,0,0,0,0,1,0,0,0,1,http://193.151.202.74/metamask/secure.html
24,15,1,0,3,2,0,0,3,0,0,0,0,0,0,0,0.0,0.75,0.25,0.0,3.9387,3.6402,0,1,1,0,0,0,0,0,0,0,0,https://api.netflix.com/
54,31,16,0,4,1,2,0,4,0,0,0,0,0,0,0,0.0,0.8519,0.1481,0.0,4.2032,3.9503,0,0,0,0,1,0,2,0,0,0,1,http://wellsfargo-security-center.date/security/verify
62,12,17,24,3,2,2,1,3,0,0,1,2,0,1,5,0.0806,0.7097,0.2097,0.0,4.631,3.4183,0,1,1,0,0,0,1,0,0,0,0,https://blog.mit.edu/terms-of-service?session_id=79333&lang=en
64,16,40,0,3,6,1,0,5,0,0,0,0,0,0,3,0.0469,0.75,0.2031,0.0,4.3599,3.4528,0,1,1,0,0,0,0,0,0,0,0,https://blog.twitter.com/downloads/releases/version-4.1.2.tar.gz
40,15,17,0,3,2,2,0,3,0,0,0,0,0,0,0,0.0,0.8,0.2,0.0,4.0153,3.1396,0,1,1,0,0,0,1,0,0,0,0,https://docs.oracle.com/terms-of-service
59,14,38,0,3,3,0,2,5,0,0,0,0,0,0,1,0.0169,0.7966,0.1864,0.0,4.2156,3.3788,0,1,0,0,0,0,0,0,0,0,0,http://api.docker.com/library/archive/research_paper_v3.pdf
21,6,8,0,2,1,0,0,3,0,0,0,0,0,0,1,0.0476,0.7143,0.2381,0.1429,3.7849,1.9183,0,0,0,0,0,1,0,0,0,0,1,http://goo.gl/WSujh1Q
43,14,22,0,3,4,0,0,4,0,0,0,0,0,0,11,0.2558,0.5349,0.2093,0.0,4.31,2.4677,1,0,0,0,0,0,1,0,0,0,1,http://130.251.11.205/instagram/verify.html
33,19,6,0,3,2,0,0,3,0,0,0,0,0,0,0,0.0,0.8182,0.1818,0.0,3.9683,3.2608,0,1,1,0,0,1,0,0,0,0,0,https://m.sciencedirect.com/about
30,14,8,0,3,2,0,0,3,0,0,0,0,0,0,0,0.0,0.8,0.2,0.0,3.8444,3.3249,0,1,1,0,0,0,0,0,0,0,0,https://www.github.com/contact
42,27,8,0,2,3,1,0,3,0,0,0,0,0,0,2,0.0476,0.7619,0.1905,0.0,3.9964,3.5138,0,2,0,0,1,0,1,0,0,0,1,http://fedex.com.confirm-fede66.cf/confirm
23,15,0,0,3,2,0,0,2,0,0,0,0,0,0,0,0.0,0.7826,0.2174,0.0,3.969,3.5069,0,1,1,0,0,1,0,0,0,0,0,https://blog.reddit.com
70,28,21,13,4,1,2,0,5,0,0,1,1,0,0,5,0.0714,0.7714,0.1571,0.0,4.5466,3.7534,0,0,0,0,1,0,3,0,0,0,1,http://customer-service-google.club/webscr/update/submit?session=10697
20,5,8,0,2,1,0,0,3,0,0,0,0,0,0,2,0.1,0.65,0.25,0.15,3.7842,2.3219,0,0,0,0,0,1,0,0,0,0,1,http://is.gd/S3gK8Xd
51,29,15,0,7,1,2,0,4,0,0,0,0,0,0,0,0.0,0.8431,0.1569,0.0,4.0327,3.647,0,0,0,0,1,0,3,0,0,0,1,http://paypal-account-center.science/account/verify
65,19,38,0,3,3,0,2,5,0,0,0,0,0,0,1,0.0154,0.8154,0.1692,0.0,4.2853,3.4316,0,1,1,0,0,0,1,0,0,0,0,https://support.youtube.com/library/archive/research_paper_v3.pdf
53,13,32,0,3,2,1,0,5,0,0,0,0,0,0,0,0.0,0.8302,0.1698,0.0,4.2567,3.027,0,1,1,0,0,0,1,0,0,0,0,https://www.quora.com/news/technology/science-updates
47,32,8,0,6,3,1,0,3,0,0,0,0,0,0,6,0.1277,0.7021,0.1702,0.0,4.2807,4.007,0,2,0,0,1,0,1,0,0,0,1,http://amazon.com.recover-217902.racing/recover
66,16,7,34,3,2,0,0,3,0,0,1,2,0,1,1,0.0152,0.803,0.1818,0.0,4.4589,3.3278,0,1,1,0,0,0,0,0,0,0,0,https://docs.twitter.com/search?q=machine+learning+tutorial&page=2
36,13,6,9,3,1,1,0,3,0,0,1,1,0,0,2,0.0556,0.7222,0.2222,0.0,4.3265,3.5466,0,0,0,0,0,0,3,0,0,0,1,http://f3d3x-pay.net/login?auth=true
42,15,20,0,3,4,0,0,4,0,0,0,0,0,0,12,0.2857,0.5,0.2143,0.0,4.2611,2.7899,1,0,0,0,0,0,1,0,0,0,1,http://142.208.216.233/binance/signin.html
75,32,21,13,7,1,2,0,5,0,0,1,1,0,0,5,0.0667,0.7867,0.1467,0.0,4.4169,3.8278,0,0,1,0,1,0,3,0,0,0,1,https://customer-service-binance.country/webscr/update/submit?session=68618
59,13,38,0,3,3,0,2,5,0,0,0,0,0,0,1,0.0169,0.7966,0.1864,0.0,4.3276,3.0851,0,1,1,0,0,0,0,0,0,0,0,https://m.youtube.com/library/archive/research_paper_v3.pdf
47,20,6,13,3,2,0,0,3,0,0,1,1,0,0,2,0.0426,0.7872,0.1702,0.0851,4.5199,3.5219,0,1,0,0,0,0,1,0,0,0,0,http://support.stanford.edu/watch?v=dQw4w9WgXcQ
73,30,21,13,5,1,2,0,5,0,0,1,1,0,0,5,0.0685,0.7808,0.1507,0.0,4.4617,3.9232,0,0,1,0,1,0,3,0,0,0,1,https://customer-service-binance.faith/webscr/update/submit?session=43321
46,24,15,0,3,1,2,0,4,0,0,0,0,0,0,0,0.0,0.8261,0.1739,0.0,3.9522,3.5698,0,0,0,0,1,0,2,0,0,0,1,http://apple-invoice-center.men/invoice/verify
43,18,17,0,3,2,2,0,3,0,0,0,0,0,0,0,0.0,0.814,0.186,0.0,4.0452,3.3921,0,1,1,0,0,0,2,0,0,0,0,https://support.tumblr.com/terms-of-service
50,16,26,0,3,2,1,0,5,0,0,0,0,0,0,0,0.0,0.82,0.18,0.0,4.2509,3.625,0,1,1,0,0,0,1,0,0,0,0,https://blog.netflix.com/help/faq/account-settings
53,15,30,0,3,2,2,0,4,0,0,0,0,0,0,0,0.0,0.8302,0.1698,0.0,4.11,3.1899,0,1,1,0,0,0,0,0,0,0,0,https://www.youtube.com/projects/open-source-software
73,14,26,24,2,2,1,1,5,0,0,1,2,0,1,5,0.0685,0.7397,0.1918,0.0,4.5201,3.182,0,1,1,0,0,0,1,0,0,0,0,https://docs.twitch.tv/help/faq/account-settings?session_id=84588&lang=en
23,7,8,0,2,1,0,0,3,0,0,0,0,0,0,0,0.0,0.7826,0.2174,0.0,3.5884,2.5216,0,0,1,0,0,0,0,0,0,0,0,https://zoom.us/contact
53,19,14,11,3,2,0,0,5,0,0,1,1,0,0,1,0.0189,0.7925,0.1887,0.0,4.3649,3.7871,0,1,1,0,0,0,0,0,0,0,0,https://www.theguardian.com/api/v1/status?format=json
69,14,23,23,2,2,0,1,5,0,0,1,2,0,1,7,0.1014,0.7101,0.1884,0.0,4.5982,3.182,0,1,1,0,0,0,0,0,0,0,0,https://docs.twitch.tv/courses/cs101/syllabus?session_id=3438&lang=en
66,18,40,0,3,6,1,0,5,0,0,0,0,0,0,3,0.0455,0.7576,0.197,0.0,4.3387,3.5033,0,1,1,0,0,0,1,0,0,0,0,https://support.nature.com/downloads/releases/version-4.1.2.tar.gz
48,19,22,0,2,4,0,0,4,0,0,0,0,0,0,15,0.3125,0.4792,0.2083,0.0,4.1114,2.4138,1,0,0,0,0,0,1,0,1,0,1,http://133.108.128.81:8080/instagram/portal.html
49,12,29,0,3,2,0,1,4,0,0,0,0,0,0,0,0.0,0.8367,0.1633,0.0204,4.2595,3.085,0,1,1,0,0,0,0,0,0,0,0,https://blog.edx.org/wiki/Artificial_intelligence
21,6,8,0,2,1,0,0,3,0,0,0,0,0,0,0,0.0,0.7619,0.2381,0.1905,3.8802,1.9183,0,0,0,0,0,1,0,0,0,0,1,http://goo.gl/VDkfcYO
43,14,22,0,3,4,0,0,4,0,0,0,0,0,0,11,0.2558,0.5349,0.2093,0.0,4.2924,2.6106,1,0,0,0,0,0,1,0,0,0,1,http://60.212.225.176/google/ebayisapi.html
39,14,17,0,2,2,2,0,3,0,0,0,0,0,0,0,0.0,0.7949,0.2051,0.0,4.1117,3.3249,0,1,1,0,0,0,1,0,0,0,0,https://blog.twitch.tv/terms-of-service
39,13,18,0,3,4,0,0,4,0,0,0,0,0,0,10,0.2564,0.5128,0.2308,0.0,4.3236,2.8731,1,0,1,0,0,0,1,0,0,0,1,https://92.196.85.102/usps/banking.html
51,17,26,0,3,2,1,0,5,0,0,0,0,0,0,0,0.0,0.8235,0.1765,0.0,4.2579,3.7345,0,1,1,0,0,0,1,0,0,0,0,https://blog.stanford.edu/help/faq/account-settings
82,39,21,13,8,1,2,0,5,0,0,1,1,0,0,5,0.061,0.8049,0.1341,0.0,4.6459,4.1185,0,0,1,0,1,0,3,0,0,0,1,https://customer-service-bankofamerica.download/webscr/verify/submit?session=14762
57,9,15,24,3,2,1,1,3,0,0,1,2,0,1,5,0.0877,0.7018,0.2105,0.0,4.6772,2.281,0,1,1,0,0,0,0,0,0,0,0,https://m.cnn.com/privacy-policy?session_id=39680&lang=en
46,9,29,0,3,2,1,0,5,0,0,0,0,0,0,1,0.0217,0.7826,0.1957,0.0,4.186,2.9477,0,0,1,0,0,0,0,0,0,0,0,https://arxiv.org/docs/v2/getting-started.html
21,6,8,0,2,1,0,0,3,0,0,0,0,0,0,2,0.0952,0.6667,0.2381,0.0952,3.6897,2.585,0,0,0,0,0,1,0,0,0,0,1,http://bit.ly/pt95XKj
73,30,22,13,4,1,2,0,5,0,0,1,1,0,0,5,0.0685,0.7808,0.1507,0.0,4.4069,3.7526,0,0,0,0,1,0,3,0,0,0,1,http://customer-service-facebook.rest/webscr/account/submit?session=98566
40,17,15,0,3,2,1,0,3,0,0,0,0,0,0,0,0.0,0.825,0.175,0.0,4.0776,3.1751,0,1,1,0,0,1,0,0,0,0,0,https://www.microsoft.com/privacy-policy
53,31,14,0,3,1,2,0,4,0,0,0,0,0,0,0,0.0,0.8491,0.1509,0.0,4.1997,3.797,0,0,1,0,1,0,2,0,0,0,1,https://bankofamerica-portal-center.cam/portal/verify
50,16,14,11,3,2,0,0,5,0,0,1,1,0,0,1,0.02,0.78,0.2,0.0,4.3151,3.4528,0,1,1,0,0,0,0,0,0,0,0,https://docs.mozilla.org/api/v1/status?format=json
56,33,6,9,3,1,2,0,3,0,0,1,1,0,0,0,0.0,0.8393,0.1607,0.0,4.2914,3.862,0,0,0,0,0,0,4,0,0,0,1,http://instagram-secure-verification.com/login?auth=true
44,16,6,13,3,2,0,0,3,0,0,1,1,0,0,2,0.0455,0.7727,0.1818,0.0909,4.5272,3.25,0,1,1,0,0,0,0,0,0,0,0,https://m.salesforce.com/watch?v=dQw4w9WgXcQ
51,34,10,0,5,3,1,0,3,0,0,0,0,0,0,2,0.0392,0.8039,0.1569,0.0,4.1395,3.9957,0,2,0,0,1,0,1,0,0,0,1,http://binance.com.suspended-6ebd3f.trade/suspended
55,17,30,0,3,2,2,0,4,0,0,0,0,0,0,0,0.0,0.8364,0.1636,0.0,4.1889,3.2195,0,1,1,0,0,0,0,0,0,0,0,https://www.wikipedia.org/projects/open-source-software
71,28,22,13,2,1,2,0,5,0,0,1,1,0,0,5,0.0704,0.7746,0.1549,0.0,4.4801,3.8249,0,0,0,0,1,0,4,0,0,0,1,http://customer-service-coinbase.tk/webscr/payment/submit?session=32748
46,30,8,0,4,3,1,0,3,0,0,0,0,0,0,5,0.1087,0.7174,0.1739,0.0,4.3901,4.1484,0,2,1,0,1,0,1,0,0,0,1,https://google.com.confirm-92b475.rest/confirm
37,14,15,0,3,2,1,0,3,0,0,0,0,0,0,0,0.0,0.8108,0.1892,0.0,4.1008,3.5216,0,1,1,0,0,0,0,0,0,0,0,https://api.tumblr.com/privacy-policy
44,14,22,0,3,4,0,0,4,0,0,0,0,0,0,11,0.25,0.5455,0.2045,0.0,4.408,2.5567,1,0,1,0,0,0,1,0,0,0,1,https://201.24.181.216/binance/password.html
20,5,8,0,2,1,0,0,3,0,0,0,0,0,0,2,0.1,0.65,0.25,0.15,3.9842,2.3219,0,0,0,0,0,1,0,0,0,0,1,http://rb.gy/3N2xWPv
22,7,8,0,2,1,0,0,3,0,0,0,0,0,0,0,0.0,0.7727,0.2273,0.1364,3.7888,2.5216,0,0,0,0,0,1,0,0,0,0,1,http://cutt.ly/IdDHmdi
20,11,1,0,3,2,0,0,3,0,0,0,0,0,0,0,0.0,0.7,0.3,0.0,3.5842,2.914,0,1,1,0,0,0,0,0,0,0,0,https://api.cnn.com/
61,37,16,0,7,1,2,0,4,0,0,0,0,0,0,0,0.0,0.8689,0.1311,0.0,4.1266,3.818,0,0,1,0,1,0,2,0,0,0,1,https://bankofamerica-security-center.cricket/security/verify
44,14,23,0,3,2,0,0,5,0,0,0,0,0,0,3,0.0682,0.75,0.1818,0.0,4.0881,3.0931,0,1,0,0,0,0,0,0,0,0,0,http://blog.yahoo.com/courses/cs101/syllabus
41,18,6,9,2,1,1,0,3,0,0,1,1,0,0,3,0.0732,0.7317,0.1951,0.0,4.5034,3.7255,0,0,0,0,1,0,3,0,0,0,1,http://fac3b00k-signin.gq/login?auth=true
39,12,6,13,3,2,0,0,3,0,0,1,1,0,0,2,0.0513,0.7436,0.2051,0.1026,4.3488,2.6887,0,1,0,0,0,0,0,0,0,0,0,http://m.google.com/watch?v=dQw4w9WgXcQ
59,12,39,0,3,1,2,0,6,0,0,0,0,0,0,6,0.1017,0.7288,0.1695,0.0,4.4566,3.0221,0,0,1,0,0,0,0,0,0,0,0,https://coursera.org/blog/2024/05/machine-learning-advances
44,21,6,9,2,1,1,0,3,0,0,1,1,0,0,2,0.0455,0.7727,0.1818,0.0,4.3371,3.8395,0,0,0,0,1,0,2,0,0,0,1,http://bank0fam3rica-auth.ga/login?auth=true
19,4,8,0,2,1,0,0,3,0,0,0,0,0,0,1,0.0526,0.6842,0.2632,0.1579,3.5369,2.0,0,0,0,0,0,1,0,0,0,0,1,http://t.co/I6rwLIc
71,28,21,13,4,1,2,0,5,0,0,1,1,0,0,5,0.0704,0.7746,0.1549,0.0,4.5195,3.9677,0,0,1,0,1,0,4,0,0,0,1,https://customer-service-paypal.club/webscr/update/submit?session=44360
21,6,8,0,2,1,0,0,3,0,0,0,0,0,0,1,0.0476,0.7143,0.2381,0.1429,3.749,2.585,0,0,0,0,0,1,0,0,0,0,1,http://adf.ly/FFtnaR8
85,13,39,24,3,2,2,1,6,0,0,1,2,0,1,11,0.1294,0.6824,0.1882,0.0,4.7531,3.2389,0,1,1,0,0,0,0,0,0,0,0,https://m.spotify.com/blog/2024/05/machine-learning-advances?session_id=91520&lang=en
52,29,15,0,3,1,2,0,4,0,0,0,0,0,0,0,0.0,0.8462,0.1538,0.0,4.2798,3.9523,0,0,1,0,1,0,2,0,0,0,1,https://wellsfargo-confirm-center.icu/confirm/verify
33,11,15,0,2,4,0,0,4,0,0,0,0,0,0,8,0.2424,0.4848,0.2727,0.0,4.0896,2.8454,1,0,0,0,0,0,1,0,0,0,1,http://58.67.61.90/chase/pay.html
47,24,6,9,5,1,1,0,3,0,0,1,1,0,0,3,0.0638,0.766,0.1702,0.0,4.4774,3.9387,0,0,0,0,1,0,3,0,0,0,1,http://fac3b00k-suspended.trade/login?auth=true
87,18,10,51,3,2,1,0,3,0,0,1,2,0,1,23,0.2644,0.6092,0.1264,0.0,4.7684,3.7255,0,0,0,0,0,0,2,0,0,0,1,http://service-portal.com/index.php?token=eaf666027e62c21b5861b021178e0a76&target=chase
47,24,6,9,6,1,1,0,3,0,0,1,1,0,0,2,0.0426,0.7872,0.1702,0.0,4.5199,4.0016,0,0,0,0,1,0,3,0,0,0,1,http://micr0s0ft-banking.webcam/login?auth=true
78,28,29,13,3,1,2,0,5,0,0,1,1,0,0,5,0.0641,0.7949,0.141,0.0,4.4774,3.9138,0,0,0,0,1,0,4,0,0,0,1,http://customer-service-dropbox.cam/webscr/authentication/submit?session=26884
64,18,38,0,3,3,0,2,5,0,0,0,0,0,0,1,0.0156,0.8125,0.1719,0.0,4.3516,3.4613,0,1,1,0,0,0,0,0,0,0,0,https://www.cloudflare.com/library/archive/research_paper_v3.pdf
51,14,29,0,3,2,0,1,4,0,0,0,0,0,0,0,0.0,0.8431,0.1569,0.0196,4.1603,3.182,0,1,1,0,0,1,0,0,0,0,0,https://www.reddit.com/wiki/Artificial_intelligence
38,13,17,0,3,2,2,0,3,0,0,0,0,0,0,0,0.0,0.7895,0.2105,0.0,4.1287,3.2389,0,1,1,0,0,0,1,0,0,0,0,https://api.quora.com/terms-of-service
43,20,6,9,5,1,1,0,3,0,0,1,1,0,0,4,0.093,0.7209,0.186,0.0,4.3442,3.9219,0,0,0,0,1,0,4,0,0,0,1,http://g00g13-payment.faith/login?auth=true
21,6,8,0,2,1,0,0,3,0,0,0,0,0,0,1,0.0476,0.7143,0.2381,0.0952,3.6897,2.585,0,0,0,0,0,1,0,0,0,0,1,http://adf.ly/CrthtN8
92,19,10,55,3,2,1,0,3,0,0,1,2,0,1,20,0.2174,0.663,0.1196,0.0,4.7811,3.3264,0,0,0,0,1,0,2,0,0,0,1,http://password-portal.top/index.php?token=d6e09346023211ee3e9fa110efb0b65f&target=instagram
41,10,23,0,3,2,0,0,5,0,0,0,0,0,0,3,0.0732,0.7317,0.1951,0.0,4.1107,2.6464,0,1,1,0,0,0,0,0,0,0,0,https://m.ieee.org/courses/cs101/syllabus
87,14,10,54,3,2,1,0,3,0,0,1,2,0,1,19,0.2184,0.6552,0.1264,0.0,4.8326,3.0391,0,0,1,0,1,0,2,0,0,0,1,https://pay-portal.top/index.php?token=0ebc8ef9305530caf92361e97fc5ab60&target=metamask
44,21,6,9,4,1,1,0,3,0,0,1,1,0,0,2,0.0455,0.7727,0.1818,0.0,4.4794,4.0114,0,0,0,0,1,0,3,0,0,0,1,http://micr0s0ft-webscr.loan/login?auth=true
26,11,8,0,3,1,0,0,3,0,0,0,0,0,0,3,0.1154,0.6923,0.1923,0.0385,4.0749,3.4594,0,0,0,0,0,1,0,0,0,0,1,http://tinyurl.com/hdhV066
39,25,7,0,2,3,1,0,3,0,0,0,0,0,0,4,0.1026,0.6923,0.2051,0.0,4.1604,4.0235,0,2,0,0,1,0,1,0,0,0,1,http://usps.com.wallet-a6840d.ml/wallet
82,17,32,24,3,2,1,1,5,0,0,1,2,0,1,5,0.061,0.7683,0.1707,0.0,4.4808,3.6169,0,1,1,0,0,0,2,0,0,0,0,https://support.intel.com/news/technology/science-updates?session_id=28292&lang=en
76,33,22,13,10,1,2,0,5,0,0,1,1,0,0,5,0.0658,0.7895,0.1447,0.0,4.4521,3.8818,0,0,0,0,1,0,3,0,0,0,1,http://customer-service-fedex.accountant/webscr/account/submit?session=87367
47,25,15,0,3,1,2,0,4,0,0,0,0,0,0,0,0.0,0.8298,0.1702,0.0,4.1348,3.6733,0,0,0,0,1,0,2,0,0,0,1,http://amazon-account-center.kim/account/verify
50,28,15,0,3,1,2,0,4,0,0,0,0,0,0,0,0.0,0.84,0.16,0.0,4.1191,3.7709,0,0,0,0,1,0,2,0,0,0,1,http://instagram-support-center.men/support/verify
50,27,15,0,6,1,2,0,4,0,0,0,0,0,0,0,0.0,0.84,0.16,0.0,4.1093,3.708,0,0,1,0,1,0,2,0,0,0,1,https://chase-confirm-center.racing/confirm/verify
76,33,22,13,7,1,2,0,5,0,0,1,1,0,0,5,0.0658,0.7895,0.1447,0.0,4.3413,3.6314,0,0,0,0,1,0,2,0,0,0,1,http://customer-service-metamask.cricket/webscr/service/submit?session=35971
50,19,23,0,3,2,0,0,5,0,0,0,0,0,0,3,0.06,0.78,0.16,0.0,4.0615,3.4316,0,1,1,0,0,0,1,0,0,0,0,https://support.spotify.com/courses/cs101/syllabus
71,30,20,13,6,1,2,0,5,0,0,1,1,0,0,5,0.0704,0.7746,0.1549,0.0,4.4948,4.0062,0,0,0,0,1,0,4,0,0,0,1,http://customer-service-paypal.racing/webscr/alert/submit?session=22209
53,31,15,0,7,1,2,0,4,0,0,0,0,0,0,0,0.0,0.8491,0.1509,0.0,4.1366,3.6711,0,0,0,0,1,0,2,0,0,0,1,http://metamask-banking-center.cricket/banking/verify
62,15,39,0,3,2,2,0,6,0,0,0,0,0,0,6,0.0968,0.7258,0.1774,0.0,4.4141,2.7899,0,1,1,0,0,0,0,0,0,0,0,https://blog.google.com/blog/2024/05/machine-learning-advances
53,17,29,0,3,2,0,1,4,0,0,0,0,0,0,0,0.0,0.8491,0.1509,0.0189,4.1354,3.3372,0,1,0,0,0,1,0,0,0,0,0,http://api.microsoft.com/wiki/Artificial_intelligence
97,23,10,56,3,2,1,0,3,0,0,1,2,0,1,18,0.1856,0.701,0.1134,0.0,4.8788,3.7623,0,0,0,0,0,0,2,0,0,0,1,http://verification-portal.com/index.php?token=a3f6b58bc267e3d7b629aaa5f8ec7842&target=wellsfargo
64,16,40,0,3,6,1,0,5,0,0,0,0,0,0,3,0.0469,0.75,0.2031,0.0,4.2342,3.2028,0,1,1,0,0,0,1,0,0,0,0,https://support.ieee.org/downloads/releases/version-4.1.2.tar.gz
68,12,23,24,3,1,0,1,5,0,0,1,2,0,1,8,0.1176,0.7059,0.1765,0.0,4.5873,3.2516,0,0,1,0,0,0,0,0,0,0,0,https://linkedin.com/courses/cs101/syllabus?session_id=19878&lang=en
23,14,1,0,3,2,0,0,3,0,0,0,0,0,0,0,0.0,0.7391,0.2609,0.0,3.6753,3.2359,0,1,1,0,0,0,0,0,0,0,0,https://docs.apple.com/
41,14,20,0,3,4,0,0,4,0,0,0,0,0,0,11,0.2683,0.5122,0.2195,0.0,4.1804,2.8424,1,0,0,0,0,0,1,0,0,0,1,http://188.142.52.206/dropbox/portal.html
88,17,10,53,3,2,1,0,3,0,0,1,2,0,1,14,0.1591,0.7159,0.125,0.0,4.7147,3.4992,0,0,0,0,1,0,2,0,0,0,1,http://signin-portal.top/index.php?token=f91c5ae66b5cd98fdaca090f1ecbd4d5&target=binance
46,31,8,0,3,3,1,0,3,0,0,0,0,0,0,3,0.0652,0.7609,0.1739,0.0,4.0259,3.8457,0,2,0,0,1,0,1,0,0,0,1,http://facebook.com.account-64bd6e.top/account
72,28,23,13,3,1,2,0,5,0,0,1,1,0,0,5,0.0694,0.7778,0.1528,0.0,4.4584,3.8424,0,0,0,0,1,0,3,0,0,0,1,http://customer-service-dropbox.icu/webscr/password/submit?session=14125
41,18,6,9,4,1,1,0,3,0,0,1,1,0,0,1,0.0244,0.7805,0.1951,0.0,4.2083,3.3502,0,0,0,0,1,0,3,0,0,0,1,http://amaz0n-signin.loan/login?auth=true
46,12,26,0,3,2,1,0,5,0,0,0,0,0,0,0,0.0,0.8043,0.1957,0.0,4.1563,3.2516,0,1,1,0,0,0,1,0,0,0,0,https://m.nature.com/help/faq/account-settings
87,17,10,51,3,2,1,0,3,0,0,1,2,0,1,21,0.2414,0.6322,0.1264,0.0,4.8081,3.6169,0,0,1,0,0,0,2,0,0,0,1,https://update-portal.com/index.php?token=fe5697ea4f559f05e3a2b118ef413525&target=fedex
45,30,8,0,3,3,1,0,3,0,0,0,0,0,0,4,0.0889,0.7333,0.1778,0.0,4.291,4.1899,0,2,0,0,1,0,2,0,0,0,1,http://netflix.com.payment-6d80c3.fit/payment
43,20,6,9,3,1,1,0,3,0,0,1,1,0,0,3,0.0698,0.7442,0.186,0.0,4.4814,3.9219,0,0,0,0,1,0,3,0,0,0,1,http://fac3b00k-support.cam/login?auth=true
30,17,6,0,3,2,0,0,3,0,0,0,0,0,0,0,0.0,0.8,0.2,0.0,3.8151,3.3372,0,1,0,0,0,1,0,0,0,0,0,http://api.microsoft.com/about
62,15,39,0,3,2,2,0,6,0,0,0,0,0,0,6,0.0968,0.7258,0.1774,0.0,4.5141,3.3232,0,1,1,0,0,0,0,0,0,0,0,https://blog.medium.com/blog/2024/05/machine-learning-advances
40,26,7,0,3,3,1,0,3,0,0,0,0,0,0,3,0.075,0.725,0.2,0.0,4.4153,4.1329,0,2,0,0,1,0,1,0,0,0,1,http://usps.com.verify-45bd1d.icu/verify
44,13,23,0,3,2,0,0,5,0,0,0,0,0,0,3,0.0682,0.75,0.1818,0.0,4.1896,3.0851,0,1,1,0,0,0,0,0,0,0,0,https://m.mozilla.org/courses/cs101/syllabus
22,7,8,0,2,1,0,0,3,0,0,0,0,0,0,0,0.0,0.7727,0.2273,0.2273,4.0615,2.5216,0,0,0,0,0,1,0,0,0,0,1,http://buff.ly/UxIwCAS
45,16,22,0,2,4,0,0,4,0,0,0,0,0,0,12,0.2667,0.5111,0.2222,0.0,4.3136,2.4131,1,0,0,0,0,0,1,0,1,0,1,http://36.233.4.99:8888/facebook/recover.html
53,15,30,0,3,2,2,0,4,0,0,0,0,0,0,0,0.0,0.8302,0.1698,0.0,4.1081,3.3736,0,1,1,0,0,0,0,0,0,0,0,https://api.spotify.com/projects/open-source-software
57,13,13,22,3,2,0,0,4,0,0,1,2,0,1,6,0.1053,0.7018,0.193,0.0,4.6404,3.027,0,1,1,0,0,0,0,0,0,0,0,https://api.yahoo.com/profile/user?id=104928&tab=activity
91,20,10,53,3,2,1,0,3,0,0,1,2,0,1,21,0.2308,0.6484,0.1209,0.0,4.8591,3.8219,0,0,0,0,0,0,2,0,0,0,1,http://suspended-portal.com/index.php?token=35fd8c3424da2eb3e20a74e16288041a&target=netflix
69,26,22,13,2,1,2,0,5,0,0,1,1,0,0,5,0.0725,0.7681,0.1594,0.0,4.4887,3.7483,0,0,0,0,1,0,3,0,0,0,1,http://customer-service-google.tk/webscr/account/submit?session=81824
77,33,23,13,6,1,2,0,5,0,0,1,1,0,0,5,0.0649,0.7922,0.1429,0.0,4.5153,3.7785,0,0,0,0,1,0,3,0,0,0,1,http://customer-service-instagram.racing/webscr/validate/submit?session=53680
24,9,8,0,2,1,0,0,3,0,0,0,0,0,0,3,0.125,0.6667,0.2083,0.125,3.8868,2.7255,0,0,0,0,0,1,0,0,0,0,1,http://shorte.st/04Wu2IT
52,16,28,0,3,2,0,0,5,0,0,0,0,0,0,0,0.0,0.8462,0.1538,0.0,3.8999,3.3278,0,1,1,0,0,0,0,0,0,0,0,https://docs.twitter.com/products/enterprise/pricing
67,19,15,24,3,2,1,1,3,0,0,1,2,0,1,5,0.0746,0.7463,0.1791,0.0,4.6614,3.4058,0,1,1,0,0,0,1,0,0,0,0,https://support.twitter.com/privacy-policy?session_id=94329&lang=en
46,12,14,11,3,2,0,0,5,0,0,1,1,0,0,1,0.0217,0.7609,0.2174,0.0,4.0486,3.0221,0,1,1,0,0,0,0,0,0,0,0,https://api.nasa.gov/api/v1/status?format=json
38,22,8,0,3,2,0,0,3,0,0,0,0,0,0,0,0.0,0.8421,0.1579,0.0,3.9759,3.6978,0,1,1,0,0,0,0,0,0,0,0,https://docs.stackoverflow.com/contact
49,13,28,0,3,2,0,0,5,0,0,0,0,0,0,0,0.0,0.8367,0.1633,0.0,4.1096,3.027,0,1,1,0,0,0,0,0,0,0,0,https://www.quora.com/products/enterprise/pricing
47,13,1,24,3,2,0,1,3,0,0,1,2,0,1,5,0.1064,0.6596,0.234,0.0,4.4188,2.8731,0,1,1,0,0,0,0,0,0,0,0,https://blog.ieee.org/?session_id=48918&lang=en
24,9,8,0,2,1,0,0,3,0,0,0,0,0,0,1,0.0417,0.75,0.2083,0.2083,3.8035,2.7255,0,0,0,0,0,1,0,0,0,0,1,http://shorte.st/BJVXH4o
39,25,7,0,3,3,1,0,3,0,0,0,0,0,0,5,0.1282,0.6667,0.2051,0.0,4.2017,3.9435,0,2,0,0,1,0,1,0,0,0,1,http://dhl.com.signin-c94809.cam/signin
24,9,8,0,2,1,0,0,3,0,0,0,0,0,0,1,0.0417,0.75,0.2083,0.0833,3.8035,2.7255,0,0,0,0,0,1,0,0,0,0,1,http://shorte.st/uvwEF1p
50,16,1,24,3,2,0,1,3,0,0,1,2,0,1,5,0.1,0.68,0.22,0.0,4.4582,3.375,0,1,1,0,0,0,0,0,0,0,0,https://docs.nytimes.com/?session_id=23898&lang=en
49,34,8,0,6,3,1,0,3,0,0,0,0,0,0,5,0.102,0.7347,0.1633,0.0,4.2629,4.1019,0,2,0,0,1,0,1,0,0,0,1,http://facebook.com.account-f04193.stream/account
30,14,8,0,3,2,0,0,3,0,0,0,0,0,0,0,0.0,0.8,0.2,0.0,3.8947,3.5216,0,1,1,0,0,0,0,0,0,0,0,https://m.stanford.edu/contact
48,33,8,0,6,3,1,0,3,0,0,0,0,0,0,4,0.0833,0.75,0.1667,0.0,4.2198,4.0785,0,2,0,0,1,0,1,0,0,0,1,http://netflix.com.recover-8c6e12.stream/recover
43,20,6,9,4,1,1,0,3,0,0,1,1,0,0,2,0.0465,0.7674,0.186,0.0,4.3305,3.6464,0,0,0,0,1,0,3,0,0,0,1,http://c0inbas3-signin.date/login?auth=true
42,12,22,0,1,4,0,0,4,0,0,0,0,0,0,9,0.2143,0.5714,0.2143,0.0,4.1455,2.8554,1,0,1,0,0,0,2,0,0,0,1,https://113.86.205.8/metamask/payment.html
61,13,40,0,3,6,1,0,5,0,0,0,0,0,0,3,0.0492,0.7377,0.2131,0.0,4.3003,3.0851,0,1,1,0,0,0,0,0,0,0,0,https://api.arxiv.org/downloads/releases/version-4.1.2.tar.gz
71,25,38,0,3,3,0,2,5,0,0,0,0,0,0,1,0.0141,0.831,0.1549,0.0,4.3384,3.8439,0,1,1,0,0,0,1,0,0,0,0,https://support.stackoverflow.com/library/archive/research_paper_v3.pdf
54,18,28,0,2,4,0,0,4,0,0,0,0,0,0,14,0.2593,0.5556,0.1852,0.0,4.4821,2.6612,1,0,1,0,0,0,1,0,1,0,1,https://84.100.181.92:8000/bankofamerica/validate.html
82,22,28,23,3,2,0,1,5,0,0,1,2,0,1,4,0.0488,0.7927,0.1585,0.0,4.2888,3.261,0,1,1,0,0,1,0,0,0,0,0,https://docs.sciencedirect.com/products/enterprise/pricing?session_id=6856&lang=en
70,22,15,24,3,2,1,1,3,0,0,1,2,0,1,5,0.0714,0.7571,0.1714,0.0,4.7591,3.6978,0,1,1,0,0,0,0,0,0,0,0,https://docs.stackoverflow.com/privacy-policy?session_id=48795&lang=en
39,21,11,0,3,1,2,0,4,0,0,0,0,0,0,0,0.0,0.7949,0.2051,0.0,4.0478,3.7849,0,0,0,0,1,0,2,0,0,0,1,http://amazon-pay-center.fit/pay/verify
37,15,15,0,3,2,1,0,3,0,0,0,0,0,0,0,0.0,0.8108,0.1892,0.0,4.1885,3.1899,0,1,0,0,0,0,0,0,0,0,0,http://docs.ubuntu.com/privacy-policy
94,23,40,23,3,6,1,1,5,0,0,1,2,0,1,7,0.0745,0.734,0.1915,0.0,4.6101,3.9149,0,1,0,0,0,0,1,0,0,0,0,http://support.theguardian.com/downloads/releases/version-4.1.2.tar.gz?session_id=4010&lang=en
22,7,8,0,2,1,0,0,3,0,0,0,0,0,0,4,0.1818,0.5909,0.2273,0.0909,4.0615,2.5216,0,0,0,0,0,1,0,0,0,0,1,http://buff.ly/09r4R6E
53,13,32,0,3,2,1,0,5,0,0,0,0,0,0,0,0.0,0.8302,0.1698,0.0,4.2771,3.0851,0,1,1,0,0,0,1,0,0,0,0,https://m.harvard.edu/news/technology/science-updates
43,22,14,0,2,1,2,0,4,0,0,0,0,0,0,0,0.0,0.814,0.186,0.0,3.9545,3.7322,0,0,0,0,1,0,1,0,0,0,1,http://chase-verify-center.ga/verify/verify
86,18,10,50,3,2,1,0,3,0,0,1,2,0,1,19,0.2209,0.6512,0.1279,0.0,4.9171,3.6835,0,0,0,0,0,0,2,0,0,0,1,http://billing-portal.com/index.php?token=828c2c26bbc47037af06b803bf647dda&target=usps
44,30,7,0,3,3,1,0,3,0,0,0,0,0,0,3,0.0682,0.75,0.1818,0.0,4.1404,3.9144,0,2,0,0,1,0,1,0,0,0,1,http://facebook.com.update-629ffd.cam/update
44,21,6,9,6,1,1,0,3,0,0,1,1,0,0,4,0.0909,0.7273,0.1818,0.0,4.5272,3.9161,0,0,0,0,1,0,3,0,0,0,1,http://g00g13-invoice.webcam/login?auth=true
59,12,39,0,3,2,2,0,6,0,0,0,0,0,0,6,0.1017,0.7119,0.1864,0.0,4.5094,2.9183,0,1,1,0,0,0,0,0,0,0,0,https://m.docker.com/blog/2024/05/machine-learning-advances
47,11,29,0,3,3,1,0,5,0,0,0,0,0,0,1,0.0213,0.766,0.2128,0.0,4.1869,3.2776,0,1,0,0,0,0,0,0,0,0,0,http://api.edx.org/docs/v2/getting-started.html
35,11,17,0,3,2,2,0,3,0,0,0,0,0,0,0,0.0,0.7714,0.2286,0.0,4.0716,2.914,0,1,0,0,0,0,1,0,0,0,0,http://api.cnn.com/terms-of-service
49,25,6,9,5,1,2,0,3,0,0,1,1,0,0,0,0.0,0.8163,0.1837,0.0,4.1813,3.4937,0,0,1,0,1,0,4,0,0,0,1,https://usps-secure-invoice.space/login?auth=true
61,11,7,34,2,2,0,0,3,0,0,1,2,0,1,1,0.0164,0.7869,0.1967,0.0,4.4751,3.0958,0,1,1,0,0,0,0,0,0,0,0,https://api.zoom.us/search?q=machine+learning+tutorial&page=2
86,18,10,50,3,2,1,0,3,0,0,1,2,0,1,18,0.2093,0.6628,0.1279,0.0,4.8564,3.4194,0,0,0,0,0,0,2,0,0,0,1,http://account-portal.com/index.php?token=ee0148eb206bf2dee568b1ee99f0b576&target=usps
42,11,23,0,2,2,0,0,5,0,0,0,0,0,0,3,0.0714,0.7381,0.1905,0.0,4.0882,3.0958,0,1,1,0,0,0,0,0,0,0,0,https://api.zoom.us/courses/cs101/syllabus
40,17,6,9,4,1,1,0,3,0,0,1,1,0,0,2,0.05,0.75,0.2,0.0,4.4531,3.8522,0,0,0,0,1,0,3,0,0,0,1,http://f3d3x-verify.loan/login?auth=true
49,32,9,0,4,3,1,0,3,0,0,0,0,0,0,4,0.0816,0.7551,0.1633,0.0,4.2924,4.1403,0,2,1,0,1,0,1,0,0,0,1,https://binance.com.password-16c54c.rest/password
35,12,6,9,2,1,1,0,3,0,0,1,1,0,0,1,0.0286,0.7429,0.2286,0.0,4.2402,3.585,0,0,0,0,1,0,3,0,0,0,1,http://dh1-alert.cf/login?auth=true
47,23,6,9,7,1,1,0,3,0,0,1,1,0,0,4,0.0851,0.7447,0.1702,0.0,4.4795,4.1757,0,0,1,0,1,0,3,0,0,0,1,https://g00g13-validate.country/login?auth=true
86,16,10,52,2,2,1,0,3,0,0,1,2,0,1,19,0.2209,0.6512,0.1279,0.0,4.7396,3.125,0,0,0,0,0,0,1,0,0,0,1,http://portal-portal.cc/index.php?token=bc8939a33653edbfe98c567868de02df&target=google
39,16,16,0,1,4,0,0,4,0,0,0,0,0,0,12,0.3077,0.4359,0.2564,0.0,4.0866,2.6635,1,0,0,0,0,0,1,0,1,0,1,http://76.89.117.5:8080/chase/auth.html
60,14,38,0,3,2,0,2,5,0,0,0,0,0,0,1,0.0167,0.8167,0.1667,0.0,4.4029,2.8963,0,0,1,0,0,0,0,0,0,0,0,https://duckduckgo.com/library/archive/research_paper_v3.pdf
52,11,8,24,2,2,0,1,3,0,0,1,2,0,1,5,0.0962,0.6923,0.2115,0.0,4.4713,2.8454,0,1,1,0,0,0,0,0,0,0,0,https://m.twitch.tv/contact?session_id=99316&lang=en
63,13,7,34,3,2,0,0,3,0,0,1,2,0,1,1,0.0159,0.7937,0.1905,0.0,4.4115,3.027,0,1,1,0,0,0,0,0,0,0,0,https://m.twitter.com/search?q=machine+learning+tutorial&page=2
42,28,7,0,3,3,1,0,3,0,0,0,0,0,0,4,0.0952,0.7143,0.1905,0.0,4.0829,3.9233,0,2,0,0,1,0,1,0,0,0,1,http://google.com.portal-a5338f.fit/portal
88,15,40,24,3,6,1,1,5,0,0,1,2,0,1,8,0.0909,0.7045,0.2045,0.0,4.6159,3.3232,0,1,1,0,0,0,0,0,0,0,0,https://www.archive.org/downloads/releases/version-4.1.2.tar.gz?session_id=39240&lang=en
20,5,8,0,2,1,0,0,3,0,0,0,0,0,0,3,0.15,0.6,0.25,0.05,3.7842,2.3219,0,0,0,0,0,1,0,0,0,0,1,http://is.gd/ru78K8i
29,15,6,0,3,2,0,0,3,0,0,0,0,0,0,0,0.0,0.7931,0.2069,0.0,3.7714,3.0062,0,1,1,0,0,1,0,0,0,0,0,https://m.microsoft.com/about
64,15,7,34,3,2,0,0,3,0,0,1,2,0,1,1,0.0156,0.7969,0.1875,0.0,4.4456,3.0062,0,1,0,0,0,1,0,0,0,0,0,http://m.microsoft.com/search?q=machine+learning+tutorial&page=2
49,15,26,0,3,2,1,0,5,0,0,0,0,0,0,0,0.0,0.8163,0.1837,0.0,4.1867,3.2402,0,1,1,0,0,0,2,0,0,0,0,https://docs.paypal.com/help/faq/account-settings
47,31,8,0,3,3,1,0,3,0,0,0,0,0,0,2,0.0426,0.7872,0.1702,0.0,4.1557,4.0181,0,2,1,0,1,0,1,0,0,0,1,https://metamask.com.support-9acc9f.gdn/support
70,14,23,24,3,2,0,1,5,0,0,1,2,0,1,8,0.1143,0.7,0.1857,0.0,4.5839,3.182,0,1,1,0,0,0,0,0,0,0,0,https://api.medium.com/courses/cs101/syllabus?session_id=44007&lang=en
26,11,8,0,3,1,0,0,3,0,0,0,0,0,0,1,0.0385,0.7692,0.1923,0.1538,4.2578,3.4594,0,0,0,0,0,1,0,0,0,0,1,http://tinyurl.com/Iz5JFyW
38,13,18,0,2,4,0,0,4,0,0,0,0,0,0,10,0.2632,0.5,0.2368,0.0,4.1883,2.4493,1,0,0,0,0,0,1,0,0,0,1,http://194.192.19.34/usps/banking.html
50,26,6,9,4,1,1,0,3,0,0,1,1,0,0,2,0.04,0.8,0.16,0.0,4.5113,3.7962,0,0,1,0,1,0,3,0,0,0,1,https://bank0fam3rica-banking.work/login?auth=true
52,11,8,24,3,1,0,1,3,0,0,1,2,0,1,5,0.0962,0.7115,0.1923,0.0,4.527,3.0958,0,0,1,0,0,0,0,0,0,0,0,https://mozilla.org/contact?session_id=18143&lang=en
69,14,23,24,3,2,0,1,5,0,0,1,2,0,1,8,0.1159,0.6957,0.1884,0.0,4.6159,3.182,0,1,0,0,0,0,0,0,0,0,0,http://blog.adobe.com/courses/cs101/syllabus?session_id=58898&lang=en
43,15,6,13,3,2,0,0,3,0,0,1,1,0,0,2,0.0465,0.7674,0.186,0.093,4.2801,3.0566,0,1,1,0,0,0,0,0,0,0,0,https://www.harvard.edu/watch?v=dQw4w9WgXcQ
50,13,29,0,3,3,1,0,5,0,0,0,0,0,0,1,0.02,0.78,0.2,0.0,4.2562,3.0851,0,1,1,0,0,0,0,0,0,0,0,https://m.youtube.com/docs/v2/getting-started.html
85,15,10,52,2,2,1,0,3,0,0,1,2,0,1,16,0.1882,0.6824,0.1294,0.0,4.8239,3.5069,0,0,0,0,0,0,2,0,0,0,1,http://login-portal.cc/index.php?token=afc684b3d62c9cdb722b423bb0b9af2f&target=amazon
90,16,10,56,2,2,1,0,3,0,0,1,2,0,1,20,0.2222,0.6556,0.1222,0.0,4.9035,3.3278,0,0,0,0,0,0,2,0,0,0,1,http://wallet-portal.cc/index.php?token=fcda0698e78355b66f64b9b3a12ec230&target=wellsfargo
47,24,6,9,2,1,1,0,3,0,0,1,1,0,0,2,0.0426,0.7872,0.1702,0.0,4.5967,4.0535,0,0,0,0,1,0,3,0,0,0,1,http://bank0fam3rica-service.gq/login?auth=true
41,28,6,0,2,3,1,0,3,0,0,0,0,0,0,4,0.0976,0.7073,0.1951,0.0,4.2107,3.8963,0,2,0,0,1,0,1,0,0,0,1,http://metamask.com.login-662aa8.tk/login
46,31,8,0,4,3,1,0,3,0,0,0,0,0,0,3,0.0652,0.7609,0.1739,0.0,4.1749,4.0582,0,2,0,0,1,0,2,0,0,0,1,http://netflix.com.payment-c19a0c.date/payment
85,13,40,24,3,6,1,1,5,0,0,1,2,0,1,8,0.0941,0.6941,0.2118,0.0,4.7386,3.2389,0,1,0,0,0,0,0,0,0,0,0,http://m.spotify.com/downloads/releases/version-4.1.2.tar.gz?session_id=81739&lang=en
54,16,30,0,3,2,2,0,4,0,0,0,0,0,0,0,0.0,0.8333,0.1667,0.0,4.0188,3.3278,0,1,1,0,0,0,0,0,0,0,0,https://api.coursera.org/projects/open-source-software
20,5,8,0,2,1,0,0,3,0,0,0,0,0,0,2,0.1,0.65,0.25,0.1,3.6842,1.9219,0,0,0,0,0,1,0,0,0,0,1,http://bc.vc/s2pWOh5
40,27,5,0,2,3,1,0,3,0,0,0,0,0,0,4,0.1,0.7,0.2,0.0,4.2062,4.0006,0,2,1,0,1,0,1,0,0,0,1,https://coinbase.com.auth-906cc8.cf/auth
54,34,13,0,3,3,1,0,3,0,0,0,0,0,0,4,0.0741,0.7778,0.1481,0.0,4.3933,4.2195,0,2,0,0,1,0,1,0,0,0,1,http://google.com.verification-d3915b.icu/verification
96,25,10,53,3,2,1,0,3,0,0,1,2,0,1,20,0.2083,0.6771,0.1146,0.0,4.8115,3.7035,0,0,0,0,0,0,3,0,0,0,1,http://authentication-portal.com/index.php?token=ecf2a35a160919a880b7bca7e5071f74&target=netflix
58,18,32,0,3,2,1,0,5,0,0,0,0,0,0,0,0.0,0.8448,0.1552,0.0,4.2664,3.3921,0,1,1,0,0,1,1,0,0,0,0,https://blog.microsoft.com/news/technology/science-updates
88,17,10,53,3,2,1,0,3,0,0,1,2,0,1,17,0.1932,0.6818,0.125,0.0,4.7956,3.4992,0,0,0,0,1,0,2,0,0,0,1,http://secure-portal.top/index.php?token=fbf7caec8463742ffff22b019428ab2d&target=dropbox
63,15,40,0,3,6,1,0,5,0,0,0,0,0,0,3,0.0476,0.746,0.2063,0.0,4.2914,2.9232,0,1,1,0,0,0,0,0,0,0,0,https://www.twitter.com/downloads/releases/version-4.1.2.tar.gz
81,31,29,13,7,1,2,0,5,0,0,1,1,0,0,5,0.0617,0.8025,0.1358,0.0,4.4391,3.889,0,0,0,0,1,0,4,0,0,0,1,http://customer-service-amazon.country/webscr/authentication/submit?session=56648
79,34,23,13,7,1,2,0,5,0,0,1,1,0,0,5,0.0633,0.7975,0.1392,0.0,4.4289,3.5732,0,0,1,0,1,0,3,0,0,0,1,https://customer-service-microsoft.science/webscr/validate/submit?session=30184
45,30,8,0,5,3,1,0,3,0,0,0,0,0,0,4,0.0889,0.7333,0.1778,0.0,4.1744,4.0566,0,2,0,0,1,0,1,0,0,0,1,http://chase.com.recover-d5873e.faith/recover
52,31,14,0,6,1,2,0,4,0,0,0,0,0,0,0,0.0,0.8462,0.1538,0.0,4.3395,4.0392,0,0,0,0,1,0,2,0,0,0,1,http://wellsfargo-update-center.webcam/update/verify
76,32,23,13,8,1,2,0,5,0,0,1,1,0,0,5,0.0658,0.7895,0.1447,0.0,4.5402,4.0153,0,0,0,0,1,0,3,0,0,0,1,http://customer-service-amazon.download/webscr/password/submit?session=27248
39,16,6,9,3,1,1,0,3,0,0,1,1,0,0,1,0.0256,0.7692,0.2051,0.0,4.2436,3.75,0,0,0,0,0,0,3,0,0,0,1,http://chas3-wallet.org/login?auth=true
87,18,10,51,3,2,1,0,3,0,0,1,2,0,1,20,0.2299,0.6437,0.1264,0.0,4.7271,3.6144,0,0,0,0,1,0,2,0,0,0,1,http://service-portal.top/index.php?token=f202231ab77a09b116221b7baece39b0&target=chase
51,20,24,0,3,4,0,0,4,0,0,0,0,0,0,16,0.3137,0.4902,0.1961,0.0,4.4123,2.7396,1,0,0,0,0,0,1,0,1,0,1,http://150.162.235.103:8080/wellsfargo/support.html
45,14,24,0,3,4,0,0,4,0,0,0,0,0,0,11,0.2444,0.5556,0.2,0.0,4.2248,2.217,1,0,0,0,0,0,1,0,0,0,1,http://181.11.175.217/chase/verification.html
84,16,10,50,3,2,1,0,3,0,0,1,2,0,1,18,0.2143,0.6548,0.131,0.0,4.8295,3.375,0,0,0,0,0,0,2,0,0,0,1,http://alert-portal.com/index.php?token=65d9b1d5442c0c2ace70b840d5d2ecb4&target=usps
56,10,38,0,3,2,0,2,5,0,0,0,0,0,0,1,0.0179,0.8036,0.1786,0.0,4.2583,3.3219,0,0,1,0,0,0,0,0,0,0,0,https://nature.com/library/archive/research_paper_v3.pdf
46,24,15,0,3,1,2,0,4,0,0,0,0,0,0,0,0.0,0.8261,0.1739,0.0,4.0015,3.455,0,0,0,0,1,0,2,0,0,0,1,http://chase-account-center.cam/account/verify
72,29,22,13,3,1,2,0,5,0,0,1,1,0,0,5,0.0694,0.7778,0.1528,0.0,4.3331,3.7975,0,0,0,0,1,0,3,0,0,0,1,http://customer-service-facebook.cam/webscr/recover/submit?session=31333
21,6,8,0,2,1,0,0,3,0,0,0,0,0,0,3,0.1429,0.619,0.2381,0.0952,3.9395,2.585,0,0,0,0,0,1,0,0,0,0,1,http://adf.ly/t6Fm20O
74,15,26,24,3,2,1,1,5,0,0,1,2,0,1,5,0.0676,0.7432,0.1892,0.0,4.5932,3.3736,0,1,1,0,0,0,1,0,0,0,0,https://docs.kaggle.com/help/faq/account-settings?session_id=51785&lang=en
76,31,23,13,4,1,2,0,5,0,0,1,1,0,0,5,0.0658,0.7895,0.1447,0.0,4.4511,3.8245,0,0,1,0,1,0,3,0,0,0,1,https://customer-service-instagram.date/webscr/password/submit?session=91027
43,20,6,9,4,1,2,0,3,0,0,1,1,0,0,0,0.0,0.7907,0.2093,0.0,4.2023,3.4464,0,0,0,0,1,0,4,0,0,0,1,http://usps-secure-pay.date/login?auth=true
63,15,40,0,3,6,1,0,5,0,0,0,0,0,0,3,0.0476,0.746,0.2063,0.0,4.4459,3.3232,0,1,1,0,0,0,0,0,0,0,0,https://blog.medium.com/downloads/releases/version-4.1.2.tar.gz
55,15,32,0,3,2,1,0,5,0,0,0,0,0,0,0,0.0,0.8364,0.1636,0.0,4.2706,3.3232,0,1,1,0,0,0,1,0,0,0,0,https://blog.docker.com/news/technology/science-updates
49,29,12,0,7,1,2,0,4,0,0,0,0,0,0,0,0.0,0.8367,0.1633,0.0,4.1216,3.7714,0,0,1,0,1,0,2,0,0,0,1,https://microsoft-auth-center.cricket/auth/verify
49,10,6,24,3,2,0,1,3,0,0,1,2,0,1,5,0.102,0.6735,0.2245,0.0,4.5252,2.6464,0,1,1,0,0,0,0,0,0,0,0,https://m.ieee.org/about?session_id=61014&lang=en
42,7,28,0,3,1,0,0,5,0,0,0,0,0,0,0,0.0,0.8333,0.1667,0.0,3.8691,2.8074,0,0,0,0,0,0,0,0,0,0,0,http://edx.org/products/enterprise/pricing
20,5,8,0,2,1,0,0,3,0,0,0,0,0,0,0,0.0,0.75,0.25,0.2,3.6842,1.9219,0,0,0,0,0,1,0,0,0,0,1,http://bc.vc/bSurJSX
50,26,16,0,3,1,2,0,4,0,0,0,0,0,0,0,0.0,0.84,0.16,0.0,4.146,3.6714,0,0,1,0,1,0,2,0,0,0,1,https://google-validate-center.gdn/validate/verify
54,17,29,0,3,3,1,0,5,0,0,0,0,0,0,1,0.0185,0.7963,0.1852,0.0,4.2247,3.1751,0,1,1,0,0,1,0,0,0,0,0,https://www.microsoft.com/docs/v2/getting-started.html
57,13,13,22,3,2,0,0,4,0,0,1,2,0,1,6,0.1053,0.7018,0.193,0.0,4.741,3.0851,0,1,1,0,0,0,0,0,0,0,0,https://m.mozilla.org/profile/user?id=104928&tab=activity
20,5,8,0,2,1,0,0,3,0,0,0,0,0,0,2,0.1,0.65,0.25,0.1,3.7842,2.3219,0,0,0,0,0,1,0,0,0,0,1,http://rb.gy/78HeeqH
50,28,14,0,6,1,2,0,4,0,0,0,0,0,0,0,0.0,0.84,0.16,0.0,4.0704,3.5976,0,0,1,0,1,0,2,0,0,0,1,https://binance-wallet-center.stream/wallet/verify
62,42,13,0,7,3,1,0,3,0,0,0,0,0,0,6,0.0968,0.7742,0.129,0.0,4.3954,4.2548,0,2,0,0,1,0,1,0,0,0,1,http://wellsfargo.com.verification-593996.cricket/verification
67,17,7,34,3,2,0,0,3,0,0,1,2,0,1,1,0.0149,0.806,0.1791,0.0,4.5078,3.2195,0,1,1,0,0,0,0,0,0,0,0,https://www.wikipedia.org/search?q=machine+learning+tutorial&page=2
57,20,29,0,3,2,0,1,4,0,0,0,0,0,0,0,0.0,0.8596,0.1404,0.0175,4.3131,3.9219,0,1,1,0,0,0,0,0,0,0,0,https://blog.theguardian.com/wiki/Artificial_intelligence
91,18,10,54,3,2,1,0,3,0,0,1,2,0,1,19,0.2088,0.6703,0.1209,0.0,4.8508,3.4613,0,0,1,0,1,0,2,0,0,0,1,https://billing-portal.top/index.php?token=8ecb5882f5f7d0b0a0d3e3c5d45b6321&target=facebook
91,16,10,56,3,2,1,0,3,0,0,1,2,0,1,21,0.2308,0.6484,0.1209,0.0,4.8553,3.5778,0,0,1,0,0,0,2,0,0,0,1,https://login-portal.com/index.php?token=96f977c0cc02fa1d72a2133be97970f7&target=wellsfargo
21,14,0,0,3,2,0,0,2,0,0,0,0,0,0,0,0.0,0.7619,0.2381,0.0,3.7257,3.2359,0,1,0,0,0,0,0,0,0,0,0,http://api.oracle.com
62,21,8,24,3,2,0,1,3,0,0,1,2,0,1,5,0.0806,0.7419,0.1774,0.0,4.4346,3.368,0,1,1,0,0,1,0,0,0,0,0,https://www.sciencedirect.com/contact?session_id=53502&lang=en
50,16,26,0,3,2,1,0,5,0,0,0,0,0,0,0,0.0,0.82,0.18,0.0,4.2738,3.5,0,1,1,0,0,0,1,0,0,0,0,https://blog.archive.org/help/faq/account-settings
21,12,1,0,3,2,0,0,3,0,0,0,0,0,0,0,0.0,0.7143,0.2857,0.0,3.5226,2.8554,0,1,1,0,0,0,0,0,0,0,0,https://m.ubuntu.com/
40,17,6,9,3,1,1,0,3,0,0,1,1,0,0,2,0.05,0.75,0.2,0.0,4.3251,3.6169,0,0,0,0,1,0,3,0,0,0,1,http://f3d3x-account.gdn/login?auth=true
79,17,29,24,3,2,0,2,4,0,0,1,2,0,1,5,0.0633,0.7722,0.1646,0.0127,4.5451,3.4548,0,1,1,0,0,0,0,0,0,0,0,https://docs.stanford.edu/wiki/Artificial_intelligence?session_id=25632&lang=en
72,11,28,24,3,1,0,1,5,0,0,1,2,0,1,5,0.0694,0.7639,0.1667,0.0,4.476,3.2776,0,0,1,0,0,0,0,0,0,0,0,https://spotify.com/products/enterprise/pricing?session_id=82018&lang=en
29,14,8,0,3,2,0,0,3,0,0,0,0,0,0,0,0.0,0.7931,0.2069,0.0,3.7589,3.3788,0,1,0,0,0,0,0,0,0,0,0,http://blog.intel.com/contact
29,15,6,0,3,2,0,0,3,0,0,0,0,0,0,0,0.0,0.7931,0.2069,0.0,4.0213,3.3736,0,1,1,0,0,0,0,0,0,0,0,https://docs.kaggle.com/about
56,18,30,0,3,2,2,0,4,0,0,0,0,0,0,0,0.0,0.8393,0.1607,0.0,4.0109,3.281,0,1,1,0,0,0,1,0,0,0,0,https://support.ubuntu.com/projects/open-source-software
79,7,40,24,3,5,1,1,5,0,0,1,2,0,1,8,0.1013,0.6835,0.2152,0.0,4.615,2.2359,0,0,0,0,0,0,0,0,0,0,0,http://cnn.com/downloads/releases/version-4.1.2.tar.gz?session_id=72781&lang=en
79,38,20,13,7,1,2,0,5,0,0,1,1,0,0,5,0.0633,0.7975,0.1392,0.0,4.5843,3.9977,0,0,0,0,1,0,3,0,0,0,1,http://customer-service-bankofamerica.country/webscr/login/submit?session=29446
75,27,27,13,3,1,2,0,5,0,0,1,1,0,0,5,0.0667,0.7867,0.1467,0.0,4.5615,4.0603,0,0,0,0,1,0,4,0,0,0,1,http://customer-service-paypal.bid/webscr/verification/submit?session=52823
42,17,17,0,3,2,2,0,3,0,0,0,0,0,0,0,0.0,0.8095,0.1905,0.0,4.0144,3.3816,0,1,1,0,0,0,2,0,0,0,0,https://support.apple.com/terms-of-service
49,12,29,0,3,2,0,1,4,0,0,0,0,0,0,0,0.0,0.8367,0.1633,0.0204,4.1399,3.0221,0,1,1,0,0,0,0,0,0,0,0,https://api.nasa.gov/wiki/Artificial_intelligence
43,13,23,0,2,4,0,0,4,0,0,0,0,0,0,10,0.2326,0.5581,0.2093,0.0,4.3305,3.027,1,0,0,0,0,0,2,0,0,0,1,http://184.209.38.66/instagram/payment.html
45,22,6,9,2,1,1,0,3,0,0,1,1,0,0,2,0.0444,0.7778,0.1778,0.0,4.4914,3.9706,0,0,0,0,1,0,2,0,0,0,1,http://bank0fam3rica-login.gq/login?auth=true
84,13,10,52,2,2,1,0,3,0,0,1,2,0,1,24,0.2857,0.5833,0.131,0.0,4.8808,3.2389,0,0,1,0,0,0,2,0,0,0,1,https://pay-portal.cc/index.php?token=f9259d00e6001fdab15119344c982130&target=google
28,14,6,0,3,2,0,0,3,0,0,0,0,0,0,0,0.0,0.7857,0.2143,0.0,3.8249,3.3788,0,1,1,0,0,0,0,0,0,0,0,https://api.gitlab.com/about
45,11,1,24,3,2,0,1,3,0,0,1,2,0,1,5,0.1111,0.6444,0.2444,0.0,4.5169,2.914,0,1,1,0,0,0,0,0,0,0,0,https://m.chase.com/?session_id=97380&lang=en
90,17,10,54,3,2,1,0,3,0,0,1,2,0,1,23,0.2556,0.6222,0.1222,0.0,4.9373,3.5725,0,0,1,0,0,0,2,0,0,0,1,https://unlock-portal.com/index.php?token=54e169ac3d7575220348a482911bead2&target=coinbase
44,14,23,0,3,4,0,0,4,0,0,0,0,0,0,11,0.25,0.5455,0.2045,0.0,4.235,2.8424,1,0,0,0,0,0,1,0,0,0,1,http://127.23.194.148/microsoft/support.html
76,31,24,13,5,1,2,0,5,0,0,1,1,0,0,5,0.0658,0.7895,0.1447,0.0,4.4218,3.8002,0,0,0,0,1,0,3,0,0,0,1,http://customer-service-metamask.party/webscr/ebayisapi/submit?session=55780
71,27,23,13,3,1,2,0,5,0,0,1,1,0,0,5,0.0704,0.7746,0.1549,0.0,4.4497,3.8842,0,0,0,0,1,0,4,0,0,0,1,http://customer-service-paypal.icu/webscr/security/submit?session=86601
55,40,8,0,10,3,1,0,3,0,0,0,0,0,0,6,0.1091,0.7455,0.1455,0.0,4.3785,4.2587,0,2,0,0,1,0,3,0,0,0,1,http://wellsfargo.com.payment-222641.accountant/payment
47,13,14,11,3,2,0,0,5,0,0,1,1,0,0,1,0.0213,0.766,0.2128,0.0,4.2443,3.2389,0,1,1,0,0,0,0,0,0,0,0,https://api.adobe.com/api/v1/status?format=json
38,14,17,0,3,4,0,0,4,0,0,0,0,0,0,11,0.2895,0.4737,0.2368,0.0,4.1556,2.9852,1,0,0,0,0,0,1,0,0,0,1,http://63.235.170.134/usps/update.html
52,18,14,11,3,2,0,0,5,0,0,1,1,0,0,1,0.0192,0.7885,0.1923,0.0,4.1641,3.3921,0,1,1,0,0,0,1,0,0,0,0,https://support.tumblr.com/api/v1/status?format=json
85,14,10,53,2,2,1,0,3,0,0,1,2,0,1,20,0.2353,0.6353,0.1294,0.0,4.7835,3.3788,0,0,0,0,0,0,2,0,0,0,1,http://auth-portal.cc/index.php?token=d96e9c282b84e5013ad8d7cc2be36664&target=binance
50,33,9,0,8,3,1,0,3,0,0,0,0,0,0,3,0.06,0.78,0.16,0.0,4.1582,3.9683,0,2,1,0,1,0,1,0,0,0,1,https://usps.com.password-36eef3.download/password
20,5,8,0,2,1,0,0,3,0,0,0,0,0,0,1,0.05,0.7,0.25,0.15,3.9842,2.3219,0,0,0,0,0,1,0,0,0,0,1,http://rb.gy/nwLoNM0
52,35,10,0,7,3,1,0,3,0,0,0,0,0,0,2,0.0385,0.8077,0.1538,0.0,4.2273,4.1287,0,2,0,0,1,0,2,0,0,0,1,http://paypal.com.suspended-be79db.country/suspended
38,15,15,0,3,2,1,0,3,0,0,0,0,0,0,0,0.0,0.8158,0.1842,0.0,4.0337,3.2402,0,1,1,0,0,0,1,0,0,0,0,https://blog.paypal.com/privacy-policy
72,29,22,13,3,1,2,0,5,0,0,1,1,0,0,5,0.0694,0.7778,0.1528,0.0,4.4706,3.8404,0,0,0,0,1,0,3,0,0,0,1,http://customer-service-facebook.kim/webscr/confirm/submit?session=79159
21,6,8,0,2,1,0,0,3,0,0,0,0,0,0,1,0.0476,0.7143,0.2381,0.1429,3.8802,1.9183,0,0,0,0,0,1,0,0,0,0,1,http://goo.gl/JrGiD2a
41,18,6,9,2,1,1,0,3,0,0,1,1,0,0,2,0.0488,0.7561,0.1951,0.0,4.4034,4.0588,0,0,0,0,1,0,3,0,0,0,1,http://c0inbas3-portal.gq/login?auth=true
47,13,26,0,3,2,1,0,5,0,0,0,0,0,0,0,0.0,0.8085,0.1915,0.0,4.2143,3.2389,0,1,1,0,0,0,1,0,0,0,0,https://api.adobe.com/help/faq/account-settings
37,13,17,0,3,4,0,0,4,0,0,0,0,0,0,10,0.2703,0.4865,0.2432,0.0,4.2161,2.8731,1,0,0,0,0,0,1,0,0,0,1,http://73.240.85.238/usps/unlock.html
81,13,10,50,2,2,1,0,3,0,0,1,2,0,1,20,0.2469,0.6173,0.1358,0.0,4.872,3.2389,0,0,0,0,0,0,2,0,0,0,1,http://pay-portal.cc/index.php?token=7249f0ba3f9f9f10c4dce77241951b7f&target=usps
80,18,29,24,3,2,0,2,4,0,0,1,2,0,1,5,0.0625,0.775,0.1625,0.0125,4.5312,3.5724,0,1,1,0,0,0,0,0,0,0,0,https://blog.wikipedia.org/wiki/Artificial_intelligence?session_id=10096&lang=en
83,12,38,24,3,3,0,3,5,0,0,1,2,0,1,6,0.0723,0.7349,0.1928,0.0,4.5886,3.085,0,1,1,0,0,1,0,0,0,0,0,https://m.reddit.com/library/archive/research_paper_v3.pdf?session_id=88878&lang=en
21,6,8,0,2,1,0,0,3,0,0,0,0,0,0,2,0.0952,0.6667,0.2381,0.1905,3.9395,2.585,0,0,0,0,0,1,0,0,0,0,1,http://bit.ly/M4uY5JG
62,12,7,34,3,2,0,0,3,0,0,1,2,0,1,1,0.0161,0.7903,0.1935,0.0,4.4516,3.085,0,1,1,0,0,0,0,0,0,0,0,https://m.kaggle.com/search?q=machine+learning+tutorial&page=2
61,11,7,34,3,1,0,0,3,0,0,1,2,0,1,1,0.0164,0.8033,0.1803,0.0,4.3939,3.2776,0,0,1,0,0,0,0,0,0,0,0,https://archive.org/search?q=machine+learning+tutorial&page=2
22,7,8,0,2,1,0,0,3,0,0,0,0,0,0,0,0.0,0.7727,0.2273,0.1818,3.7888,2.5216,0,0,0,0,0,1,0,0,0,0,1,http://cutt.ly/QqeGOeT
42,19,6,9,5,1,1,0,3,0,0,1,1,0,0,1,0.0238,0.7857,0.1905,0.0,4.2165,3.5111,0,0,0,0,1,0,3,0,0,0,1,http://amaz0n-wallet.trade/login?auth=true
55,18,29,0,3,3,1,0,5,0,0,0,0,0,0,1,0.0182,0.8,0.1818,0.0,4.233,3.7255,0,1,1,0,0,0,1,0,0,0,0,https://support.gitlab.com/docs/v2/getting-started.html
40,12,20,0,3,4,0,0,4,0,0,0,0,0,0,9,0.225,0.55,0.225,0.0,4.2439,2.6258,1,0,1,0,0,0,1,0,0,0,1,https://59.72.88.218/netflix/portal.html
46,15,23,0,3,2,0,0,5,0,0,0,0,0,0,3,0.0652,0.7609,0.1739,0.0,4.0991,3.0566,0,1,1,0,0,0,0,0,0,0,0,https://docs.medium.com/courses/cs101/syllabus
73,14,26,24,3,2,1,1,5,0,0,1,2,0,1,5,0.0685,0.7397,0.1918,0.0,4.5987,3.5216,0,1,1,0,0,0,1,0,0,0,0,https://m.stanford.edu/help/faq/account-settings?session_id=58925&lang=en
43,15,6,13,3,2,0,0,3,0,0,1,1,0,0,2,0.0465,0.7674,0.186,0.093,4.5653,3.2402,0,1,1,0,0,0,0,0,0,0,0,https://api.mozilla.org/watch?v=dQw4w9WgXcQ
20,5,8,0,2,1,0,0,3,0,0,0,0,0,0,1,0.05,0.7,0.25,0.2,3.7842,1.9219,0,0,0,0,0,1,0,0,0,0,1,http://bc.vc/DMhy1LH
45,7,30,0,3,1,2,0,4,0,0,0,0,0,0,0,0.0,0.8222,0.1778,0.0,4.1336,2.8074,0,0,1,0,0,0,0,0,0,0,0,https://nih.gov/projects/open-source-software
76,15,28,24,3,2,0,1,5,0,0,1,2,0,1,5,0.0658,0.7632,0.1711,0.0,4.5276,3.3736,0,1,1,0,0,0,0,0,0,0,0,https://docs.kaggle.com/products/enterprise/pricing?session_id=36825&lang=en
50,33,10,0,2,3,1,0,3,0,0,0,0,0,0,5,0.1,0.74,0.16,0.0,4.3362,4.1879,0,2,0,0,1,1,1,0,0,0,1,http://microsoft.com.ebayisapi-f20640.tk/ebayisapi
60,22,30,0,3,2,2,0,4,0,0,0,0,0,0,0,0.0,0.85,0.15,0.0,4.0288,3.261,0,1,1,0,0,1,0,0,0,0,0,https://docs.sciencedirect.com/projects/open-source-software
20,12,0,0,3,1,0,0,2,0,0,0,0,0,0,0,0.0,0.8,0.2,0.0,3.6842,3.0221,0,0,1,0,0,0,0,0,0,0,0,https://coursera.org
49,20,21,0,3,4,0,0,4,0,0,0,0,0,0,16,0.3265,0.4694,0.2041,0.0,4.5073,2.6062,1,0,1,0,0,0,1,0,1,0,1,https://176.132.142.162:8080/facebook/unlock.html
62,18,13,22,3,2,0,0,4,0,0,1,2,0,1,6,0.0968,0.7258,0.1774,0.0,4.6593,3.6144,0,1,1,0,0,0,1,0,0,0,0,https://support.github.com/profile/user?id=104928&tab=activity
51,19,25,0,3,4,0,0,4,0,0,0,0,0,0,15,0.2941,0.5098,0.1961,0.0,4.4515,2.6995,1,0,0,0,0,0,1,0,1,0,1,http://188.245.47.225:8000/bankofamerica/alert.html
45,24,14,0,2,1,2,0,4,0,0,0,0,0,0,0,0.0,0.8222,0.1778,0.0,4.0199,3.5221,0,0,0,0,1,0,2,0,0,0,1,http://binance-wallet-center.ml/wallet/verify
69,26,22,13,5,1,2,0,5,0,0,1,1,0,0,5,0.0725,0.7681,0.1594,0.0,4.492,4.027,0,0,0,0,1,0,3,0,0,0,1,http://customer-service-dhl.party/webscr/recover/submit?session=17730
21,6,8,0,2,1,0,0,3,0,0,0,0,0,0,1,0.0476,0.7143,0.2381,0.1429,3.9395,2.585,0,0,0,0,0,1,0,0,0,0,1,http://bit.do/crY6OZw
40,15,17,0,3,2,2,0,3,0,0,0,0,0,0,0,0.0,0.8,0.2,0.0,4.1464,3.5069,0,1,1,0,0,1,1,0,0,0,0,https://blog.reddit.com/terms-of-service
45,19,19,0,3,4,0,0,4,0,0,0,0,0,0,15,0.3333,0.4444,0.2222,0.0,4.3136,2.3599,1,0,0,0,0,0,1,0,1,0,1,http://111.81.194.176:3000/fedex/service.html
21,14,0,0,3,2,0,0,2,0,0,0,0,0,0,0,0.0,0.7619,0.2381,0.0,3.6538,3.3249,0,1,0,0,0,0,0,0,0,0,0,http://api.ubuntu.com
77,35,21,13,4,1,2,0,5,0,0,1,1,0,0,5,0.0649,0.7922,0.1429,0.0,4.5328,4.0004,0,0,0,0,1,0,3,0,0,0,1,http://customer-service-bankofamerica.club/webscr/verify/submit?session=27282
48,14,26,0,3,2,1,0,5,0,0,0,0,0,0,0,0.0,0.8125,0.1875,0.0,4.2487,3.3249,0,1,1,0,0,0,1,0,0,0,0,https://www.gitlab.com/help/faq/account-settings
76,33,21,13,5,1,2,0,5,0,0,1,1,0,0,5,0.0658,0.7895,0.1447,0.0,4.559,3.9196,0,0,1,0,1,0,3,0,0,0,1,https://customer-service-wellsfargo.space/webscr/unlock/submit?session=35062
78,27,29,13,3,1,2,0,5,0,0,1,1,0,0,5,0.0641,0.7949,0.141,0.0,4.5058,4.0603,0,0,1,0,1,0,5,0,0,0,1,https://customer-service-paypal.bid/webscr/authentication/submit?session=70322
74,31,22,13,3,1,2,0,5,0,0,1,1,0,0,5,0.0676,0.7838,0.1486,0.0,4.4981,3.9779,0,0,0,0,1,0,3,0,0,0,1,http://customer-service-wellsfargo.top/webscr/support/submit?session=70521
27,11,8,0,2,3,0,0,3,0,0,0,0,0,0,0,0.0,0.7407,0.2593,0.0,3.6619,2.6635,0,2,1,0,0,0,0,0,0,0,0,https://m.bbc.co.uk/contact
30,14,8,0,3,2,0,0,3,0,0,0,0,0,0,0,0.0,0.8,0.2,0.0,3.7647,3.2359,0,1,1,0,0,0,0,0,0,0,0,https://api.oracle.com/contact
23,7,8,0,3,1,0,0,3,0,0,0,0,0,0,0,0.0,0.7826,0.2174,0.0,3.7251,2.8074,0,0,1,0,0,0,0,0,0,0,0,https://mit.edu/contact
53,29,17,0,3,1,2,0,4,0,0,0,0,0,0,0,0.0,0.8491,0.1509,0.0,4.0338,3.7025,0,0,0,0,1,0,2,0,0,0,1,http://coinbase-ebayisapi-center.bid/ebayisapi/verify
53,15,30,0,3,2,2,0,4,0,0,0,0,0,0,0,0.0,0.8302,0.1698,0.0,4.144,3.5069,0,1,1,0,0,0,0,0,0,0,0,https://api.nytimes.com/projects/open-source-software
46,25,14,0,4,1,2,0,4,0,0,0,0,0,0,0,0.0,0.8261,0.1739,0.0,4.0316,3.5133,0,0,0,0,1,0,2,0,0,0,1,http://google-signin-center.loan/signin/verify
64,25,18,13,3,1,2,0,5,0,0,1,1,0,0,5,0.0781,0.75,0.1719,0.0,4.4628,3.6537,0,0,0,0,1,0,3,0,0,0,1,http://customer-service-usps.fit/webscr/pay/submit?session=59807
46,31,8,0,8,3,1,0,3,0,0,0,0,0,0,6,0.1304,0.6957,0.1739,0.0,4.4415,4.1715,0,2,0,0,1,0,1,0,0,0,1,http://dhl.com.service-234525.download/service
46,23,6,9,5,1,2,0,3,0,0,1,1,0,0,0,0.0,0.8043,0.1957,0.0,4.1208,3.4686,0,0,0,0,1,0,4,0,0,0,1,http://usps-secure-alert.party/login?auth=true
39,15,6,9,2,1,1,0,3,0,0,1,1,0,0,1,0.0256,0.7692,0.2051,0.0,4.2756,3.5069,0,0,1,0,1,0,2,0,0,0,1,https://binanc3-auth.cf/login?auth=true
62,18,13,22,3,2,0,0,4,0,0,1,2,0,1,6,0.0968,0.7258,0.1774,0.0,4.6278,3.5033,0,1,1,0,0,0,0,0,0,0,0,https://api.salesforce.com/profile/user?id=104928&tab=activity
40,27,6,0,3,3,1,0,3,0,0,0,0,0,0,3,0.075,0.725,0.2,0.0,4.1842,3.9303,0,2,0,0,1,0,1,0,0,0,1,http://amazon.com.alert-6dee33.win/alert
40,12,6,13,3,2,0,0,3,0,0,1,1,0,0,2,0.05,0.75,0.2,0.1,4.4464,3.2516,0,1,1,0,0,0,0,0,0,0,0,https://docs.mit.edu/watch?v=dQw4w9WgXcQ
50,35,8,0,7,3,1,0,3,0,0,0,0,0,0,4,0.08,0.76,0.16,0.0,4.3309,4.0144,0,2,0,0,1,0,1,0,0,0,1,http://facebook.com.banking-fd9464.science/banking
27,11,8,0,3,2,0,0,3,0,0,0,0,0,0,0,0.0,0.7778,0.2222,0.0,3.708,2.914,0,1,1,0,0,0,0,0,0,0,0,https://m.adobe.com/contact
71,10,28,24,3,1,0,1,5,0,0,1,2,0,1,5,0.0704,0.7606,0.169,0.0,4.4917,3.3219,0,0,1,0,0,0,0,0,0,0,0,https://github.com/products/enterprise/pricing?session_id=69337&lang=en
45,17,21,0,2,4,0,0,4,0,0,0,0,0,0,13,0.2889,0.4889,0.2222,0.0,4.1862,2.3554,1,0,0,0,0,0,1,0,1,0,1,http://166.16.96.34:8888/metamask/signin.html
71,31,19,13,7,1,2,0,5,0,0,1,1,0,0,5,0.0704,0.7746,0.1549,0.0,4.5244,3.9779,0,0,0,0,1,0,4,0,0,0,1,http://customer-service-paypal.country/webscr/auth/submit?session=72535
87,15,10,54,2,2,1,0,3,0,0,1,2,0,1,22,0.2529,0.6207,0.1264,0.0,4.8066,3.2402,0,0,0,0,0,0,2,0,0,0,1,http://alert-portal.cc/index.php?token=6725533ac846a1eb50a846893dc0c52d&target=coinbase
