url,label
https://api.netflix.com/library/archive/research_paper_v3.pdf,0
https://microsoft.com/products/enterprise/pricing,0
http://goo.gl/JYLp6Pe,1
https://m.theguardian.com/news/technology/science-updates,0
https://m.linkedin.com/search?q=machine+learning+tutorial&page=2,0
http://chase.com.authentication-efb4a8.trade/authentication,1
https://api.gitlab.com/about?session_id=38982&lang=en,0
http://facebook-support-center.fit/support/verify,1
http://customer-service-dhl.buzz/webscr/pay/submit?session=27643,1
https://unlock-portal.com/index.php?token=f5c1e1b01e74d4e348310acff28fe3c3&target=usps,1
http://google.com.payment-38529a.win/payment,1
https://docs.twitch.tv/downloads/releases/version-4.1.2.tar.gz,0
http://customer-service-metamask.date/webscr/security/submit?session=11435,1
https://m.pinterest.com/profile/user?id=104928&tab=activity,0
https://docs.chase.com/help/faq/account-settings,0
http://microsoft-password-center.loan/password/verify,1
http://customer-service-facebook.racing/webscr/verification/submit?session=72344,1
http://customer-service-dhl.faith/webscr/validate/submit?session=93744,1
http://apple.com.security-e41f42.ml/security,1
https://www.google.com/about,0
http://m3tamask-wallet.fit/login?auth=true,1
https://api.stanford.edu/products/enterprise/pricing,0
https://168.221.156.6/dhl/pay.html,1
https://m.oracle.com/search?q=machine+learning+tutorial&page=2,0
http://quora.com/privacy-policy?session_id=73135&lang=en,0
http://apple.com.banking-d0b36f.country/banking,1
http://64.240.161.169:8080/coinbase/ebayisapi.html,1
https://support.gitlab.com/library/archive/research_paper_v3.pdf,0
https://m.gitlab.com/contact?session_id=67692&lang=en,0
http://90.22.240.37/binance/payment.html,1
http://www.quora.com/products/enterprise/pricing,0
https://m.coursera.org/about,0
https://chase-pay-center.kim/pay/verify,1
https://support.quora.com/news/technology/science-updates,0
https://docs.archive.org/blog/2024/05/machine-learning-advances,0
https://m.gitlab.com/docs/v2/getting-started.html?session_id=10661&lang=en,0
https://customer-service-bankofamerica.men/webscr/ebayisapi/submit?session=79460,1
https://cloudflare.com/profile/user?id=104928&tab=activity,0
http://amazon.com.secure-816965.rest/secure,1
http://apple.com.wallet-5365e4.bid/wallet,1
https://www.tumblr.com/docs/v2/getting-started.html?session_id=55172&lang=en,0
https://coursera.org/downloads/releases/version-4.1.2.tar.gz,0
http://47.17.55.153:8888/paypal/secure.html,1
http://docs.tumblr.com/search?q=machine+learning+tutorial&page=2,0
http://rb.gy/ilzuAWO,1
https://gitlab.com,0
http://customer-service-wellsfargo.ga/webscr/invoice/submit?session=54688,1
http://bit.do/EJH67Ev,1
http://netflix-secure-center.work/secure/verify,1
https://linkedin.com/courses/cs101/syllabus?session_id=37930&lang=en,0
https://www.harvard.edu/news/technology/science-updates,0
https://api.twitch.tv/products/enterprise/pricing,0
http://160.37.61.230:8888/microsoft/alert.html,1
http://verify-portal.top/index.php?token=e860b17e40545c28beae31febc0ff991&target=facebook,1
https://support.dropbox.com/terms-of-service,0
http://customer-service-apple.rest/webscr/security/submit?session=12470,1
https://api.yahoo.com/about,0
https://m.paypal.com,0
http://m.github.com/docs/v2/getting-started.html,0
https://docs.theguardian.com/news/technology/science-updates,0
https://customer-service-google.men/webscr/banking/submit?session=25029,1
http://150.77.128.250/metamask/support.html,1
http://chase.com.unlock-a03249.country/unlock,1
https://yahoo.com/news/technology/science-updates?session_id=39427&lang=en,0
https://oracle.com/projects/open-source-software,0
https://docs.kaggle.com/watch?v=dQw4w9WgXcQ,0
https://www.edx.org/wiki/Artificial_intelligence,0
https://billing-portal.cc/index.php?token=6ee8ec6fd96c84d2b8fe4ab65dcd4849&target=usps,1
http://is.gd/xJHf1Ef,1
https://stackoverflow.com/news/technology/science-updates,0
http://adf.ly/LwMrkXA,1
https://account-portal.com/index.php?token=c524d8e627d395c77bb290f2487c8be7&target=amazon,1
http://google-security-center.gdn/security/verify,1
https://blog.zoom.us/terms-of-service?session_id=21257&lang=en,0
http://wallet-portal.top/index.php?token=60e48641b601f7fa38de64ff0a82f026&target=amazon,1
http://metamask-security-center.top/security/verify,1
http://goo.gl/jpLyOCL,1
http://148.93.107.1/paypal/webscr.html,1
https://docs.apple.com/projects/open-source-software,0
http://customer-service-dhl.accountant/webscr/account/submit?session=96298,1
http://chas3-alert.party/login?auth=true,1
http://webscr-portal.cc/index.php?token=5362dd85712551bd903221dec3c2f764&target=binance,1
http://129.203.98.84/facebook/validate.html,1
https://api.reddit.com/search?q=machine+learning+tutorial&page=2,0
https://coinbase.com.account-ff9115.stream/account,1
https://m.harvard.edu/projects/open-source-software,0
https://api.paypal.com/blog/2024/05/machine-learning-advances,0
https://www.ieee.org/products/enterprise/pricing,0
https://docs.ubuntu.com/wiki/Artificial_intelligence,0
https://api.microsoft.com/projects/open-source-software,0
https://m.mit.edu/terms-of-service,0
https://microsoft.com/about?session_id=85670&lang=en,0
https://docs.zoom.us/,0
https://update-portal.cc/index.php?token=443bc0668ed1be3bf17e9b28832e89e3&target=metamask,1
http://rb.gy/6y5IHWi,1
http://fac3b00k-validate.top/login?auth=true,1
http://98.179.197.6/fedex/invoice.html,1
http://blog.netflix.com/terms-of-service,0
https://120.29.197.41:8000/coinbase/recover.html,1
https://blog.medium.com/,0
http://129.162.41.219/bankofamerica/service.html,1
https://blog.nature.com/downloads/releases/version-4.1.2.tar.gz?session_id=75299&lang=en,0
https://docs.nasa.gov/api/v1/status?format=json,0
http://is.gd/Si8pQVq,1
https://docs.dropbox.com/contact,0
http://auth-portal.com/index.php?token=01d4717fe717e9fdf48ed5a8ad9acc3d&target=netflix,1
http://w311sfarg0-signin.info/login?auth=true,1
http://support.gitlab.com/downloads/releases/version-4.1.2.tar.gz,0
https://api.reddit.com/courses/cs101/syllabus,0
https://support.medium.com/?session_id=60827&lang=en,0
https://netflix.com/,0
https://29.83.177.145/facebook/pay.html,1
http://customer-service-paypal.gdn/webscr/password/submit?session=24809,1
http://binance-billing-center.faith/billing/verify,1
http://wallet-portal.com/index.php?token=4cf1e4bb579351b987d32b4947a68085&target=amazon,1
http://paypal.com.wallet-e4ef33.space/wallet,1
http://validate-portal.com/index.php?token=9b4fe24f0b8264e625fdc20dba218904&target=bankofamerica,1
https://m.docker.com/blog/2024/05/machine-learning-advances,0
https://m.github.com/products/enterprise/pricing,0
http://customer-service-google.ga/webscr/login/submit?session=72964,1
https://m.nytimes.com/downloads/releases/version-4.1.2.tar.gz,0
https://blog.duckduckgo.com/privacy-policy,0
https://www.coursera.org/api/v1/status?format=json,0
https://blog.mit.edu/courses/cs101/syllabus,0
https://microsoft.com/privacy-policy,0
https://blog.wikipedia.org/search?q=machine+learning+tutorial&page=2,0
http://netflix-validate-center.date/validate/verify,1
https://107.81.31.21/netflix/unlock.html,1
https://m.reddit.com/courses/cs101/syllabus?session_id=4250&lang=en,0
http://chase.com.validate-8443a5.gdn/validate,1
https://www.amazon.com/search?q=machine+learning+tutorial&page=2,0
https://blog.reddit.com/help/faq/account-settings,0
https://support.cnn.com/profile/user?id=104928&tab=activity,0
http://141.202.72.143:8888/bankofamerica/suspended.html,1
https://blog.cloudflare.com/news/technology/science-updates,0
http://dr0pb0x-unlock.webcam/login?auth=true,1
http://amazon.com.webscr-b8301f.trade/webscr,1
https://docs.youtube.com/,0
https://pay-portal.top/index.php?token=4fc4e80bed04ba26d42bf46228bec1d1&target=fedex,1
https://90.22.64.198/netflix/login.html,1
http://fedex.com.suspended-c601e6.tk/suspended,1
http://micr0s0ft-recover.loan/login?auth=true,1
http://chase.com/projects/open-source-software,0
http://goo.gl/ow1oRoW,1
https://www.sciencedirect.com/privacy-policy,0
https://secure-portal.cc/index.php?token=562d2f3babd55ec0086cbf79908c9146&target=google,1
https://paypal.com/blog/2024/05/machine-learning-advances,0
https://docs.edx.org/help/faq/account-settings,0
https://m.ubuntu.com/help/faq/account-settings,0
http://metamask.com.ebayisapi-bc782d.review/ebayisapi,1
http://chase-payment-center.icu/payment/verify,1
http://ow.ly/jmCX3HS,1
http://customer-service-microsoft.work/webscr/wallet/submit?session=55129,1
https://support.github.com/blog/2024/05/machine-learning-advances,0
https://m.spotify.com/help/faq/account-settings?session_id=74342&lang=en,0
https://support.kaggle.com/news/technology/science-updates,0
http://customer-service-amazon.racing/webscr/authentication/submit?session=91322,1
http://api.sciencedirect.com/terms-of-service,0
https://support.spotify.com/blog/2024/05/machine-learning-advances,0
http://bit.ly/CDBW47i,1
https://fedex-signin-center.trade/signin/verify,1
http://blog.stanford.edu/about?session_id=55651&lang=en,0
https://docs.harvard.edu/downloads/releases/version-4.1.2.tar.gz,0
https://www.cnn.com/help/faq/account-settings,0
https://banking-portal.com/index.php?token=35bd72d58ba8545d3cefcfe82c68e876&target=dropbox,1
http://customer-service-netflix.fit/webscr/secure/submit?session=22484,1
http://customer-service-amazon.date/webscr/webscr/submit?session=91265,1
http://customer-service-wellsfargo.country/webscr/wallet/submit?session=67512,1
https://usps-confirm-center.xyz/confirm/verify,1
https://www.arxiv.org/search?q=machine+learning+tutorial&page=2,0
https://customer-service-dropbox.bid/webscr/login/submit?session=38617,1
http://bc.vc/WhZCbrE,1
https://m3tamask-update.cricket/login?auth=true,1
https://m.pinterest.com/wiki/Artificial_intelligence?session_id=72319&lang=en,0
https://support.nature.com/products/enterprise/pricing,0
http://www.gitlab.com/profile/user?id=104928&tab=activity,0
http://usps.com.pay-98abd6.xyz/pay,1
http://amaz0n-signin.bid/login?auth=true,1
https://pay-portal.com/index.php?token=85fbb6e710cbd2ae8dd3129f1eb59983&target=dhl,1
http://30.119.53.91/usps/login.html,1
https://apple.com/news/technology/science-updates,0
https://api.spotify.com/projects/open-source-software,0
http://usps-verify-center.cricket/verify/verify,1
https://api.ieee.org/watch?v=dQw4w9WgXcQ,0
http://app13-billing.fit/login?auth=true,1
https://validate-portal.cc/index.php?token=b33c32d626085b8a1dcc1e0cc6e99f13&target=usps,1
https://api.nature.com/about,0
https://twitch.tv/projects/open-source-software,0
https://docs.ieee.org/watch?v=dQw4w9WgXcQ,0
http://cutt.ly/G8sRONl,1
https://customer-service-instagram.webcam/webscr/account/submit?session=60224,1
https://customer-service-apple.faith/webscr/ebayisapi/submit?session=14060,1
http://customer-service-bankofamerica.buzz/webscr/validate/submit?session=12542,1
https://support.dropbox.com/,0
https://blog.sciencedirect.com/about,0
https://m.twitter.com/?session_id=48735&lang=en,0
http://is.gd/RdDn8NB,1
http://fac3b00k-alert.science/login?auth=true,1
https://netflix.com/api/v1/status?format=json,0
https://metamask-unlock-center.date/unlock/verify,1
http://shorte.st/4SB5PqX,1
https://www.twitter.com/downloads/releases/version-4.1.2.tar.gz,0
http://adf.ly/ELc0Mal,1
http://amaz0n-security.ml/login?auth=true,1
https://netflix.com.authentication-811639.trade/authentication,1
https://microsoft.com/terms-of-service,0
http://usps-secure-unlock.org/login?auth=true,1
https://dh1-security.fit/login?auth=true,1
https://docs.youtube.com/privacy-policy,0
https://support.yahoo.com/profile/user?id=104928&tab=activity,0
https://api.nasa.gov/courses/cs101/syllabus?session_id=35517&lang=en,0
http://rb.gy/LNaVoaR,1
http://212.63.233.96/amazon/wallet.html,1
https://74.62.198.121/coinbase/auth.html,1
http://metamask-support-center.icu/support/verify,1
http://instagram.com.account-a019aa.cf/account,1
https://api.yahoo.com/privacy-policy,0
http://g00g13-confirm.racing/login?auth=true,1
https://api.yahoo.com/about,0
http://customer-service-instagram.men/webscr/auth/submit?session=36229,1
http://goo.gl/KhVQX8C,1
https://api.arxiv.org/news/technology/science-updates,0
https://dropbox.com/profile/user?id=104928&tab=activity,0
https://api.github.com/news/technology/science-updates,0
http://micr0s0ft-ebayisapi.ml/login?auth=true,1
https://docs.quora.com/search?q=machine+learning+tutorial&page=2,0
https://docs.gitlab.com/profile/user?id=104928&tab=activity,0
http://100.206.169.13:8000/microsoft/ebayisapi.html,1
https://medium.com/terms-of-service,0
https://apple-password-center.rest/password/verify,1
http://fac3b00k-secure.rest/login?auth=true,1
https://blog.zoom.us/blog/2024/05/machine-learning-advances,0
https://support.nasa.gov/courses/cs101/syllabus,0
https://blog.wikipedia.org/courses/cs101/syllabus,0
https://amazon.com/wiki/Artificial_intelligence,0
http://www.edx.org/search?q=machine+learning+tutorial&page=2,0
https://facebook-security-center.stream/security/verify,1
https://blog.nature.com,0
https://youtube.com/watch?v=dQw4w9WgXcQ,0
http://164.123.17.188/dropbox/security.html,1
https://customer-service-coinbase.webcam/webscr/payment/submit?session=91224,1
http://chase.com.authentication-67e7e3.club/authentication,1
https://support.intel.com/blog/2024/05/machine-learning-advances,0
https://apple-password-center.icu/password/verify,1
http://114.27.241.246/bankofamerica/secure.html,1
https://api.quora.com/profile/user?id=104928&tab=activity,0
http://shorte.st/Fqdxb3o,1
https://apple.com/wiki/Artificial_intelligence,0
https://api.google.com/profile/user?id=104928&tab=activity,0
https://m.archive.org/privacy-policy,0
https://api.apple.com/profile/user?id=104928&tab=activity,0
http://customer-service-chase.space/webscr/recover/submit?session=17126,1
http://micr0s0ft-signin.kim/login?auth=true,1
http://alert-portal.cc/index.php?token=94ce9cdfe1dc3cc69f09082a76ea238f&target=binance,1
http://customer-service-bankofamerica.space/webscr/recover/submit?session=95097,1
https://m.quora.com,0
https://support.sciencedirect.com/wiki/Artificial_intelligence,0
https://www.ubuntu.com/downloads/releases/version-4.1.2.tar.gz,0
https://72.118.72.215/paypal/verification.html,1
https://instagram-pay-center.gq/pay/verify,1
http://f3d3x-pay.trade/login?auth=true,1
http://bc.vc/fm0u9B0,1
https://support.pinterest.com/courses/cs101/syllabus?session_id=9968&lang=en,0
http://google-webscr-center.club/webscr/verify,1
https://dr0pb0x-security.stream/login?auth=true,1
https://support.medium.com/terms-of-service,0
https://wellsfargo.com.service-7e82cf.review/service,1
https://api.netflix.com/projects/open-source-software,0
https://fac3b00k-password.ga/login?auth=true,1
https://api.edx.org/privacy-policy,0
http://87.192.172.111/paypal/webscr.html,1
https://m.yahoo.com/terms-of-service,0
http://microsoft-invoice-center.xyz/invoice/verify,1
http://apple-secure-center.top/secure/verify,1
https://m.tumblr.com/privacy-policy?session_id=5791&lang=en,0
https://www.duckduckgo.com/contact?session_id=76067&lang=en,0
https://support.ieee.org/courses/cs101/syllabus,0
http://chase.com.authentication-b07444.win/authentication,1
http://binance-billing-center.tk/billing/verify,1
https://www.coursera.org/about,0
https://api.sciencedirect.com/wiki/Artificial_intelligence?session_id=29930&lang=en,0
http://209.39.167.85:8888/metamask/validate.html,1
http://w311sfarg0-verify.ml/login?auth=true,1
http://goo.gl/qKKLzhq,1
https://www.paypal.com/news/technology/science-updates,0
https://api.theguardian.com/downloads/releases/version-4.1.2.tar.gz,0
http://dhl.com.invoice-406cc2.xyz/invoice,1
https://api.adobe.com/projects/open-source-software,0
http://alert-portal.cc/index.php?token=fed635e83594a780a023b77b830a9296&target=usps,1
http://ebayisapi-portal.cc/index.php?token=ee21ca065b627c3e1224f3c3f56e6768&target=metamask,1
https://amazon-service-center.science/service/verify,1
http://api.amazon.com/news/technology/science-updates,0
https://blog.coursera.org/wiki/Artificial_intelligence,0
https://dhl.com.secure-9765c2.ml/secure,1
https://blog.docker.com/projects/open-source-software?session_id=89686&lang=en,0
http://adf.ly/ILkg46S,1
https://api.duckduckgo.com/?session_id=84345&lang=en,0
https://google.com.signin-575312.men/signin,1
http://shorte.st/X3IuHk4,1
https://74.26.244.45/dhl/verify.html,1
http://usps.com.unlock-534efd.bid/unlock,1
http://goo.gl/iTpGff2,1
https://www.oracle.com/wiki/Artificial_intelligence,0
https://usps.com.pay-cb5124.tk/pay,1
https://twitch.tv/about,0
https://166.249.234.59/chase/account.html,1
https://docs.duckduckgo.com/wiki/Artificial_intelligence?session_id=66774&lang=en,0
https://blog.ieee.org/downloads/releases/version-4.1.2.tar.gz,0
http://w311sfarg0-confirm.info/login?auth=true,1
https://customer-service-bankofamerica.gdn/webscr/unlock/submit?session=33358,1
http://fac3b00k-recover.work/login?auth=true,1
https://blog.microsoft.com/api/v1/status?format=json,0
https://nytimes.com,0
http://billing-portal.com/index.php?token=cee4b42d547d5c2d2d5db0b16ee6f732&target=instagram,1
https://harvard.edu/news/technology/science-updates,0
https://m.theguardian.com/courses/cs101/syllabus,0
https://coursera.org,0
https://binance-recover-center.racing/recover/verify,1
https://api.reddit.com/downloads/releases/version-4.1.2.tar.gz,0
https://docs.twitter.com/news/technology/science-updates?session_id=28294&lang=en,0
http://58.48.1.121:8080/coinbase/payment.html,1
http://customer-service-binance.club/webscr/recover/submit?session=76414,1
http://chase-pay-center.faith/pay/verify,1
https://support.linkedin.com/downloads/releases/version-4.1.2.tar.gz,0
http://w311sfarg0-verification.accountant/login?auth=true,1
https://m.google.com/terms-of-service,0
http://shorte.st/6mt5JOT,1
http://c0inbas3-alert.racing/login?auth=true,1
http://customer-service-facebook.icu/webscr/billing/submit?session=88541,1
https://w311sfarg0-invoice.stream/login?auth=true,1
http://wellsfargo-support-center.gdn/support/verify,1
https://blog.microsoft.com/profile/user?id=104928&tab=activity,0
http://microsoft-invoice-center.loan/invoice/verify,1
https://www.mozilla.org/search?q=machine+learning+tutorial&page=2,0
http://netflix-signin-center.space/signin/verify,1
https://docs.coursera.org/?session_id=72987&lang=en,0
https://docs.coursera.org/search?q=machine+learning+tutorial&page=2,0
http://128.189.69.233/google/service.html,1
https://blog.edx.org/watch?v=dQw4w9WgXcQ,0
https://m.dropbox.com/about,0
http://paypal.com.alert-339794.rest/alert,1
https://github.com/projects/open-source-software,0
https://m.quora.com/help/faq/account-settings,0
http://customer-service-chase.xyz/webscr/invoice/submit?session=27527,1
http://wellsfargo.com.auth-1a8a1e.accountant/auth,1
https://api.stackoverflow.com/library/archive/research_paper_v3.pdf?session_id=81356&lang=en,0
https://api.twitter.com/,0
https://fac3b00k-login.gq/login?auth=true,1
https://linkedin.com/blog/2024/05/machine-learning-advances?session_id=79250&lang=en,0
https://ubuntu.com/watch?v=dQw4w9WgXcQ,0
https://docs.duckduckgo.com/docs/v2/getting-started.html,0
https://api.ubuntu.com/terms-of-service?session_id=97810&lang=en,0
http://apple-verification-center.top/verification/verify,1
https://blog.theguardian.com/docs/v2/getting-started.html?session_id=38247&lang=en,0
http://paypa1-auth.review/login?auth=true,1
http://coinbase-account-center.club/account/verify,1
http://127.247.13.161:8080/facebook/account.html,1
https://support.salesforce.com/courses/cs101/syllabus?session_id=19212&lang=en,0
http://169.101.44.143:8000/instagram/pay.html,1
https://gitlab.com/contact,0
https://docs.archive.org/terms-of-service,0
https://docs.spotify.com/library/archive/research_paper_v3.pdf,0
http://adf.ly/u9nYrVZ,1
https://support.stanford.edu/downloads/releases/version-4.1.2.tar.gz,0
https://blog.salesforce.com/wiki/Artificial_intelligence?session_id=12442&lang=en,0
http://wellsfargo.com.security-2bbb89.icu/security,1
http://customer-service-coinbase.kim/webscr/ebayisapi/submit?session=45867,1
http://customer-service-microsoft.country/webscr/webscr/submit?session=35239,1
https://support.duckduckgo.com/help/faq/account-settings?session_id=37989&lang=en,0
https://www.spotify.com/api/v1/status?format=json,0
https://customer-service-dhl.faith/webscr/ebayisapi/submit?session=52372,1
https://webscr-portal.cc/index.php?token=2466dcb8670c40c465c5e9c453cc02d5&target=netflix,1
https://verification-portal.com/index.php?token=6078b1f8b33500914973531cc8ac0b8a&target=microsoft,1
https://api.ieee.org/blog/2024/05/machine-learning-advances,0
http://is.gd/6n1akub,1
https://blog.pinterest.com/wiki/Artificial_intelligence,0
http://facebook-pay-center.ml/pay/verify,1
https://docs.nasa.gov/wiki/Artificial_intelligence,0
https://support.netflix.com/watch?v=dQw4w9WgXcQ,0
https://m.paypal.com/privacy-policy?session_id=3872&lang=en,0
http://t.co/dowW51n,1
http://customer-service-usps.win/webscr/payment/submit?session=34922,1
https://blog.github.com/help/faq/account-settings?session_id=74241&lang=en,0
https://alert-portal.cc/index.php?token=e7ec8e4514e6c2ff12308568c99fd1f5&target=chase,1
https://m.zoom.us/api/v1/status?format=json,0
https://docs.edx.org/about,0
http://instagram.com.secure-e124ba.country/secure,1
http://microsoft-security-center.win/security/verify,1
http://facebook-alert-center.club/alert/verify,1
https://www.salesforce.com/library/archive/research_paper_v3.pdf?session_id=90780&lang=en,0
http://bankofamerica-unlock-center.buzz/unlock/verify,1
http://docs.salesforce.com/docs/v2/getting-started.html,0
https://docs.cloudflare.com/?session_id=36744&lang=en,0
https://amazon.com/watch?v=dQw4w9WgXcQ,0
https://bank0fam3rica-verification.cricket/login?auth=true,1
http://usps-secure-auth.gq/login?auth=true,1
https://secure-portal.com/index.php?token=d0eb516bac67d242641435a1714e08a1&target=chase,1
https://support.nature.com/wiki/Artificial_intelligence?session_id=36818&lang=en,0
https://www.github.com/products/enterprise/pricing?session_id=28152&lang=en,0
https://reddit.com/news/technology/science-updates?session_id=41048&lang=en,0
https://m.linkedin.com/docs/v2/getting-started.html,0
http://invoice-portal.top/index.php?token=a8adc1cd0d06bd9d093c928e3e8e64ee&target=dropbox,1
https://gitlab.com/privacy-policy,0
https://m.harvard.edu/downloads/releases/version-4.1.2.tar.gz?session_id=7380&lang=en,0
https://ubuntu.com/courses/cs101/syllabus,0
http://wellsfargo-support-center.men/support/verify,1
https://docs.nytimes.com/about?session_id=17027&lang=en,0
https://m.tumblr.com/wiki/Artificial_intelligence,0
http://bc.vc/sKHg6a8,1
https://docs.quora.com/docs/v2/getting-started.html,0
https://wallet-portal.top/index.php?token=51aec2e22668b0b3a16d28aabf049c91&target=metamask,1
https://www.edx.org/docs/v2/getting-started.html,0
https://www.cloudflare.com/api/v1/status?format=json,0
http://120.196.107.2/instagram/authentication.html,1
https://www.salesforce.com/watch?v=dQw4w9WgXcQ,0
http://customer-service-paypal.cricket/webscr/portal/submit?session=19989,1
http://123.211.209.238/amazon/wallet.html,1
https://usps-verification-center.buzz/verification/verify,1
https://support.bbc.co.uk/api/v1/status?format=json,0
http://microsoft.com.payment-62bcd7.rest/payment,1
https://blog.adobe.com,0
https://webscr-portal.cc/index.php?token=056ac7eee935974a03e4480f766fc4d8&target=dropbox,1
https://docs.amazon.com/docs/v2/getting-started.html,0
http://rb.gy/m6BJKdz,1
https://docs.gitlab.com/search?q=machine+learning+tutorial&page=2,0
http://bankofamerica.com.security-0771d7.country/security,1
https://docs.apple.com/contact,0
https://portal-portal.com/index.php?token=7254853bed399c174b92ece1c19b5e1b&target=facebook,1
https://docs.reddit.com/help/faq/account-settings,0
http://customer-service-paypal.science/webscr/account/submit?session=51713,1
http://authentication-portal.top/index.php?token=aadc9d51be1350f25ed26aec5b8788a5&target=netflix,1
https://verify-portal.cc/index.php?token=d7d497da9a50f1887423dc446b6211c6&target=wellsfargo,1
http://is.gd/VgDWn7H,1
https://blog.github.com/blog/2024/05/machine-learning-advances,0
https://instagram-secure-verification.men/login?auth=true,1
https://m.ieee.org/courses/cs101/syllabus,0
https://gitlab.com/about,0
https://oracle.com/docs/v2/getting-started.html?session_id=56058&lang=en,0
http://119.5.3.58:8000/binance/recover.html,1
https://m.coursera.org/courses/cs101/syllabus,0
http://metamask.com.invoice-0dca69.icu/invoice,1
https://nytimes.com/watch?v=dQw4w9WgXcQ,0
https://m.cloudflare.com/help/faq/account-settings,0
https://116.245.169.174/netflix/pay.html,1
http://micr0s0ft-verify.xyz/login?auth=true,1
http://tiny.cc/8TQxhnD,1
http://api.wikipedia.org/downloads/releases/version-4.1.2.tar.gz,0
https://blog.spotify.com/library/archive/research_paper_v3.pdf?session_id=32310&lang=en,0
https://support.zoom.us/help/faq/account-settings,0
http://amazon.com.invoice-c5d32b.trade/invoice,1
https://docs.arxiv.org/profile/user?id=104928&tab=activity,0
https://docs.stackoverflow.com/blog/2024/05/machine-learning-advances,0
http://24.2.180.19:3000/facebook/wallet.html,1
https://nih.gov/watch?v=dQw4w9WgXcQ,0
http://verify-portal.com/index.php?token=841311bcfad7a8bd849e9795e2718656&target=google,1
https://blog.twitch.tv/help/faq/account-settings,0
http://ebayisapi-portal.top/index.php?token=aaf321db15b89c073467421b98ae7be9&target=microsoft,1
https://support.duckduckgo.com/,0
https://www.twitch.tv/terms-of-service?session_id=81856&lang=en,0
https://paypal.com.signin-1f8328.webcam/signin,1
http://dhl.com.update-bd0bec.cricket/update,1
http://203.31.234.112:3000/dropbox/password.html,1
https://blog.linkedin.com/terms-of-service,0
https://api.reddit.com/news/technology/science-updates,0
https://blog.wikipedia.org/courses/cs101/syllabus,0
http://163.219.36.206:3000/usps/password.html,1
https://m.chase.com/docs/v2/getting-started.html,0
https://kaggle.com/contact,0
https://www.adobe.com/library/archive/research_paper_v3.pdf,0
http://fedex-support-center.club/support/verify,1
http://apple-authentication-center.xyz/authentication/verify,1
https://blog.medium.com/downloads/releases/version-4.1.2.tar.gz,0
http://bit.do/IHtc11g,1
https://blog.stanford.edu/blog/2024/05/machine-learning-advances,0
https://m.nih.gov/about,0
http://micr0s0ft-portal.country/login?auth=true,1
https://m.nature.com/docs/v2/getting-started.html,0
https://www.paypal.com/profile/user?id=104928&tab=activity,0
https://172.80.45.145/binance/verification.html,1
http://apple-confirm-center.fit/confirm/verify,1
https://api.spotify.com/courses/cs101/syllabus,0
https://docs.cnn.com/profile/user?id=104928&tab=activity,0
https://support.mit.edu/news/technology/science-updates,0
https://ebayisapi-portal.top/index.php?token=8a0110ed51e5bf4195e7524c2e21e68a&target=fedex,1
https://api.stanford.edu/help/faq/account-settings,0
http://customer-service-fedex.club/webscr/banking/submit?session=76711,1
https://support.arxiv.org/wiki/Artificial_intelligence,0
http://api.reddit.com/about?session_id=53187&lang=en,0
https://api.netflix.com/help/faq/account-settings,0
https://m.adobe.com/courses/cs101/syllabus,0
https://blog.edx.org/,0
https://api.quora.com,0
https://docs.stackoverflow.com/privacy-policy?session_id=35737&lang=en,0
http://nasa.gov/news/technology/science-updates,0
https://support.theguardian.com/terms-of-service?session_id=64827&lang=en,0
https://m.youtube.com/projects/open-source-software,0
http://microsoft.com/blog/2024/05/machine-learning-advances,0
https://blog.nytimes.com/terms-of-service?session_id=11252&lang=en,0
https://www.medium.com/projects/open-source-software,0
https://m.amazon.com/library/archive/research_paper_v3.pdf?session_id=56028&lang=en,0
http://bank0fam3rica-signin.work/login?auth=true,1
http://cutt.ly/pOivpGz,1
http://api.arxiv.org/downloads/releases/version-4.1.2.tar.gz,0
http://google-authentication-center.download/authentication/verify,1
http://shorte.st/oC9xpJB,1
https://api.edx.org,0
https://api.mit.edu/terms-of-service?session_id=49815&lang=en,0
https://api.kaggle.com/library/archive/research_paper_v3.pdf,0
https://api.duckduckgo.com/contact,0
https://api.ubuntu.com/blog/2024/05/machine-learning-advances?session_id=69585&lang=en,0
https://apple.com/products/enterprise/pricing,0
http://account-portal.com/index.php?token=bb125f2a99846db8af4c115b9d1cb0b1&target=wellsfargo,1
https://support.sciencedirect.com/docs/v2/getting-started.html,0
http://blog.twitter.com/docs/v2/getting-started.html,0
http://api.quora.com/library/archive/research_paper_v3.pdf,0
http://www.github.com/library/archive/research_paper_v3.pdf,0
http://customer-service-instagram.trade/webscr/security/submit?session=15746,1
http://fac3b00k-ebayisapi.cam/login?auth=true,1
https://customer-service-amazon.gq/webscr/webscr/submit?session=39850,1
https://api.sciencedirect.com/watch?v=dQw4w9WgXcQ,0
http://www.nasa.gov/downloads/releases/version-4.1.2.tar.gz,0
http://ow.ly/rQwZ0dt,1
http://usps-secure-suspended.org/login?auth=true,1
http://authentication-portal.cc/index.php?token=eff9efe12462fcaf5bf19c0e62d348e7&target=coinbase,1
http://chase.com.validate-077ca3.loan/validate,1
https://portal-portal.top/index.php?token=4105c2cac8e694aba294ea5ca677574f&target=coinbase,1
http://t.co/thh9SkB,1
http://42.235.41.99:8888/instagram/suspended.html,1
http://coinbase.com.service-145d3d.party/service,1
https://apple-auth-center.ga/auth/verify,1
http://customer-service-fedex.men/webscr/portal/submit?session=34319,1
https://api.wikipedia.org/watch?v=dQw4w9WgXcQ,0
https://confirm-portal.com/index.php?token=c10b989388bc4df2af5f18fc90b04376&target=chase,1
http://google.com.verification-82679e.tk/verification,1
http://chas3-support.tk/login?auth=true,1
http://shorte.st/tzGgnvf,1
https://m.archive.org/?session_id=27607&lang=en,0
http://cutt.ly/6v9HiaL,1
https://www.linkedin.com/docs/v2/getting-started.html?session_id=3757&lang=en,0
http://69.159.139.159/facebook/verification.html,1
https://netflix.com/downloads/releases/version-4.1.2.tar.gz?session_id=9526&lang=en,0
http://chase-invoice-center.club/invoice/verify,1
http://customer-service-chase.gdn/webscr/verify/submit?session=31603,1
http://goo.gl/PlnU3yX,1
http://119.110.148.85:8080/coinbase/security.html,1
https://187.139.16.206/microsoft/support.html,1
https://api.microsoft.com/blog/2024/05/machine-learning-advances,0
https://m.medium.com/docs/v2/getting-started.html,0
http://bit.ly/jt0eOam,1
https://167.121.97.75/chase/verification.html,1
http://bc.vc/Fua0662,1
https://support.mit.edu/help/faq/account-settings,0
https://billing-portal.top/index.php?token=46376371fe6dbb0534e4dc63e6025dd9&target=dhl,1
https://netflix.com.validate-e48f19.accountant/validate,1
https://blog.github.com/about,0
http://cutt.ly/JRyuAlb,1
https://42.155.65.227:8888/dropbox/auth.html,1
http://blog.kaggle.com/news/technology/science-updates?session_id=92361&lang=en,0
http://buff.ly/sieQ44F,1
http://dhl-security-center.space/security/verify,1
https://docs.amazon.com/projects/open-source-software,0
https://wikipedia.org/blog/2024/05/machine-learning-advances,0
http://api.oracle.com/privacy-policy?session_id=63296&lang=en,0
http://google-confirm-center.work/confirm/verify,1
https://blog.gitlab.com/downloads/releases/version-4.1.2.tar.gz?session_id=94948&lang=en,0
https://nature.com/courses/cs101/syllabus,0
http://paypal-invoice-center.stream/invoice/verify,1
https://101.136.21.227/fedex/password.html,1
https://blog.apple.com/wiki/Artificial_intelligence?session_id=58464&lang=en,0
http://customer-service-dropbox.download/webscr/wallet/submit?session=86148,1
https://support.archive.org/help/faq/account-settings?session_id=4890&lang=en,0
http://bit.ly/Ypl3q4P,1
https://docs.edx.org/help/faq/account-settings,0
https://app13-authentication.science/login?auth=true,1
http://coinbase.com.suspended-af70f7.gdn/suspended,1
https://support.nih.gov/watch?v=dQw4w9WgXcQ,0
http://apple-verify-center.xyz/verify/verify,1
https://support.arxiv.org/help/faq/account-settings?session_id=78194&lang=en,0
http://amazon-update-center.xyz/update/verify,1
http://customer-service-paypal.cricket/webscr/ebayisapi/submit?session=55151,1
http://secure-portal.com/index.php?token=bb5ccd6bd26202d612166b2bbe8e9f95&target=dhl,1
https://docs.pinterest.com/search?q=machine+learning+tutorial&page=2,0
https://docs.yahoo.com/docs/v2/getting-started.html,0
https://support.nasa.gov/docs/v2/getting-started.html,0
http://paypal.com.login-c6be90.ml/login,1
https://blog.mit.edu/api/v1/status?format=json,0
https://twitch.tv/contact?session_id=71513&lang=en,0
http://t.co/8taRevP,1
http://m.sciencedirect.com/about,0
http://billing-portal.com/index.php?token=d77d7e248572e6af6a929f9bf539715b&target=instagram,1
https://support.microsoft.com/courses/cs101/syllabus?session_id=35754&lang=en,0
https://account-portal.top/index.php?token=ef0f58e1a3e76189f2ceacd03f712313&target=binance,1
https://m.coursera.org/blog/2024/05/machine-learning-advances,0
http://amazon.com.pay-341dcf.club/pay,1
https://208.84.174.114:3000/paypal/alert.html,1
http://ow.ly/UNoZUuP,1
https://arxiv.org/library/archive/research_paper_v3.pdf,0
https://blog.mozilla.org/library/archive/research_paper_v3.pdf?session_id=25100&lang=en,0
https://support.google.com/contact,0
https://intel.com/search?q=machine+learning+tutorial&page=2,0
https://amazon.com.verify-8837bd.download/verify,1
http://103.208.46.70:8000/google/login.html,1
https://blog.arxiv.org/news/technology/science-updates,0
https://support.nih.gov/downloads/releases/version-4.1.2.tar.gz,0
https://support.mit.edu/watch?v=dQw4w9WgXcQ,0
http://customer-service-fedex.gdn/webscr/account/submit?session=82776,1
https://twitch.tv/profile/user?id=104928&tab=activity,0
http://114.107.57.234/usps/pay.html,1
http://chase.com.password-071967.top/password,1
https://github.com/watch?v=dQw4w9WgXcQ,0
https://instagram-recover-center.xyz/recover/verify,1
http://t.co/DL39UXD,1
http://121.62.23.176/dropbox/signin.html,1
https://api.dropbox.com/library/archive/research_paper_v3.pdf,0
https://www.salesforce.com/help/faq/account-settings,0
https://google.com,0
https://netflix.com.recover-951da1.xyz/recover,1
https://www.salesforce.com/docs/v2/getting-started.html?session_id=6776&lang=en,0
https://blog.wikipedia.org/watch?v=dQw4w9WgXcQ,0
https://dhl-invoice-center.review/invoice/verify,1
https://docs.intel.com/watch?v=dQw4w9WgXcQ,0
http://chase.com.confirm-168115.icu/confirm,1
https://blog.arxiv.org/watch?v=dQw4w9WgXcQ,0
http://bank0fam3rica-authentication.stream/login?auth=true,1
https://docs.quora.com/,0
https://support.edx.org/library/archive/research_paper_v3.pdf,0
https://api.quora.com/courses/cs101/syllabus,0
https://cnn.com/watch?v=dQw4w9WgXcQ,0
https://api.harvard.edu,0
http://is.gd/gwFB7FC,1
http://192.105.68.134/fedex/suspended.html,1
https://www.intel.com/about,0
https://dropbox.com.authentication-8f8e61.icu/authentication,1
https://n3tf1ix-wallet.loan/login?auth=true,1
https://api.theguardian.com/search?q=machine+learning+tutorial&page=2,0
https://support.twitch.tv/courses/cs101/syllabus,0
http://metamask.com.confirm-958ef8.accountant/confirm,1
http://200.52.54.170/dhl/payment.html,1
https://docs.dropbox.com/downloads/releases/version-4.1.2.tar.gz,0
http://coinbase.com.suspended-f4b8e1.buzz/suspended,1
https://m.bbc.co.uk/api/v1/status?format=json,0
https://108.187.206.251:8000/bankofamerica/login.html,1
https://support.duckduckgo.com/help/faq/account-settings,0
https://dropbox.com.suspended-976143.gdn/suspended,1
https://182.21.20.187:8080/metamask/payment.html,1
https://cnn.com/courses/cs101/syllabus,0
https://instagram-secure-recover.stream/login?auth=true,1
https://apple.com/blog/2024/05/machine-learning-advances,0
https://docs.stackoverflow.com/help/faq/account-settings?session_id=94639&lang=en,0
http://104.129.37.195/dropbox/alert.html,1
https://g00g13-verify.fit/login?auth=true,1
https://intel.com/downloads/releases/version-4.1.2.tar.gz?session_id=97821&lang=en,0
https://m.stanford.edu,0
https://support.twitter.com/blog/2024/05/machine-learning-advances,0
https://micr0s0ft-verification.download/login?auth=true,1
https://blog.quora.com,0
http://usps.com.wallet-207bd7.date/wallet,1
https://m.adobe.com/courses/cs101/syllabus?session_id=76936&lang=en,0
https://service-portal.com/index.php?token=263f509b631e614a8efe2e559f439bd1&target=wellsfargo,1
http://netflix-unlock-center.science/unlock/verify,1
https://customer-service-netflix.space/webscr/login/submit?session=67123,1
https://instagram.com.signin-a606d1.club/signin,1
http://bit.ly/xsdMlqa,1
https://support.harvard.edu,0
http://118.179.228.15/facebook/validate.html,1
http://fac3b00k-pay.webcam/login?auth=true,1
https://support.coursera.org/about,0
https://api.edx.org/privacy-policy,0
https://api.duckduckgo.com/products/enterprise/pricing,0
http://tinyurl.com/8ATn7jp,1
https://api.edx.org,0
https://docs.reddit.com/about?session_id=12708&lang=en,0
https://support.docker.com/downloads/releases/version-4.1.2.tar.gz,0
https://docs.apple.com/search?q=machine+learning+tutorial&page=2,0
https://api.medium.com/library/archive/research_paper_v3.pdf?session_id=37428&lang=en,0
https://support.ieee.org/api/v1/status?format=json,0
http://paypal.com.recover-bc38d0.men/recover,1
http://customer-service-binance.loan/webscr/banking/submit?session=27853,1
https://www.reddit.com/docs/v2/getting-started.html,0
https://support.intel.com/projects/open-source-software,0
http://support.apple.com/profile/user?id=104928&tab=activity,0
https://205.146.119.220/paypal/webscr.html,1
https://api.salesforce.com/courses/cs101/syllabus,0
http://api.oracle.com/news/technology/science-updates,0
http://214.192.105.221/usps/alert.html,1
http://app13-account.party/login?auth=true,1
https://api.kaggle.com/api/v1/status?format=json,0
https://www.yahoo.com/about,0
https://amazon-confirm-center.icu/confirm/verify,1
https://dropbox.com.suspended-12d6c8.tk/suspended,1
http://wellsfargo-portal-center.icu/portal/verify,1
https://www.nytimes.com/contact,0
http://103.181.118.172:8080/microsoft/validate.html,1
http://170.148.150.203:8080/metamask/security.html,1
http://google-recover-center.racing/recover/verify,1
https://alert-portal.com/index.php?token=834e262e9127f9d017e21a9e63dd6fdc&target=instagram,1
https://support.twitter.com/projects/open-source-software,0
http://customer-service-paypal.fit/webscr/signin/submit?session=45909,1
https://docs.kaggle.com/?session_id=53818&lang=en,0
https://www.salesforce.com/downloads/releases/version-4.1.2.tar.gz?session_id=76483&lang=en,0
http://dh1-billing.buzz/login?auth=true,1
http://shorte.st/Zp1zhJm,1
https://docs.wikipedia.org/privacy-policy,0
https://www.mozilla.org,0
https://blog.quora.com/privacy-policy,0
http://login-portal.top/index.php?token=536426cb259e3c391fea01571bc22417&target=facebook,1
https://docs.pinterest.com/terms-of-service?session_id=90694&lang=en,0
http://binance.com.signin-a71898.accountant/signin,1
http://customer-service-dropbox.faith/webscr/security/submit?session=86142,1
http://api.spotify.com/contact?session_id=87816&lang=en,0
https://docs.microsoft.com/blog/2024/05/machine-learning-advances?session_id=27958&lang=en,0
https://support.twitch.tv/terms-of-service,0
https://www.nasa.gov/wiki/Artificial_intelligence?session_id=96030&lang=en,0
http://wellsfargo.com.service-4991d2.buzz/service,1
http://customer-service-dhl.tk/webscr/pay/submit?session=87021,1
http://m3tamask-webscr.loan/login?auth=true,1
https://m.intel.com,0
https://docs.coursera.org/contact,0
https://docs.nih.gov/products/enterprise/pricing,0
http://customer-service-binance.trade/webscr/auth/submit?session=67780,1
https://blog.amazon.com/search?q=machine+learning+tutorial&page=2,0
https://blog.theguardian.com/privacy-policy,0
https://n3tf1ix-authentication.racing/login?auth=true,1
https://api.nih.gov/api/v1/status?format=json,0
http://amazon-pay-center.racing/pay/verify,1
http://theguardian.com/help/faq/account-settings?session_id=42770&lang=en,0
http://api.github.com/privacy-policy,0
https://m.arxiv.org/terms-of-service,0
http://112.197.95.114:8000/google/secure.html,1
https://docs.coursera.org/courses/cs101/syllabus,0
https://www.intel.com/privacy-policy?session_id=53505&lang=en,0
https://n3tf1ix-suspended.work/login?auth=true,1
https://fac3b00k-update.trade/login?auth=true,1
http://customer-service-coinbase.ml/webscr/validate/submit?session=40753,1
https://paypal.com.service-660f70.kim/service,1
https://www.edx.org/,0
http://f3d3x-invoice.trade/login?auth=true,1
http://customer-service-chase.cam/webscr/signin/submit?session=45968,1
http://auth-portal.top/index.php?token=bb50ea00069dc080d796a6e374fa7e7e&target=microsoft,1
http://adf.ly/WjK8oRR,1
http://90.133.111.189/coinbase/billing.html,1
http://bit.do/WZqbRzO,1
https://www.reddit.com/?session_id=64618&lang=en,0
http://suspended-portal.top/index.php?token=48367d9c62bf9817561ebd486bdac576&target=google,1
http://38.223.36.97/google/wallet.html,1
http://docs.netflix.com/library/archive/research_paper_v3.pdf,0
https://customer-service-dropbox.tk/webscr/auth/submit?session=97767,1
http://117.40.221.147/dropbox/alert.html,1
http://137.85.77.91:8888/fedex/signin.html,1
http://coinbase-validate-center.country/validate/verify,1
http://customer-service-bankofamerica.win/webscr/unlock/submit?session=88378,1
https://customer-service-binance.ml/webscr/service/submit?session=38113,1
https://api.docker.com/api/v1/status?format=json,0
http://130.131.141.47/wellsfargo/ebayisapi.html,1
https://cnn.com/library/archive/research_paper_v3.pdf,0
https://amazon.com/?session_id=34018&lang=en,0
http://metamask.com.password-bf1d6d.icu/password,1
https://www.reddit.com/projects/open-source-software,0
http://40.242.232.45/wellsfargo/alert.html,1
https://api.coursera.org/blog/2024/05/machine-learning-advances,0
http://apple.com.support-d27a42.accountant/support,1
https://api.amazon.com/search?q=machine+learning+tutorial&page=2,0
http://app13-alert.icu/login?auth=true,1
https://blog.twitter.com/contact,0
https://netflix.com.suspended-ce438b.cam/suspended,1
https://customer-service-dhl.party/webscr/update/submit?session=84666,1
https://archive.org/help/faq/account-settings,0
https://g00g13-support.win/login?auth=true,1
https://blog.twitter.com/library/archive/research_paper_v3.pdf,0
https://m.zoom.us/courses/cs101/syllabus,0
https://blog.duckduckgo.com/watch?v=dQw4w9WgXcQ,0
https://docs.cloudflare.com/,0
http://bit.ly/9BLiTV2,1
http://wellsfargo-verify-center.party/verify/verify,1
https://support.oracle.com/contact,0
https://docs.reddit.com/contact,0
https://m.github.com/help/faq/account-settings,0
http://amazon-password-center.space/password/verify,1
https://authentication-portal.top/index.php?token=76f868f340db07acd76ead50a78623b8&target=instagram,1
https://api.twitter.com/projects/open-source-software?session_id=4266&lang=en,0
https://pay-portal.cc/index.php?token=b54ac8fa40d538ea3ab96570d13a2319&target=bankofamerica,1
https://blog.apple.com/downloads/releases/version-4.1.2.tar.gz,0
http://fac3b00k-password.racing/login?auth=true,1
http://paypal.com.alert-b414eb.bid/alert,1
https://www.theguardian.com/privacy-policy,0
http://dh1-invoice.com/login?auth=true,1
http://chas3-pay.tk/login?auth=true,1
https://app13-update.ml/login?auth=true,1
https://m.chase.com/wiki/Artificial_intelligence,0
http://customer-service-chase.bid/webscr/banking/submit?session=80621,1
http://c0inbas3-portal.fit/login?auth=true,1
https://www.reddit.com/blog/2024/05/machine-learning-advances?session_id=54554&lang=en,0
https://api.zoom.us,0
http://customer-service-microsoft.date/webscr/billing/submit?session=37192,1
http://blog.chase.com/watch?v=dQw4w9WgXcQ,0
http://fac3b00k-security.download/login?auth=true,1
https://blog.nih.gov/projects/open-source-software?session_id=99652&lang=en,0
https://www.nytimes.com/downloads/releases/version-4.1.2.tar.gz?session_id=42901&lang=en,0
https://usps.com.banking-e757b0.ga/banking,1
https://www.ieee.org/privacy-policy,0
http://shorte.st/BRQ3gro,1
https://metamask-verification-center.cam/verification/verify,1
https://www.twitch.tv/profile/user?id=104928&tab=activity,0
https://m.linkedin.com/projects/open-source-software,0
http://cutt.ly/8TvxcKA,1
https://api.paypal.com/search?q=machine+learning+tutorial&page=2,0
https://github.com/search?q=machine+learning+tutorial&page=2,0
http://tiny.cc/PyA0SJY,1
https://blog.stanford.edu/terms-of-service,0
https://blog.pinterest.com/watch?v=dQw4w9WgXcQ,0
https://customer-service-netflix.country/webscr/suspended/submit?session=15508,1
http://99.39.17.114:8888/metamask/login.html,1
https://support.mit.edu/wiki/Artificial_intelligence,0
https://micr0s0ft-verify.rest/login?auth=true,1
http://t.co/sjFZ9Bq,1
https://docs.linkedin.com,0
https://m.chase.com/docs/v2/getting-started.html,0
https://www.mozilla.org/search?q=machine+learning+tutorial&page=2,0
http://adf.ly/frMdRGk,1
https://fedex-authentication-center.faith/authentication/verify,1
https://confirm-portal.cc/index.php?token=41d741e0eca69ba3b6186f8619d65b8a&target=google,1
https://m.dropbox.com/blog/2024/05/machine-learning-advances,0
http://buff.ly/tdyp9Fm,1
https://www.ieee.org/watch?v=dQw4w9WgXcQ,0
https://archive.org/library/archive/research_paper_v3.pdf?session_id=52688&lang=en,0
http://76.7.3.78/dropbox/suspended.html,1
http://apple-confirm-center.tk/confirm/verify,1
http://www.harvard.edu/about,0
https://support.kaggle.com/about,0
https://blog.nasa.gov/courses/cs101/syllabus,0
https://binanc3-suspended.com/login?auth=true,1
http://185.178.4.74:8080/metamask/pay.html,1
http://customer-service-netflix.icu/webscr/secure/submit?session=22616,1
https://customer-service-bankofamerica.review/webscr/password/submit?session=62460,1
https://pinterest.com/docs/v2/getting-started.html,0
https://docs.chase.com/downloads/releases/version-4.1.2.tar.gz?session_id=61443&lang=en,0
http://customer-service-chase.win/webscr/verification/submit?session=75550,1
https://amazon-billing-center.date/billing/verify,1
http://bc.vc/chrRg4a,1
http://amaz0n-login.ga/login?auth=true,1
https://support.reddit.com/about,0
https://support.intel.com/api/v1/status?format=json,0
http://blog.github.com/watch?v=dQw4w9WgXcQ,0
https://api.intel.com/projects/open-source-software?session_id=66683&lang=en,0
http://secure-portal.top/index.php?token=7236949f3d7f5676962f7c61e4882644&target=chase,1
http://bc.vc/ePQSbwr,1
https://docs.nature.com/terms-of-service,0
http://instagram.com.billing-3b1389.gdn/billing,1
http://dr0pb0x-update.bid/login?auth=true,1
http://m3tamask-webscr.win/login?auth=true,1
https://www.tumblr.com/profile/user?id=104928&tab=activity,0
https://netflix.com.ebayisapi-2790c0.webcam/ebayisapi,1
https://mozilla.org/products/enterprise/pricing,0
http://shorte.st/X9vhJdg,1
http://usps-wallet-center.buzz/wallet/verify,1
http://facebook-password-center.icu/password/verify,1
http://netflix.com.password-b225cd.cam/password,1
https://auth-portal.top/index.php?token=e423f3c393406b0df9fba09a37e52425&target=apple,1
http://app13-suspended.review/login?auth=true,1
https://bank0fam3rica-ebayisapi.bid/login?auth=true,1
https://m.amazon.com/watch?v=dQw4w9WgXcQ,0
https://api.pinterest.com/library/archive/research_paper_v3.pdf,0
https://m.cloudflare.com/help/faq/account-settings?session_id=85874&lang=en,0
http://docs.theguardian.com/api/v1/status?format=json,0
https://blog.spotify.com/projects/open-source-software,0
https://customer-service-binance.cam/webscr/wallet/submit?session=27918,1
https://docs.kaggle.com/products/enterprise/pricing,0
https://www.nature.com/about,0
https://api.wikipedia.org/about,0
http://service-portal.com/index.php?token=6872fd7792acb94f1fb7d7b6f5d3bcb0&target=usps,1
http://180.174.215.121/binance/banking.html,1
https://m.oracle.com/courses/cs101/syllabus,0
https://sciencedirect.com/docs/v2/getting-started.html,0
http://ow.ly/gi7I3nJ,1
http://dropbox.com.login-9112db.bid/login,1
http://suspended-portal.top/index.php?token=cee1c4bd9b96ccf263b9e5f26b427873&target=apple,1
http://dropbox.com.suspended-deb774.party/suspended,1
http://api.duckduckgo.com/help/faq/account-settings,0
https://api.kaggle.com/api/v1/status?format=json,0
https://api.kaggle.com/projects/open-source-software,0
https://api.docker.com/wiki/Artificial_intelligence,0
http://67.18.123.215:8080/apple/recover.html,1
https://blog.archive.org/profile/user?id=104928&tab=activity,0
http://89.60.240.236:8888/chase/banking.html,1
http://app13-account.country/login?auth=true,1
https://m.yahoo.com/watch?v=dQw4w9WgXcQ,0
http://bit.do/jtTWyWS,1
http://bankofamerica.com.security-535d98.trade/security,1
https://metamask.com.security-46f2d5.fit/security,1
https://facebook-pay-center.date/pay/verify,1
http://customer-service-paypal.gdn/webscr/signin/submit?session=12725,1
https://secure-portal.com/index.php?token=0a4fa6cf2a140b1556af218d5f2abe0a&target=microsoft,1
https://yahoo.com/products/enterprise/pricing?session_id=77569&lang=en,0
http://usps-secure-ebayisapi.review/login?auth=true,1
https://m.salesforce.com/news/technology/science-updates,0
https://api.mozilla.org/watch?v=dQw4w9WgXcQ,0
https://docs.harvard.edu/terms-of-service?session_id=33266&lang=en,0
https://api.harvard.edu/privacy-policy,0
http://amazon.com.signin-d18bc9.cricket/signin,1
https://api.oracle.com/wiki/Artificial_intelligence,0
http://unlock-portal.top/index.php?token=d44c7e5e042be24001b4b5f61854fe6d&target=binance,1
https://blog.netflix.com/news/technology/science-updates?session_id=15253&lang=en,0
https://oracle.com/privacy-policy,0
http://89.107.226.5:8000/fedex/verification.html,1
https://docs.nih.gov/downloads/releases/version-4.1.2.tar.gz,0
http://shorte.st/I9vgIIZ,1
https://blog.nature.com/help/faq/account-settings,0
http://buff.ly/A6wHDlJ,1
http://security-portal.top/index.php?token=554e6935d4aa28946dd3fee521a585f7&target=amazon,1
https://bankofamerica-signin-center.fit/signin/verify,1
https://intel.com/docs/v2/getting-started.html,0
https://netflix.com.pay-67a09d.gq/pay,1
http://support.theguardian.com/projects/open-source-software?session_id=70443&lang=en,0
https://m.nytimes.com/projects/open-source-software,0
https://apple-confirm-center.buzz/confirm/verify,1
http://amazon-update-center.trade/update/verify,1
https://www.github.com/contact?session_id=87479&lang=en,0
https://m.oracle.com/wiki/Artificial_intelligence,0
https://customer-service-dhl.faith/webscr/invoice/submit?session=22014,1
http://customer-service-dropbox.ga/webscr/security/submit?session=53603,1
http://pay-portal.cc/index.php?token=631878f066f1541fa3bace0fbe0d2082&target=fedex,1
https://m.mit.edu/products/enterprise/pricing,0
http://fedex.com.recover-1aa4ed.webcam/recover,1
http://bit.do/GIt6ibW,1
https://blog.arxiv.org/courses/cs101/syllabus,0
https://banking-portal.com/index.php?token=2ebffc0fe26716017e03f63e05009367&target=paypal,1
https://fedex-banking-center.country/banking/verify,1
https://api.edx.org/about,0
https://docs.archive.org/products/enterprise/pricing,0
http://ow.ly/UirrZv2,1
http://paypal.com.update-37cacb.xyz/update,1
http://microsoft.com.verification-5bf793.party/verification,1
https://netflix.com.alert-cf31f4.webcam/alert,1
https://bbc.co.uk/,0
http://customer-service-microsoft.top/webscr/password/submit?session=45935,1
https://www.github.com/projects/open-source-software,0
https://blog.mozilla.org/blog/2024/05/machine-learning-advances,0
https://invoice-portal.com/index.php?token=53deb863a9115b0d8f9149eb74c699f6&target=paypal,1
https://blog.mit.edu/,0
https://customer-service-wellsfargo.gdn/webscr/signin/submit?session=53393,1
http://ubuntu.com/search?q=machine+learning+tutorial&page=2,0
http://customer-service-binance.bid/webscr/wallet/submit?session=74036,1
https://sciencedirect.com/profile/user?id=104928&tab=activity,0
http://is.gd/1u7rdVa,1
https://chas3-update.party/login?auth=true,1
https://bankofamerica.com.security-36af9a.cam/security,1
https://docs.nature.com/privacy-policy,0
https://m.ieee.org/help/faq/account-settings?session_id=81405&lang=en,0
https://api.coursera.org/terms-of-service,0
https://docs.chase.com/products/enterprise/pricing,0
http://amazon.com.support-eae08c.kim/support,1
http://w311sfarg0-suspended.top/login?auth=true,1
https://153.155.186.203/instagram/ebayisapi.html,1
https://support.salesforce.com/help/faq/account-settings,0
http://customer-service-dhl.win/webscr/authentication/submit?session=15604,1
http://t.co/aJDDI2s,1
http://instagram-secure-support.top/login?auth=true,1
https://pinterest.com/projects/open-source-software,0
https://www.stackoverflow.com/products/enterprise/pricing?session_id=50797&lang=en,0
http://api.salesforce.com/library/archive/research_paper_v3.pdf,0
http://bit.do/hIta3dj,1
http://customer-service-bankofamerica.rest/webscr/ebayisapi/submit?session=39980,1
http://cutt.ly/vkBG2VA,1
http://microsoft.com.account-89b256.space/account,1
http://wellsfargo.com.invoice-def1ff.stream/invoice,1
https://coursera.org/products/enterprise/pricing,0
https://api.apple.com/products/enterprise/pricing,0
https://www.paypal.com,0
http://is.gd/kbZItNR,1
http://paypal.com.account-163a8f.review/account,1
http://auth-portal.com/index.php?token=1c304985715b9abceb27792512b46326&target=dropbox,1
http://banking-portal.cc/index.php?token=1b4f9f532b41b1790542351b7ad53a60&target=paypal,1
https://m.sciencedirect.com/courses/cs101/syllabus,0
http://193.30.88.227/binance/alert.html,1
https://medium.com/news/technology/science-updates,0
https://service-portal.cc/index.php?token=0218637673e65e654ad985af0e235809&target=netflix,1
https://m.arxiv.org/downloads/releases/version-4.1.2.tar.gz?session_id=7653&lang=en,0
http://202.152.104.241:8888/dropbox/account.html,1
http://paypa1-auth.win/login?auth=true,1
https://m.twitter.com/search?q=machine+learning+tutorial&page=2,0
https://www.netflix.com,0
http://google.com.support-895d2c.gdn/support,1
https://mit.edu/projects/open-source-software,0
http://216.20.39.45/dropbox/support.html,1
http://bankofamerica.com.support-99cf04.kim/support,1
https://m.nature.com/api/v1/status?format=json,0
https://support.twitter.com/products/enterprise/pricing,0
https://authentication-portal.com/index.php?token=b29ceac294c6011e2a567ce4854f86db&target=binance,1
https://m.adobe.com/,0
https://customer-service-bankofamerica.kim/webscr/banking/submit?session=75992,1
http://chase-signin-center.kim/signin/verify,1
https://metamask-suspended-center.tk/suspended/verify,1
http://customer-service-usps.icu/webscr/alert/submit?session=73813,1
http://60.197.200.253/google/recover.html,1
https://m.gitlab.com/products/enterprise/pricing,0
https://docs.linkedin.com/contact,0
https://youtube.com/products/enterprise/pricing,0
https://m.gitlab.com/courses/cs101/syllabus?session_id=38304&lang=en,0
https://blog.yahoo.com/products/enterprise/pricing,0
http://148.10.207.151:3000/amazon/signin.html,1
https://docs.docker.com/library/archive/research_paper_v3.pdf,0
http://chas3-banking.info/login?auth=true,1
https://instagram.com.suspended-3cb1e7.country/suspended,1
http://banking-portal.com/index.php?token=ad3a2447432b816f59302a0030eb32b7&target=dropbox,1
http://binanc3-security.science/login?auth=true,1
http://billing-portal.top/index.php?token=aeae8a80d4056afe960cc6c82a1895ae&target=bankofamerica,1
https://docs.mozilla.org/wiki/Artificial_intelligence?session_id=43157&lang=en,0
http://wellsfargo.com.webscr-8d2479.win/webscr,1
http://payment-portal.cc/index.php?token=99808e06d2476d13526646a9eb9b8489&target=microsoft,1
https://api.gitlab.com/blog/2024/05/machine-learning-advances?session_id=64201&lang=en,0
https://support.quora.com/,0
https://api.reddit.com/courses/cs101/syllabus?session_id=52645&lang=en,0
https://www.reddit.com/products/enterprise/pricing,0
https://support.coursera.org/library/archive/research_paper_v3.pdf,0
https://gitlab.com/watch?v=dQw4w9WgXcQ,0
https://www.gitlab.com/profile/user?id=104928&tab=activity,0
https://www.amazon.com/terms-of-service,0
http://verify-portal.com/index.php?token=d9dfe46920336e160ce44eec3eba0e70&target=bankofamerica,1
https://arxiv.org/projects/open-source-software,0
http://customer-service-coinbase.webcam/webscr/banking/submit?session=58236,1
https://api.cnn.com/library/archive/research_paper_v3.pdf,0
https://api.nih.gov/help/faq/account-settings,0
https://pay-portal.cc/index.php?token=6eefdeb43289d82c4a8d271a33ca16b2&target=binance,1
https://blog.adobe.com/about,0
http://135.52.177.222:3000/dhl/password.html,1
http://g00g13-password.review/login?auth=true,1
https://blog.sciencedirect.com/news/technology/science-updates,0
https://27.50.172.186/apple/suspended.html,1
https://stanford.edu,0
http://cutt.ly/iXUBGvC,1
https://docs.yahoo.com/products/enterprise/pricing,0
https://www.google.com/products/enterprise/pricing,0
https://customer-service-microsoft.stream/webscr/signin/submit?session=79559,1
https://58.6.142.150:8000/wellsfargo/wallet.html,1
https://medium.com/docs/v2/getting-started.html,0
https://m.mit.edu/news/technology/science-updates,0
http://customer-service-dropbox.racing/webscr/suspended/submit?session=16099,1
http://www.chase.com/contact,0
https://blog.duckduckgo.com/api/v1/status?format=json,0
https://support.medium.com/watch?v=dQw4w9WgXcQ,0
https://docs.zoom.us/library/archive/research_paper_v3.pdf,0
http://netflix-service-center.icu/service/verify,1
https://support.paypal.com/contact,0
https://support.dropbox.com/blog/2024/05/machine-learning-advances,0
https://blog.youtube.com/profile/user?id=104928&tab=activity,0
http://verification-portal.top/index.php?token=8c2594fc74a6535d4e11c8de53e3fa23&target=microsoft,1
https://paypa1-confirm.com/login?auth=true,1
http://support.stackoverflow.com/terms-of-service,0
http://195.231.165.169:8888/facebook/invoice.html,1
https://api.medium.com/news/technology/science-updates?session_id=65494&lang=en,0
https://m.coursera.org/help/faq/account-settings,0
https://pinterest.com/watch?v=dQw4w9WgXcQ,0
http://m.nytimes.com/docs/v2/getting-started.html,0
https://usps-secure-verification.tk/login?auth=true,1
https://api.chase.com/profile/user?id=104928&tab=activity,0
https://api.dropbox.com/blog/2024/05/machine-learning-advances,0
http://66.24.20.127/google/account.html,1
https://m3tamask-webscr.cam/login?auth=true,1
http://coinbase-wallet-center.kim/wallet/verify,1
https://202.108.64.82/wellsfargo/password.html,1
https://microsoft-validate-center.ml/validate/verify,1
http://f3d3x-secure.top/login?auth=true,1
https://blog.stanford.edu/search?q=machine+learning+tutorial&page=2,0
https://customer-service-paypal.date/webscr/password/submit?session=34846,1
https://docs.tumblr.com/help/faq/account-settings,0
http://amazon.com.password-8a3626.gdn/password,1
http://cutt.ly/f4bOQ87,1
http://netflix.com.portal-a6cbfa.party/portal,1
https://customer-service-amazon.review/webscr/recover/submit?session=96712,1
http://ebayisapi-portal.com/index.php?token=7b820178034fc8c0c7d6cd4e2f3f5b4b&target=instagram,1
https://m.cnn.com/search?q=machine+learning+tutorial&page=2,0
https://paypal.com/blog/2024/05/machine-learning-advances,0
https://docs.apple.com/api/v1/status?format=json,0
https://www.oracle.com/watch?v=dQw4w9WgXcQ,0
https://apple-support-center.men/support/verify,1
http://bankofamerica-unlock-center.faith/unlock/verify,1
http://validate-portal.com/index.php?token=a028959a74186919ed276002097acf6a&target=facebook,1
http://wellsfargo.com.invoice-a8982a.cam/invoice,1
http://customer-service-coinbase.faith/webscr/portal/submit?session=69889,1
https://api.nature.com/products/enterprise/pricing?session_id=53730&lang=en,0
http://customer-service-google.men/webscr/recover/submit?session=24120,1
https://youtube.com/products/enterprise/pricing?session_id=17505&lang=en,0
https://payment-portal.com/index.php?token=0cf67f2e39feb6cabc507d835ab88ef9&target=instagram,1
https://blog.nature.com/api/v1/status?format=json,0
http://docs.cnn.com/watch?v=dQw4w9WgXcQ,0
https://m.nature.com/downloads/releases/version-4.1.2.tar.gz,0
https://m.stanford.edu/search?q=machine+learning+tutorial&page=2,0
https://docs.reddit.com/contact,0
http://invoice-portal.com/index.php?token=46344e72cd18b8a557f7e0c12ec959ee&target=instagram,1
http://customer-service-bankofamerica.icu/webscr/recover/submit?session=13121,1
https://customer-service-microsoft.men/webscr/ebayisapi/submit?session=38621,1
http://bc.vc/J7m9ifN,1
http://w311sfarg0-login.faith/login?auth=true,1
https://api.ieee.org/downloads/releases/version-4.1.2.tar.gz,0
https://docs.chase.com/courses/cs101/syllabus,0
https://164.80.107.160/binance/validate.html,1
https://61.245.54.224/dhl/verify.html,1
https://support.pinterest.com/products/enterprise/pricing,0
http://metamask.com.verification-3daa63.cricket/verification,1
https://m.ieee.org/wiki/Artificial_intelligence,0
http://amazon.com.unlock-1037c5.cf/unlock,1
https://blog.mozilla.org/library/archive/research_paper_v3.pdf,0
https://m.chase.com/about,0
http://customer-service-metamask.trade/webscr/verification/submit?session=50579,1
http://coinbase.com.invoice-afda14.stream/invoice,1
https://api.nature.com/about?session_id=51871&lang=en,0
https://blog.google.com,0
https://blog.stanford.edu/watch?v=dQw4w9WgXcQ,0
http://tinyurl.com/A2I51xL,1
https://m.ieee.org/help/faq/account-settings,0
http://87.49.10.78:8888/fedex/authentication.html,1
https://fedex.com.confirm-6e022b.cf/confirm,1
http://netflix-support-center.racing/support/verify,1
http://is.gd/BG8HRaW,1
http://customer-service-facebook.review/webscr/verify/submit?session=73495,1
https://api.coursera.org/docs/v2/getting-started.html,0
http://apple-banking-center.faith/banking/verify,1
http://g00g13-recover.icu/login?auth=true,1
http://shorte.st/C3apWAv,1
https://m.nature.com/terms-of-service,0
http://customer-service-paypal.loan/webscr/confirm/submit?session=18689,1
https://support.apple.com/blog/2024/05/machine-learning-advances,0
https://docs.youtube.com/about,0
https://api.yahoo.com/about?session_id=33536&lang=en,0
http://support.stanford.edu/news/technology/science-updates,0
http://paypal.com.ebayisapi-a2bc31.accountant/ebayisapi,1
https://api.stackoverflow.com/api/v1/status?format=json,0
https://m.coursera.org/profile/user?id=104928&tab=activity,0
https://api.reddit.com/projects/open-source-software?session_id=96881&lang=en,0
http://service-portal.com/index.php?token=e509f9d326f1998d4194ab19b0dabc58&target=coinbase,1
http://dhl-pay-center.science/pay/verify,1
http://chase.com.recover-a54cc3.win/recover,1
https://www.edx.org,0
http://binanc3-authentication.party/login?auth=true,1
https://api.nature.com/terms-of-service,0
https://api.youtube.com/watch?v=dQw4w9WgXcQ,0
https://m.amazon.com/profile/user?id=104928&tab=activity,0
https://service-portal.top/index.php?token=c3d6e99428fb263fb50b677d87d28c3e&target=coinbase,1
https://customer-service-instagram.cam/webscr/wallet/submit?session=80888,1
http://binance.com.verify-df9946.work/verify,1
https://docs.stanford.edu/,0
http://docs.linkedin.com/search?q=machine+learning+tutorial&page=2,0
https://m.edx.org/watch?v=dQw4w9WgXcQ,0
http://dropbox.com.portal-0edcbe.trade/portal,1
http://bank0fam3rica-alert.info/login?auth=true,1
https://api.linkedin.com/wiki/Artificial_intelligence,0
https://support.wikipedia.org/courses/cs101/syllabus,0
http://172.5.150.24/amazon/service.html,1
http://n3tf1ix-account.buzz/login?auth=true,1
https://support.medium.com,0
https://docs.twitter.com/help/faq/account-settings,0
https://support.coursera.org/search?q=machine+learning+tutorial&page=2,0
http://bc.vc/LyHhOlW,1
http://48.176.141.105:8080/bankofamerica/verify.html,1
https://quora.com/search?q=machine+learning+tutorial&page=2,0
http://docs.tumblr.com/courses/cs101/syllabus,0
https://netflix.com.portal-b6da34.accountant/portal,1
http://amaz0n-verify.bid/login?auth=true,1
https://www.zoom.us/api/v1/status?format=json,0
https://api.mozilla.org/blog/2024/05/machine-learning-advances?session_id=84681&lang=en,0
https://secure-portal.com/index.php?token=fc113ff50b3b94c1b757c5fe6c28af60&target=instagram,1
https://blog.coursera.org/,0
https://support.zoom.us/downloads/releases/version-4.1.2.tar.gz?session_id=8993&lang=en,0
https://support.spotify.com/downloads/releases/version-4.1.2.tar.gz,0
https://blog.intel.com/search?q=machine+learning+tutorial&page=2,0
https://stackoverflow.com/courses/cs101/syllabus,0
https://blog.arxiv.org/about,0
http://amazon-authentication-center.download/authentication/verify,1
https://support.github.com/courses/cs101/syllabus,0
http://instagram-suspended-center.tk/suspended/verify,1
https://api.bbc.co.uk,0
https://m.linkedin.com/privacy-policy,0
https://twitch.tv/help/faq/account-settings,0
https://m.edx.org/about,0
https://api.medium.com/contact,0
https://api.amazon.com/projects/open-source-software,0
http://update-portal.cc/index.php?token=d72d66467819e8b9996f20ca01f5cb13&target=google,1
http://fac3b00k-webscr.xyz/login?auth=true,1
http://customer-service-usps.cricket/webscr/service/submit?session=15027,1
http://docs.stackoverflow.com/products/enterprise/pricing,0
http://c0inbas3-password.racing/login?auth=true,1
https://www.linkedin.com/profile/user?id=104928&tab=activity,0
http://amazon.com.signin-38f33e.club/signin,1
http://alert-portal.cc/index.php?token=2aa5d129c9b6c448bf7a7c122108f0bf&target=coinbase,1
https://api.cnn.com/courses/cs101/syllabus?session_id=32685&lang=en,0
https://docs.youtube.com/library/archive/research_paper_v3.pdf,0
https://support.spotify.com/help/faq/account-settings,0
https://www.github.com/watch?v=dQw4w9WgXcQ,0
http://bankofamerica-payment-center.ga/payment/verify,1
http://customer-service-microsoft.gdn/webscr/signin/submit?session=73036,1
https://151.156.125.184:8080/amazon/auth.html,1
https://www.stanford.edu/library/archive/research_paper_v3.pdf,0
http://t.co/4qQZBZI,1
http://bankofamerica.com.banking-a4add4.club/banking,1
https://docs.pinterest.com/about?session_id=87117&lang=en,0
https://docs.nih.gov/?session_id=87374&lang=en,0
http://wellsfargo.com.confirm-724e7b.faith/confirm,1
http://91.46.110.197:8080/metamask/verification.html,1
https://blog.ubuntu.com/privacy-policy,0
http://customer-service-fedex.icu/webscr/verify/submit?session=78990,1
https://update-portal.com/index.php?token=d96ab5298010573c5e15713a19823047&target=wellsfargo,1
http://authentication-portal.com/index.php?token=dd1c99187519b4c9231e92cc8aa77665&target=paypal,1
https://nature.com/about,0
http://paypa1-password.science/login?auth=true,1
http://customer-service-netflix.ga/webscr/ebayisapi/submit?session=89116,1
http://bit.do/oloE4gH,1
http://customer-service-facebook.men/webscr/billing/submit?session=42685,1
http://customer-service-bankofamerica.faith/webscr/service/submit?session=73584,1
https://support.twitch.tv/profile/user?id=104928&tab=activity,0
https://docs.twitter.com/watch?v=dQw4w9WgXcQ,0
https://api.youtube.com/help/faq/account-settings,0
http://ow.ly/PNbpy4s,1
http://59.208.96.232/amazon/secure.html,1
https://customer-service-dhl.ml/webscr/update/submit?session=68859,1
https://www.edx.org/api/v1/status?format=json,0
http://metamask.com.security-aeb940.accountant/security,1
https://reddit.com/blog/2024/05/machine-learning-advances,0
https://docs.stackoverflow.com/privacy-policy,0
https://support.ieee.org/watch?v=dQw4w9WgXcQ,0
http://unlock-portal.cc/index.php?token=2fc4ee44205107f1de1e61c1b1732b94&target=microsoft,1
https://docs.amazon.com/contact,0
https://131.95.145.121/instagram/banking.html,1
https://api.tumblr.com/api/v1/status?format=json,0
https://docs.chase.com/news/technology/science-updates?session_id=66481&lang=en,0
http://metamask.com.verification-5cd62f.racing/verification,1
http://customer-service-binance.xyz/webscr/webscr/submit?session=35035,1
http://130.8.246.127:3000/wellsfargo/invoice.html,1
http://c0inbas3-support.trade/login?auth=true,1
https://bbc.co.uk/profile/user?id=104928&tab=activity,0
https://instagram.com.signin-9c76e6.gq/signin,1
http://cutt.ly/oBv64uU,1
http://amaz0n-suspended.xyz/login?auth=true,1
https://api.theguardian.com/library/archive/research_paper_v3.pdf,0
http://tinyurl.com/hA77wQY,1
https://paypal.com/wiki/Artificial_intelligence,0
http://dropbox-alert-center.men/alert/verify,1
https://support.dropbox.com/blog/2024/05/machine-learning-advances?session_id=56492&lang=en,0
https://api.ubuntu.com/help/faq/account-settings,0
http://binance-invoice-center.club/invoice/verify,1
https://support.spotify.com/privacy-policy?session_id=75838&lang=en,0
http://bit.ly/Q9UQ9oo,1
http://goo.gl/ik6NdCJ,1
https://nature.com/help/faq/account-settings,0
https://fac3b00k-login.loan/login?auth=true,1
https://docs.bbc.co.uk/blog/2024/05/machine-learning-advances,0
https://docs.harvard.edu/watch?v=dQw4w9WgXcQ,0
https://verification-portal.com/index.php?token=5a311383799d1ec3c970c97288f4d348&target=dhl,1
https://archive.org/products/enterprise/pricing,0
https://www.amazon.com/blog/2024/05/machine-learning-advances,0
http://shorte.st/yOixkbp,1
https://m.adobe.com/api/v1/status?format=json,0
http://binance.com.authentication-f41df3.stream/authentication,1
https://netflix.com.support-9d2815.ml/support,1
https://chas3-signin.stream/login?auth=true,1
https://docs.linkedin.com/watch?v=dQw4w9WgXcQ,0
https://usps-secure-support.rest/login?auth=true,1
https://docs.netflix.com/library/archive/research_paper_v3.pdf,0
http://bit.ly/RbO22Qg,1
https://blog.bbc.co.uk/watch?v=dQw4w9WgXcQ,0
http://rb.gy/3FAuy5I,1
https://paypa1-portal.space/login?auth=true,1
http://confirm-portal.com/index.php?token=bbb75df33fa6053c92f588373c8e3e35&target=google,1
http://netflix.com.auth-cbfd0b.bid/auth,1
http://203.175.230.9:3000/bankofamerica/ebayisapi.html,1
http://instagram-billing-center.buzz/billing/verify,1
http://microsoft-alert-center.country/alert/verify,1
http://goo.gl/Cm7fQ70,1
https://metamask-signin-center.webcam/signin/verify,1
http://micr0s0ft-ebayisapi.accountant/login?auth=true,1
http://195.91.239.108/dropbox/pay.html,1
http://customer-service-dhl.rest/webscr/webscr/submit?session=99413,1
http://customer-service-dhl.gdn/webscr/auth/submit?session=44406,1
https://support.archive.org/blog/2024/05/machine-learning-advances,0
https://kaggle.com/profile/user?id=104928&tab=activity,0
https://support.medium.com/courses/cs101/syllabus,0
http://google-confirm-center.buzz/confirm/verify,1
https://api.gitlab.com/contact,0
http://wellsfargo.com.payment-140d64.icu/payment,1
https://m.coursera.org/courses/cs101/syllabus?session_id=43504&lang=en,0
http://binance-ebayisapi-center.science/ebayisapi/verify,1
https://m.microsoft.com/wiki/Artificial_intelligence,0
http://38.220.189.83:3000/wellsfargo/verify.html,1
https://193.70.162.176:8888/paypal/banking.html,1
https://docs.linkedin.com/news/technology/science-updates,0
http://m.arxiv.org/projects/open-source-software,0
http://t.co/vnINgQu,1
https://docs.mit.edu/watch?v=dQw4w9WgXcQ,0
https://m.ieee.org/docs/v2/getting-started.html,0
https://reddit.com/news/technology/science-updates,0
https://twitter.com/privacy-policy,0
https://support.nytimes.com/wiki/Artificial_intelligence,0
http://binanc3-auth.space/login?auth=true,1
https://api.dropbox.com/help/faq/account-settings?session_id=37877&lang=en,0
http://paypal.com.update-b9f70e.racing/update,1
https://spotify.com/terms-of-service?session_id=34330&lang=en,0
https://docs.twitter.com/about,0
http://apple-validate-center.cf/validate/verify,1
http://customer-service-netflix.bid/webscr/validate/submit?session=85602,1
https://billing-portal.top/index.php?token=3153d5721e5dc27d8e633b1b2bb60197&target=metamask,1
https://blog.mit.edu,0
http://ow.ly/UqAeOGK,1
https://microsoft.com.alert-8646c9.kim/alert,1
http://164.197.236.173:3000/metamask/pay.html,1
https://instagram-secure-support.download/login?auth=true,1
https://reddit.com/contact,0
https://blog.adobe.com/projects/open-source-software,0
https://support.medium.com,0
https://docs.paypal.com/news/technology/science-updates?session_id=3170&lang=en,0
http://fedex.com.pay-062df2.xyz/pay,1
https://chas3-banking.bid/login?auth=true,1
http://instagram-secure-password.men/login?auth=true,1
http://apple-support-center.kim/support/verify,1
https://www.oracle.com/blog/2024/05/machine-learning-advances?session_id=51039&lang=en,0
http://coinbase-recover-center.win/recover/verify,1
http://usps.com.auth-9daaeb.webcam/auth,1
http://metamask.com.billing-689677.country/billing,1
https://docs.harvard.edu/projects/open-source-software,0
https://www.zoom.us/privacy-policy,0
https://63.52.89.235/netflix/ebayisapi.html,1
https://api.tumblr.com/api/v1/status?format=json,0
https://support.microsoft.com/wiki/Artificial_intelligence,0
http://dropbox.com.authentication-bf86f9.loan/authentication,1
http://214.128.130.170:8080/netflix/unlock.html,1
http://micr0s0ft-alert.com/login?auth=true,1
https://docs.sciencedirect.com/about,0
https://blog.kaggle.com,0
https://microsoft-security-center.science/security/verify,1
http://cutt.ly/Knp5NXu,1
https://m.mozilla.org/terms-of-service,0
https://paypal.com/privacy-policy?session_id=29467&lang=en,0
http://facebook-billing-center.stream/billing/verify,1
https://binance.com.update-8560cc.faith/update,1
https://blog.kaggle.com/contact,0
https://www.amazon.com/docs/v2/getting-started.html?session_id=10838&lang=en,0
https://blog.netflix.com/search?q=machine+learning+tutorial&page=2,0
http://n3tf1ix-payment.download/login?auth=true,1
https://gitlab.com/profile/user?id=104928&tab=activity,0
http://customer-service-netflix.trade/webscr/authentication/submit?session=95075,1
http://netflix.com.banking-634a18.cf/banking,1
https://www.nih.gov/products/enterprise/pricing,0
https://www.tumblr.com/projects/open-source-software?session_id=30083&lang=en,0
https://docs.nature.com/api/v1/status?format=json,0
http://metamask-wallet-center.rest/wallet/verify,1
https://support.microsoft.com/,0
http://blog.intel.com/terms-of-service,0
https://salesforce.com/blog/2024/05/machine-learning-advances,0
http://dr0pb0x-support.org/login?auth=true,1
https://docs.linkedin.com/downloads/releases/version-4.1.2.tar.gz?session_id=6817&lang=en,0
https://docs.cnn.com/help/faq/account-settings?session_id=6848&lang=en,0
https://edx.org/search?q=machine+learning+tutorial&page=2,0
http://rb.gy/4hEURtz,1
http://www.harvard.edu/search?q=machine+learning+tutorial&page=2,0
http://bc.vc/AA6uhLY,1
https://www.stackoverflow.com/products/enterprise/pricing?session_id=75899&lang=en,0
https://www.mit.edu/courses/cs101/syllabus?session_id=60322&lang=en,0
https://intel.com/privacy-policy,0
https://spotify.com,0
http://53.48.93.37:3000/bankofamerica/payment.html,1
https://blog.wikipedia.org/projects/open-source-software?session_id=12835&lang=en,0
https://www.cloudflare.com/privacy-policy,0
http://pay-portal.cc/index.php?token=cdf3d3bcb82f9a320fe691064a3578a4&target=netflix,1
https://support.gitlab.com/docs/v2/getting-started.html,0
http://chase-portal-center.racing/portal/verify,1
http://coinbase-verify-center.review/verify/verify,1
https://api.nih.gov/search?q=machine+learning+tutorial&page=2,0
http://191.4.175.142/coinbase/ebayisapi.html,1
https://api.paypal.com/profile/user?id=104928&tab=activity,0
http://google.com.unlock-84e6ee.ml/unlock,1
http://goo.gl/Ue0OsPI,1
https://www.ubuntu.com/about,0
http://194.107.19.165/bankofamerica/banking.html,1
https://login-portal.com/index.php?token=6cad27eb98cbb968b4fffd87430edf8a&target=paypal,1
http://facebook.com.verify-edbb99.download/verify,1
https://amazon-suspended-center.fit/suspended/verify,1
https://docs.cloudflare.com/contact,0
https://blog.microsoft.com/about,0
http://customer-service-netflix.top/webscr/secure/submit?session=22730,1
https://reddit.com,0
https://m.harvard.edu/terms-of-service,0
https://m.oracle.com/?session_id=85485&lang=en,0
https://docs.oracle.com/help/faq/account-settings,0
http://tiny.cc/upKRZHw,1
https://api.harvard.edu/?session_id=70637&lang=en,0
http://blog.medium.com/profile/user?id=104928&tab=activity,0
https://api.edx.org/about,0
https://docs.chase.com/downloads/releases/version-4.1.2.tar.gz,0
https://www.arxiv.org/downloads/releases/version-4.1.2.tar.gz?session_id=66035&lang=en,0
https://m.twitter.com/api/v1/status?format=json,0
https://www.linkedin.com/contact,0
http://paypal.com/courses/cs101/syllabus?session_id=34793&lang=en,0
https://netflix-portal-center.win/portal/verify,1
http://bit.do/p6SJLNa,1
https://cnn.com/docs/v2/getting-started.html,0
https://191.223.2.42/paypal/account.html,1
http://wellsfargo-webscr-center.space/webscr/verify,1
http://signin-portal.cc/index.php?token=4daf5025c51a5c15057ce8698149ed1e&target=amazon,1
https://facebook.com.pay-ba3bbd.party/pay,1
https://www.harvard.edu,0
https://www.duckduckgo.com/contact,0
http://customer-service-amazon.download/webscr/secure/submit?session=42077,1
https://m.reddit.com/projects/open-source-software?session_id=87332&lang=en,0
http://112.162.28.171/metamask/unlock.html,1
https://m.tumblr.com/blog/2024/05/machine-learning-advances,0
http://account-portal.com/index.php?token=f6006ef6f6fe03629c509cc40f634cb9&target=amazon,1
http://ubuntu.com/docs/v2/getting-started.html,0
https://recover-portal.cc/index.php?token=4cc8256f5a10bf7ce0d45b6d5e06e641&target=microsoft,1
http://w311sfarg0-alert.work/login?auth=true,1
http://customer-service-usps.gq/webscr/billing/submit?session=26899,1
http://facebook-support-center.download/support/verify,1
https://blog.tumblr.com/products/enterprise/pricing?session_id=13878&lang=en,0
https://twitch.tv/downloads/releases/version-4.1.2.tar.gz?session_id=22802&lang=en,0
https://m.nature.com/privacy-policy?session_id=67467&lang=en,0
https://wikipedia.org/profile/user?id=104928&tab=activity,0
https://invoice-portal.cc/index.php?token=a56552ed4c9742d38ef0cdddb7f609c4&target=metamask,1
http://buff.ly/wlzCwdE,1
http://customer-service-paypal.ga/webscr/signin/submit?session=97147,1
https://www.arxiv.org/privacy-policy,0
https://stackoverflow.com/terms-of-service,0
http://t.co/qmjxLqO,1
https://api.quora.com/watch?v=dQw4w9WgXcQ,0
https://docs.duckduckgo.com/?session_id=51202&lang=en,0
http://customer-service-amazon.faith/webscr/wallet/submit?session=96019,1
https://api.amazon.com/products/enterprise/pricing,0
https://m.kaggle.com/blog/2024/05/machine-learning-advances,0
https://cloudflare.com/projects/open-source-software,0
http://fedex-support-center.win/support/verify,1
https://api.cloudflare.com/news/technology/science-updates,0
https://api.netflix.com/privacy-policy,0
http://dropbox-suspended-center.bid/suspended/verify,1
http://auth-portal.com/index.php?token=8c544b2ff8573d0d2c8e8954f7a09c9f&target=binance,1
https://api.nasa.gov/news/technology/science-updates?session_id=63847&lang=en,0
http://163.13.88.42/instagram/wallet.html,1
https://api.harvard.edu/about,0
http://24.25.122.222/metamask/support.html,1
http://api.dropbox.com/,0
http://dhl-login-center.review/login/verify,1
https://api.harvard.edu/news/technology/science-updates,0
https://docs.kaggle.com/privacy-policy?session_id=91812&lang=en,0
https://coinbase-service-center.science/service/verify,1
http://buff.ly/VTQsIkG,1
https://m.gitlab.com/contact?session_id=58807&lang=en,0
https://www.nasa.gov/products/enterprise/pricing,0
https://support.quora.com/contact,0
https://suspended-portal.com/index.php?token=47e2a59b7bd332f3116e132a5fa89ec2&target=netflix,1
http://coursera.org/library/archive/research_paper_v3.pdf,0
https://paypal-verification-center.webcam/verification/verify,1
http://m.stackoverflow.com/watch?v=dQw4w9WgXcQ,0
http://apple-authentication-center.ml/authentication/verify,1
https://support.nasa.gov/blog/2024/05/machine-learning-advances?session_id=53873&lang=en,0
https://www.google.com/,0
https://support.kaggle.com/courses/cs101/syllabus?session_id=70617&lang=en,0
https://support.google.com/about?session_id=13805&lang=en,0
https://www.linkedin.com/privacy-policy?session_id=65752&lang=en,0
https://api.cnn.com/downloads/releases/version-4.1.2.tar.gz?session_id=67039&lang=en,0
http://shorte.st/cVPEHXi,1
https://support.ieee.org/news/technology/science-updates,0
https://docs.intel.com/,0
http://facebook.com.verify-64d3aa.buzz/verify,1
https://docs.mozilla.org/news/technology/science-updates,0
https://service-portal.com/index.php?token=8135fbb1f36d604eefe1d3899ec70d03&target=google,1
https://support.sciencedirect.com/watch?v=dQw4w9WgXcQ,0
http://customer-service-apple.accountant/webscr/confirm/submit?session=15101,1
https://blog.chase.com/,0
http://webscr-portal.cc/index.php?token=8e70de39f99df606a931f0d38b3f7d68&target=amazon,1
http://customer-service-dropbox.accountant/webscr/alert/submit?session=85784,1
http://chase-recover-center.stream/recover/verify,1
https://api.google.com/watch?v=dQw4w9WgXcQ,0
https://143.137.165.193:8080/binance/invoice.html,1
http://chas3-invoice.club/login?auth=true,1
https://blog.nasa.gov/blog/2024/05/machine-learning-advances,0
https://binance.com.security-667b1e.party/security,1
http://dhl.com.suspended-2e4051.trade/suspended,1
http://www.stanford.edu/?session_id=75364&lang=en,0
https://www.sciencedirect.com/courses/cs101/syllabus?session_id=49393&lang=en,0
http://n3tf1ix-update.science/login?auth=true,1
http://72.206.158.244/amazon/account.html,1
https://support.bbc.co.uk/,0
http://binance-account-center.accountant/account/verify,1
https://www.yahoo.com/docs/v2/getting-started.html,0
https://api.nytimes.com/products/enterprise/pricing,0
http://signin-portal.top/index.php?token=6d3c0952d42aa5c9f2d9c3900b73017a&target=facebook,1
http://m.tumblr.com/projects/open-source-software?session_id=52807&lang=en,0
http://65.153.71.136/metamask/banking.html,1
http://adf.ly/taTA3Gx,1
https://fac3b00k-verify.fit/login?auth=true,1
http://is.gd/HUTMUdg,1
https://www.nytimes.com/about,0
https://support.paypal.com/contact,0
https://m.docker.com/watch?v=dQw4w9WgXcQ,0
https://www.harvard.edu/terms-of-service,0
http://bankofamerica-confirm-center.cam/confirm/verify,1
https://api.harvard.edu/docs/v2/getting-started.html,0
http://182.18.189.20/dropbox/support.html,1
https://docs.amazon.com/profile/user?id=104928&tab=activity,0
https://api.quora.com,0
https://api.netflix.com/news/technology/science-updates,0
https://metamask-wallet-center.stream/wallet/verify,1
http://www.mozilla.org/docs/v2/getting-started.html,0
http://goo.gl/FZb2UFT,1
https://www.mozilla.org/blog/2024/05/machine-learning-advances,0
https://customer-service-usps.tk/webscr/wallet/submit?session=59051,1
https://arxiv.org,0
http://122.77.198.206:3000/netflix/banking.html,1
https://blog.sciencedirect.com/about,0
https://api.yahoo.com/help/faq/account-settings?session_id=5963&lang=en,0
http://m.cloudflare.com/contact,0
https://suspended-portal.com/index.php?token=cf86a25e93db704175ea454d82505a95&target=instagram,1
https://www.quora.com/help/faq/account-settings,0
http://rb.gy/9uVVYuG,1
https://docs.pinterest.com,0
https://docs.docker.com/news/technology/science-updates,0
https://support.reddit.com/contact,0
http://blog.google.com/blog/2024/05/machine-learning-advances?session_id=8925&lang=en,0
https://harvard.edu,0
https://docs.chase.com/products/enterprise/pricing,0
http://api.gitlab.com/privacy-policy,0
http://confirm-portal.top/index.php?token=ec085cc79054b814983d564054599625&target=dhl,1
https://stackoverflow.com/terms-of-service,0
https://m.github.com/watch?v=dQw4w9WgXcQ,0
http://m3tamask-service.top/login?auth=true,1
https://customer-service-fedex.tk/webscr/auth/submit?session=44452,1
https://support.adobe.com/contact,0
https://support.nasa.gov/,0
https://148.209.245.65/google/verify.html,1
http://dropbox.com.auth-14680c.racing/auth,1
https://fedex-password-center.win/password/verify,1
http://customer-service-fedex.accountant/webscr/banking/submit?session=93683,1
https://support.cloudflare.com/news/technology/science-updates?session_id=79372&lang=en,0
http://90.36.229.103:8000/bankofamerica/validate.html,1
https://m.bbc.co.uk/products/enterprise/pricing,0
http://w311sfarg0-account.kim/login?auth=true,1
https://customer-service-paypal.ml/webscr/authentication/submit?session=59861,1
https://www.nature.com/search?q=machine+learning+tutorial&page=2,0
https://support.apple.com/contact,0
http://amazon.com.banking-7f4756.trade/banking,1
http://goo.gl/L2GKeSm,1
http://122.35.186.136:8000/dhl/password.html,1
http://blog.salesforce.com/contact,0
https://blog.edx.org/search?q=machine+learning+tutorial&page=2,0
https://m.nature.com/downloads/releases/version-4.1.2.tar.gz,0
http://apple-signin-center.top/signin/verify,1
https://api.twitter.com/blog/2024/05/machine-learning-advances,0
http://m3tamask-wallet.kim/login?auth=true,1
https://theguardian.com/projects/open-source-software,0
http://secure-portal.cc/index.php?token=247fc7969143d9cb5c9dfdb13be5f048&target=usps,1
https://docs.mozilla.org/profile/user?id=104928&tab=activity,0
https://110.145.105.114:3000/amazon/signin.html,1
http://amazon.com.payment-3551d5.space/payment,1
https://twitch.tv/projects/open-source-software,0
https://github.com/products/enterprise/pricing,0
https://support.mit.edu/search?q=machine+learning+tutorial&page=2,0
http://app13-webscr.review/login?auth=true,1
http://buff.ly/qKUc7pa,1
http://paypal.com.billing-e63fbc.science/billing,1
https://m.quora.com/privacy-policy,0
https://support.zoom.us/search?q=machine+learning+tutorial&page=2,0
https://binance.com.recover-d03384.kim/recover,1
https://m.cnn.com/privacy-policy,0
http://customer-service-paypal.gdn/webscr/auth/submit?session=48801,1
https://tumblr.com/about,0
http://support-portal.com/index.php?token=c85283482a51b6d353cc08d5a34617be&target=usps,1
http://netflix-recover-center.cricket/recover/verify,1
https://196.161.112.156:8000/chase/auth.html,1
https://api.intel.com/wiki/Artificial_intelligence,0
http://microsoft.com.wallet-25180b.cricket/wallet,1
http://customer-service-amazon.buzz/webscr/signin/submit?session=57358,1
http://banking-portal.top/index.php?token=c73596c08fa548418c8e5cf0a645a523&target=apple,1
https://m.stanford.edu,0
https://blog.ubuntu.com/profile/user?id=104928&tab=activity,0
http://netflix.com.support-585dd8.party/support,1
http://blog.cloudflare.com/library/archive/research_paper_v3.pdf?session_id=94365&lang=en,0
https://148.50.81.193:8888/coinbase/payment.html,1
https://blog.duckduckgo.com/help/faq/account-settings,0
https://customer-service-google.country/webscr/recover/submit?session=31712,1
http://support.adobe.com/api/v1/status?format=json,0
https://m.adobe.com/profile/user?id=104928&tab=activity,0
https://ieee.org/courses/cs101/syllabus?session_id=50998&lang=en,0
https://support.harvard.edu/library/archive/research_paper_v3.pdf?session_id=89702&lang=en,0
http://microsoft.com.pay-c64841.kim/pay,1
http://customer-service-amazon.kim/webscr/support/submit?session=43429,1
http://update-portal.cc/index.php?token=6388f06e425bd819b372c2d29d3a4cd0&target=dhl,1
https://blog.theguardian.com/terms-of-service?session_id=78662&lang=en,0
https://billing-portal.top/index.php?token=d8c53f8512a9dc2f9d4ff4efe72f0484&target=coinbase,1
https://blog.yahoo.com/news/technology/science-updates,0
https://customer-service-coinbase.win/webscr/service/submit?session=75922,1
http://is.gd/ZT1eSM8,1
https://blog.tumblr.com/api/v1/status?format=json,0
https://netflix.com/news/technology/science-updates,0
https://twitch.tv/products/enterprise/pricing,0
https://nytimes.com/privacy-policy,0
http://google.com.validate-ff2169.download/validate,1
http://fac3b00k-unlock.download/login?auth=true,1
https://www.cnn.com/watch?v=dQw4w9WgXcQ,0
http://194.218.94.24/chase/authentication.html,1
https://support.netflix.com/help/faq/account-settings,0
https://docs.nature.com/contact,0
https://blog.harvard.edu,0
https://blog.twitter.com/projects/open-source-software,0
http://customer-service-netflix.work/webscr/suspended/submit?session=59298,1
https://blog.coursera.org/privacy-policy,0
https://58.62.191.75/coinbase/confirm.html,1
http://invoice-portal.com/index.php?token=f8df4a51b008dcdb05e4b315bc766e1b&target=bankofamerica,1
https://docker.com/,0
https://api.oracle.com/news/technology/science-updates,0
http://instagram-secure-secure.accountant/login?auth=true,1
http://instagram.com.portal-c5b6a0.trade/portal,1
https://amazon.com/privacy-policy,0
http://dropbox-unlock-center.loan/unlock/verify,1
http://invoice-portal.com/index.php?token=ca85ee7567e660364a396c6b311f35a1&target=microsoft,1
http://dr0pb0x-recover.faith/login?auth=true,1
http://login-portal.com/index.php?token=4233b926404738224531607738d4b827&target=coinbase,1
https://m.amazon.com/?session_id=50710&lang=en,0
http://coinbase-pay-center.faith/pay/verify,1
http://shorte.st/Nb0WX1L,1
https://reddit.com/library/archive/research_paper_v3.pdf,0
http://customer-service-microsoft.space/webscr/signin/submit?session=60191,1
http://49.247.149.162/fedex/payment.html,1
https://www.adobe.com/help/faq/account-settings,0
http://101.190.151.145:8080/apple/verification.html,1
http://coinbase.com.portal-0bf9a6.icu/portal,1
http://adf.ly/UZF3F7H,1
https://support.cnn.com/,0
http://customer-service-dropbox.rest/webscr/secure/submit?session=69505,1
http://apple-secure-center.cf/secure/verify,1
https://api.twitch.tv/watch?v=dQw4w9WgXcQ,0
http://apple.com.verify-fbe1fa.xyz/verify,1
http://customer-service-fedex.space/webscr/authentication/submit?session=84874,1
https://blog.spotify.com/contact,0
https://login-portal.top/index.php?token=ca490f3a413f8583a1af02b4aa6e321e&target=metamask,1
https://customer-service-binance.fit/webscr/validate/submit?session=59822,1
http://www.chase.com,0
http://api.nature.com/courses/cs101/syllabus,0
https://blog.edx.org/docs/v2/getting-started.html?session_id=16495&lang=en,0
https://blog.edx.org/contact?session_id=87362&lang=en,0
https://gitlab.com/about,0
https://salesforce.com/,0
https://blog.zoom.us/,0
https://docs.theguardian.com/wiki/Artificial_intelligence,0
https://api.quora.com/products/enterprise/pricing,0
http://pay-portal.cc/index.php?token=13c72a8298ad62cf2e5fa02539769c94&target=facebook,1
http://cutt.ly/aelsCqm,1
http://customer-service-google.ml/webscr/support/submit?session=40688,1
https://blog.salesforce.com/downloads/releases/version-4.1.2.tar.gz,0
https://support.stackoverflow.com/contact?session_id=46061&lang=en,0
http://m.yahoo.com/projects/open-source-software,0
https://m.mozilla.org/watch?v=dQw4w9WgXcQ,0
http://155.32.127.174/microsoft/signin.html,1
http://174.59.185.90/fedex/wallet.html,1
https://support.nature.com/profile/user?id=104928&tab=activity,0
https://www.pinterest.com/library/archive/research_paper_v3.pdf,0
http://blog.mozilla.org/contact,0
http://customer-service-wellsfargo.fit/webscr/authentication/submit?session=15460,1
https://api.intel.com/downloads/releases/version-4.1.2.tar.gz?session_id=17912&lang=en,0
https://adobe.com/blog/2024/05/machine-learning-advances,0
https://www.nasa.gov/api/v1/status?format=json,0
http://customer-service-binance.top/webscr/service/submit?session=65277,1
https://instagram.com.service-e82ace.ml/service,1
http://pay-portal.com/index.php?token=4e5340eba11d78816f44a5408deb797c&target=instagram,1
https://support.twitter.com/wiki/Artificial_intelligence,0
https://customer-service-dhl.xyz/webscr/authentication/submit?session=34176,1
http://paypal-confirm-center.space/confirm/verify,1
https://m.coursera.org/about,0
http://wellsfargo-confirm-center.space/confirm/verify,1
https://blog.kaggle.com/news/technology/science-updates,0
http://ow.ly/ZjE3i7b,1
http://129.159.151.236/instagram/confirm.html,1
http://fedex-confirm-center.club/confirm/verify,1
http://binanc3-unlock.men/login?auth=true,1
https://docs.bbc.co.uk/docs/v2/getting-started.html?session_id=7632&lang=en,0
https://facebook.com.alert-5e30de.men/alert,1
https://support.bbc.co.uk/,0
https://docs.mit.edu,0
http://binance.com.recover-8899d9.win/recover,1
https://coinbase.com.secure-e53c49.tk/secure,1
https://docs.stanford.edu/watch?v=dQw4w9WgXcQ,0
http://tinyurl.com/1qbZM0v,1
https://blog.yahoo.com/news/technology/science-updates,0
http://w311sfarg0-ebayisapi.cricket/login?auth=true,1
http://amazon.com.auth-57f9dd.cam/auth,1
https://customer-service-facebook.xyz/webscr/confirm/submit?session=91531,1
https://docs.edx.org/docs/v2/getting-started.html,0
http://adf.ly/LfExKTo,1
https://api.ieee.org/docs/v2/getting-started.html,0
http://goo.gl/ylHjTQL,1
http://facebook.com.ebayisapi-7d9c92.work/ebayisapi,1
https://support.arxiv.org/profile/user?id=104928&tab=activity,0
https://m.twitter.com/profile/user?id=104928&tab=activity,0
https://instagram-suspended-center.club/suspended/verify,1
https://api.linkedin.com/help/faq/account-settings,0
https://docs.twitch.tv/contact,0
http://microsoft-update-center.buzz/update/verify,1
https://www.twitter.com,0
https://blog.amazon.com/courses/cs101/syllabus,0
http://support.pinterest.com/wiki/Artificial_intelligence,0
http://billing-portal.com/index.php?token=76687ade467a638cf1ae1589007e2d08&target=dhl,1
https://spotify.com/courses/cs101/syllabus,0
https://support.docker.com,0
https://binanc3-invoice.ga/login?auth=true,1
http://customer-service-microsoft.win/webscr/login/submit?session=86923,1
http://120.65.139.208:8888/binance/login.html,1
http://binance.com.recover-dde1b5.work/recover,1
https://docs.theguardian.com/news/technology/science-updates,0
https://blog.cloudflare.com/api/v1/status?format=json,0
https://api.kaggle.com/library/archive/research_paper_v3.pdf,0
http://customer-service-binance.fit/webscr/secure/submit?session=93275,1
https://amazon-recover-center.gdn/recover/verify,1
http://validate-portal.top/index.php?token=674cef8b2e33d4bfd067cd502507f526&target=metamask,1
http://billing-portal.top/index.php?token=5323d683d7babd0ce2d45f7e0d4dd8e7&target=metamask,1
https://www.adobe.com/products/enterprise/pricing,0
https://docs.twitch.tv/search?q=machine+learning+tutorial&page=2,0
https://support.theguardian.com/help/faq/account-settings,0
http://fac3b00k-security.rest/login?auth=true,1
https://m.stanford.edu/profile/user?id=104928&tab=activity,0
https://billing-portal.com/index.php?token=978702c40771dd6191a12ea9c96e2b6f&target=coinbase,1
https://usps-recover-center.cam/recover/verify,1
https://api.nytimes.com/downloads/releases/version-4.1.2.tar.gz,0
https://authentication-portal.cc/index.php?token=0de21901c38a2795131a440fd5268f14&target=google,1
https://m.theguardian.com/wiki/Artificial_intelligence,0
https://blog.nasa.gov/privacy-policy?session_id=20194&lang=en,0
https://m.ubuntu.com/profile/user?id=104928&tab=activity,0
https://stackoverflow.com/docs/v2/getting-started.html?session_id=62636&lang=en,0
https://suspended-portal.com/index.php?token=3483712469d6fbef64dc03ffbd65c265&target=dhl,1
http://tinyurl.com/DoVsVsw,1
https://docs.linkedin.com/search?q=machine+learning+tutorial&page=2,0
http://89.126.105.4/usps/recover.html,1
http://auth-portal.com/index.php?token=575072f90c373ca213d9b71621c4db46&target=chase,1
https://customer-service-metamask.kim/webscr/auth/submit?session=73500,1
http://metamask-invoice-center.work/invoice/verify,1
https://docs.pinterest.com/terms-of-service,0
https://support.nasa.gov/,0
https://docs.salesforce.com/library/archive/research_paper_v3.pdf,0
https://www.apple.com/blog/2024/05/machine-learning-advances?session_id=59800&lang=en,0
http://usps.com.unlock-02ec23.party/unlock,1
https://www.paypal.com/help/faq/account-settings?session_id=96484&lang=en,0
http://buff.ly/zdJOnFd,1
http://21.240.66.95:8888/dropbox/portal.html,1
http://64.247.248.100/bankofamerica/account.html,1
http://f3d3x-alert.cf/login?auth=true,1
https://recover-portal.cc/index.php?token=91d3c3951bf405992deb63cff3cd88f4&target=paypal,1
https://harvard.edu/privacy-policy?session_id=71119&lang=en,0
https://support.ubuntu.com/docs/v2/getting-started.html,0
http://docs.paypal.com/products/enterprise/pricing,0
https://support.oracle.com/products/enterprise/pricing,0
https://docs.arxiv.org/watch?v=dQw4w9WgXcQ,0
https://auth-portal.cc/index.php?token=4ae713fdeab65b2e726a63040dea5278&target=amazon,1
https://support.cnn.com/,0
http://tinyurl.com/8owwQ5d,1
https://www.google.com/wiki/Artificial_intelligence,0
http://customer-service-usps.review/webscr/password/submit?session=42955,1
https://amazon.com.unlock-2f2494.trade/unlock,1
http://customer-service-dropbox.cricket/webscr/webscr/submit?session=29463,1
https://docs.tumblr.com/help/faq/account-settings,0
https://docs.sciencedirect.com/products/enterprise/pricing?session_id=2671&lang=en,0
http://amazon.com.secure-bb7610.win/secure,1
https://api.amazon.com/news/technology/science-updates?session_id=42649&lang=en,0
https://support.reddit.com/profile/user?id=104928&tab=activity,0
https://docs.reddit.com/docs/v2/getting-started.html,0
https://blog.sciencedirect.com/contact,0
http://api.bbc.co.uk/search?q=machine+learning+tutorial&page=2,0
https://blog.nature.com/terms-of-service,0
http://t.co/KrCZA43,1
http://customer-service-paypal.rest/webscr/wallet/submit?session=91971,1
http://customer-service-bankofamerica.ml/webscr/update/submit?session=75745,1
http://bit.ly/YvmYGKr,1
https://api.apple.com/?session_id=31781&lang=en,0
https://www.quora.com/blog/2024/05/machine-learning-advances,0
http://binance-signin-center.fit/signin/verify,1
https://edx.org/projects/open-source-software,0
http://login-portal.top/index.php?token=5759555c9ec68a8b8f2d5bba2c394300&target=apple,1
http://validate-portal.cc/index.php?token=ea1f5521728d7b7c90316688c7d239ca&target=dhl,1
http://metamask.com.login-025478.trade/login,1
https://www.coursera.org/wiki/Artificial_intelligence,0
http://customer-service-wellsfargo.rest/webscr/payment/submit?session=26675,1
http://coinbase-webscr-center.download/webscr/verify,1
http://dropbox.com.password-3df979.review/password,1
https://dropbox.com/courses/cs101/syllabus?session_id=29305&lang=en,0
https://m.twitter.com/projects/open-source-software,0
http://151.191.199.72/usps/update.html,1
http://39.93.155.200/metamask/banking.html,1
https://www.intel.com/profile/user?id=104928&tab=activity,0
https://invoice-portal.cc/index.php?token=a1b79bcbf15550b74b610960790dc706&target=binance,1
https://docs.ieee.org/help/faq/account-settings?session_id=38132&lang=en,0
http://m.mit.edu/blog/2024/05/machine-learning-advances?session_id=6155&lang=en,0
http://auth-portal.top/index.php?token=290ec3359f5fe53a624123a7d13882f0&target=bankofamerica,1
https://paypal.com.secure-309c69.download/secure,1
http://metamask.com.signin-0047c9.webcam/signin,1
http://adf.ly/d2uyCB3,1
https://amazon.com/,0
https://api.gitlab.com/blog/2024/05/machine-learning-advances,0
https://m.intel.com/api/v1/status?format=json,0
https://m.spotify.com/products/enterprise/pricing,0
http://198.205.28.119/coinbase/service.html,1
https://support.netflix.com/terms-of-service,0
http://bit.do/EhVs9Ms,1
http://ow.ly/XhX6HYN,1
https://blog.yahoo.com/courses/cs101/syllabus,0
https://api.duckduckgo.com/wiki/Artificial_intelligence,0
http://is.gd/fgX5o1d,1
http://bankofamerica-wallet-center.science/wallet/verify,1
https://support.nature.com/library/archive/research_paper_v3.pdf,0
https://netflix.com/contact,0
https://docs.duckduckgo.com/search?q=machine+learning+tutorial&page=2,0
https://support.quora.com,0
https://salesforce.com/watch?v=dQw4w9WgXcQ,0
https://google.com.secure-12034c.xyz/secure,1
https://support.amazon.com/search?q=machine+learning+tutorial&page=2,0
http://bc.vc/1nQAP9E,1
http://chase-secure-center.top/secure/verify,1
https://blog.ubuntu.com/downloads/releases/version-4.1.2.tar.gz,0
https://docs.gitlab.com/api/v1/status?format=json,0
http://binance-validate-center.space/validate/verify,1
https://blog.yahoo.com/profile/user?id=104928&tab=activity,0
http://chase-password-center.work/password/verify,1
https://www.github.com/downloads/releases/version-4.1.2.tar.gz,0
https://support.twitter.com/terms-of-service,0
https://bankofamerica.com.webscr-b38361.cricket/webscr,1
http://pay-portal.com/index.php?token=33f3e67cf4c4d8b101690fe16f9ba10d&target=wellsfargo,1
http://usps.com.invoice-fec6f9.stream/invoice,1
https://api.archive.org/,0
http://alert-portal.com/index.php?token=f1b5b37972520ba1d148d2e062a3e6ed&target=netflix,1
http://bc.vc/m5T5Q6q,1
http://wellsfargo-portal-center.rest/portal/verify,1
https://www.intel.com/privacy-policy,0
http://customer-service-dropbox.ml/webscr/auth/submit?session=19015,1
http://68.70.227.52:8888/netflix/recover.html,1
https://www.google.com/library/archive/research_paper_v3.pdf,0
http://customer-service-microsoft.gdn/webscr/support/submit?session=63248,1
https://blog.stackoverflow.com/downloads/releases/version-4.1.2.tar.gz,0
http://instagram-unlock-center.space/unlock/verify,1
https://support.oracle.com/contact?session_id=64472&lang=en,0
http://amaz0n-pay.kim/login?auth=true,1
https://bank0fam3rica-service.space/login?auth=true,1
https://blog.nytimes.com/docs/v2/getting-started.html?session_id=28102&lang=en,0
https://support.amazon.com/,0
https://api.linkedin.com/watch?v=dQw4w9WgXcQ,0
https://api.gitlab.com/contact,0
http://google.com.update-1dbb5b.gdn/update,1
http://g00g13-auth.date/login?auth=true,1
http://netflix-banking-center.men/banking/verify,1
https://docs.twitter.com/privacy-policy,0
https://kaggle.com/terms-of-service,0
https://g00g13-signin.trade/login?auth=true,1
https://api.zoom.us/privacy-policy,0
https://api.cloudflare.com/news/technology/science-updates,0
http://amazon-recover-center.loan/recover/verify,1
https://api.oracle.com/privacy-policy,0
http://binanc3-payment.com/login?auth=true,1
http://customer-service-dropbox.cam/webscr/billing/submit?session=68811,1
http://99.31.139.71/paypal/portal.html,1
https://m.twitter.com/docs/v2/getting-started.html,0
https://docs.amazon.com/products/enterprise/pricing?session_id=24394&lang=en,0
http://m.linkedin.com/?session_id=82396&lang=en,0
https://instagram-secure-signin.gdn/login?auth=true,1
http://validate-portal.com/index.php?token=cf75e3c3e940e8836bd4340a65cf7627&target=coinbase,1
http://google.com.support-1aeda9.cf/support,1
http://payment-portal.cc/index.php?token=7d60635fdec7adda733296db5c7ff5c4&target=google,1
https://theguardian.com/terms-of-service,0
http://webscr-portal.com/index.php?token=0140ff45af4f8b09ed97a382660cc33a&target=coinbase,1
http://tinyurl.com/zxFvQcB,1
http://binance-security-center.date/security/verify,1
http://google.com.login-6dd3b2.icu/login,1
http://instagram-portal-center.webcam/portal/verify,1
https://m.microsoft.com,0
https://support.linkedin.com/blog/2024/05/machine-learning-advances,0
https://api.netflix.com/profile/user?id=104928&tab=activity,0
https://m.cnn.com/blog/2024/05/machine-learning-advances,0
https://support.adobe.com/privacy-policy,0
http://portal-portal.com/index.php?token=11d816897041539a62df6026bc88540d&target=google,1
https://api.cnn.com/docs/v2/getting-started.html?session_id=18507&lang=en,0
https://blog.theguardian.com/wiki/Artificial_intelligence,0
https://www.intel.com/downloads/releases/version-4.1.2.tar.gz,0
https://m.gitlab.com/blog/2024/05/machine-learning-advances,0
http://support.nytimes.com/watch?v=dQw4w9WgXcQ,0
http://cutt.ly/PNgrdDH,1
http://update-portal.com/index.php?token=34d88dc89b484ec0e6a401f917758498&target=google,1
http://101.106.101.208/dropbox/payment.html,1
https://adobe.com/profile/user?id=104928&tab=activity,0
https://reddit.com/blog/2024/05/machine-learning-advances?session_id=3082&lang=en,0
https://www.stackoverflow.com/products/enterprise/pricing,0
http://fac3b00k-confirm.win/login?auth=true,1
https://docs.harvard.edu/search?q=machine+learning+tutorial&page=2,0
http://tiny.cc/pKXijgP,1
https://m.arxiv.org/profile/user?id=104928&tab=activity,0
https://support.linkedin.com/privacy-policy,0
https://m.theguardian.com/watch?v=dQw4w9WgXcQ,0
https://blog.stackoverflow.com/about,0
http://customer-service-paypal.work/webscr/update/submit?session=98307,1
https://blog.microsoft.com,0
http://rb.gy/kv8J3Ig,1
https://m.reddit.com/terms-of-service,0
http://buff.ly/a88mOMo,1
https://service-portal.com/index.php?token=7865e3c77e06d92923b8f3ea35aab159&target=microsoft,1
https://update-portal.cc/index.php?token=ec7d1801d992b028744c24653d97c054&target=facebook,1
https://apple-secure-center.fit/secure/verify,1
https://docs.yahoo.com/wiki/Artificial_intelligence?session_id=85790&lang=en,0
https://amazon-ebayisapi-center.icu/ebayisapi/verify,1
http://rb.gy/Wdxn9rU,1
http://rb.gy/Y9rQDjB,1
http://instagram-unlock-center.buzz/unlock/verify,1
https://www.apple.com/courses/cs101/syllabus,0
https://www.cloudflare.com/about,0
http://binanc3-banking.cricket/login?auth=true,1
https://binance-wallet-center.loan/wallet/verify,1
https://docs.microsoft.com/projects/open-source-software,0
https://api.bbc.co.uk/library/archive/research_paper_v3.pdf,0
https://m.wikipedia.org/terms-of-service,0
http://dhl-suspended-center.buzz/suspended/verify,1
http://www.stackoverflow.com/,0
http://login-portal.top/index.php?token=a6789f1459e9d65522dbf389914147e4&target=netflix,1
https://blog.pinterest.com/watch?v=dQw4w9WgXcQ,0
http://customer-service-metamask.accountant/webscr/webscr/submit?session=38564,1
http://facebook-verification-center.cf/verification/verify,1
http://bankofamerica-pay-center.accountant/pay/verify,1
https://app13-account.top/login?auth=true,1
http://76.121.51.10/metamask/secure.html,1
http://buff.ly/id8okHC,1
https://blog.harvard.edu/downloads/releases/version-4.1.2.tar.gz,0
http://buff.ly/qKDkMTC,1
http://m3tamask-payment.date/login?auth=true,1
https://bbc.co.uk/help/faq/account-settings,0
https://mozilla.org/downloads/releases/version-4.1.2.tar.gz,0
https://metamask.com.authentication-bf2df9.club/authentication,1
http://api.gitlab.com/products/enterprise/pricing?session_id=19777&lang=en,0
https://customer-service-amazon.trade/webscr/auth/submit?session=13448,1
http://portal-portal.com/index.php?token=7728413cdc9139e47496de5bb6cef4f3&target=coinbase,1
http://alert-portal.com/index.php?token=e6c7fbce9415a6ec22cbfa10e78b8b00&target=wellsfargo,1
https://m.reddit.com/downloads/releases/version-4.1.2.tar.gz,0
https://stackoverflow.com/projects/open-source-software,0
https://dhl-password-center.xyz/password/verify,1
https://docs.reddit.com/products/enterprise/pricing,0
https://m.sciencedirect.com/search?q=machine+learning+tutorial&page=2,0
https://blog.oracle.com/search?q=machine+learning+tutorial&page=2,0
https://blog.duckduckgo.com/privacy-policy,0
https://docs.ieee.org/contact?session_id=93109&lang=en,0
https://blog.oracle.com/products/enterprise/pricing,0
https://docker.com/courses/cs101/syllabus,0
http://auth-portal.top/index.php?token=4fc78063b1da2222204523f9401b87c3&target=metamask,1
http://customer-service-amazon.cf/webscr/confirm/submit?session=13560,1
https://93.30.235.192:8000/binance/password.html,1
https://m.adobe.com,0
http://73.93.209.249/microsoft/wallet.html,1
https://docs.sciencedirect.com/news/technology/science-updates,0
http://update-portal.cc/index.php?token=bbe1814ede182b055a654b8384dcd37f&target=dhl,1
https://api.apple.com/contact,0
http://blog.sciencedirect.com,0
https://blog.theguardian.com/profile/user?id=104928&tab=activity,0
https://auth-portal.com/index.php?token=ea8293f9f4c29adfa566bcc15d026eb7&target=instagram,1
https://youtube.com/courses/cs101/syllabus,0
https://netflix-recover-center.gq/recover/verify,1
https://support.apple.com/contact,0
http://blog.nytimes.com/help/faq/account-settings,0
http://docs.salesforce.com,0
http://131.230.131.132:8888/netflix/secure.html,1
https://www.nytimes.com/downloads/releases/version-4.1.2.tar.gz,0
https://m.nytimes.com/products/enterprise/pricing?session_id=89857&lang=en,0
https://www.github.com/watch?v=dQw4w9WgXcQ,0
https://support.nytimes.com/about,0
http://customer-service-fedex.review/webscr/login/submit?session=17294,1
https://blog.chase.com/watch?v=dQw4w9WgXcQ,0
https://login-portal.cc/index.php?token=0b61303751e8d620a9456dc43e6a77fa&target=binance,1
https://blog.stanford.edu/downloads/releases/version-4.1.2.tar.gz,0
https://salesforce.com/news/technology/science-updates,0
https://customer-service-wellsfargo.download/webscr/verification/submit?session=40829,1
http://support.cloudflare.com/blog/2024/05/machine-learning-advances,0
http://alert-portal.cc/index.php?token=d6033919325c8ea6716974d9d2229c4a&target=instagram,1
http://wellsfargo-verification-center.download/verification/verify,1
http://account-portal.com/index.php?token=b3cfea6375a51929022474c50355bf0f&target=instagram,1
https://blog.paypal.com/privacy-policy?session_id=11302&lang=en,0
http://bit.ly/QrL6i3V,1
https://docs.ubuntu.com/blog/2024/05/machine-learning-advances,0
http://customer-service-apple.review/webscr/payment/submit?session=97828,1
https://blog.edx.org/downloads/releases/version-4.1.2.tar.gz?session_id=91176&lang=en,0
https://customer-service-coinbase.faith/webscr/secure/submit?session=16978,1
https://mozilla.org/?session_id=70391&lang=en,0
http://wellsfargo-update-center.webcam/update/verify,1
https://www.netflix.com/terms-of-service?session_id=51140&lang=en,0
http://customer-service-usps.trade/webscr/invoice/submit?session=98392,1
https://nature.com/watch?v=dQw4w9WgXcQ,0
https://150.121.127.42:3000/fedex/login.html,1
https://www.microsoft.com/library/archive/research_paper_v3.pdf?session_id=96049&lang=en,0
https://blog.zoom.us,0
http://update-portal.cc/index.php?token=f7847c2412504c9e6dd98a7f8f548ecf&target=facebook,1
https://api.duckduckgo.com/projects/open-source-software,0
https://dropbox.com/courses/cs101/syllabus,0
http://dropbox-banking-center.kim/banking/verify,1
http://tiny.cc/4vgmF94,1
https://support.duckduckgo.com/search?q=machine+learning+tutorial&page=2,0
http://t.co/CLD7aUo,1
https://m.kaggle.com/courses/cs101/syllabus,0
https://microsoft-banking-center.top/banking/verify,1
https://95.123.186.179/fedex/security.html,1
https://www.nytimes.com/search?q=machine+learning+tutorial&page=2,0
https://pinterest.com/projects/open-source-software,0
http://163.236.35.83:8000/binance/webscr.html,1
https://m.pinterest.com/contact?session_id=48675&lang=en,0
https://cnn.com/products/enterprise/pricing,0
http://webscr-portal.com/index.php?token=4c4514a5f9f66ed2adcceb2fbb993a42&target=usps,1
https://wellsfargo-webscr-center.country/webscr/verify,1
http://rb.gy/t9PeWAV,1
https://m.salesforce.com/blog/2024/05/machine-learning-advances?session_id=26309&lang=en,0
http://suspended-portal.com/index.php?token=a1690ea6456971965ec90c4c09b7045a&target=usps,1
https://chase-verification-center.kim/verification/verify,1
https://quora.com/help/faq/account-settings,0
http://goo.gl/vg1QPGA,1
https://docs.linkedin.com/wiki/Artificial_intelligence,0
https://dr0pb0x-secure.net/login?auth=true,1
https://apple.com/api/v1/status?format=json,0
https://api.zoom.us/,0
https://www.tumblr.com/watch?v=dQw4w9WgXcQ,0
http://104.186.17.72:3000/facebook/security.html,1
https://customer-service-wellsfargo.gdn/webscr/portal/submit?session=76398,1
http://customer-service-amazon.ga/webscr/invoice/submit?session=31023,1
https://89.16.49.43/dropbox/security.html,1
https://m.docker.com/products/enterprise/pricing,0
https://api.ubuntu.com/projects/open-source-software,0
https://coursera.org/search?q=machine+learning+tutorial&page=2,0
http://dhl.com.authentication-508253.ml/authentication,1
http://m3tamask-authentication.win/login?auth=true,1
http://141.201.95.57:8888/metamask/auth.html,1
https://m.medium.com/library/archive/research_paper_v3.pdf?session_id=72258&lang=en,0
https://m.mozilla.org/projects/open-source-software?session_id=68802&lang=en,0
https://blog.apple.com/courses/cs101/syllabus,0
http://buff.ly/5fp2fwi,1
https://docs.paypal.com/help/faq/account-settings?session_id=8213&lang=en,0
http://cutt.ly/82v3fav,1
http://t.co/CedDAPz,1
https://blog.twitch.tv,0
https://blog.wikipedia.org/privacy-policy,0
https://docs.chase.com/contact,0
https://blog.quora.com/privacy-policy,0
https://www.microsoft.com/downloads/releases/version-4.1.2.tar.gz,0
https://apple-confirm-center.men/confirm/verify,1
http://paypal.com.webscr-79ff46.party/webscr,1
http://customer-service-chase.science/webscr/payment/submit?session=36971,1
http://customer-service-netflix.tk/webscr/ebayisapi/submit?session=63286,1
https://ieee.org/profile/user?id=104928&tab=activity,0
http://support.spotify.com/,0
https://docs.intel.com/wiki/Artificial_intelligence,0
http://tiny.cc/02XBpam,1
http://dr0pb0x-service.net/login?auth=true,1
http://customer-service-wellsfargo.racing/webscr/billing/submit?session=79692,1
http://arxiv.org/api/v1/status?format=json,0
https://www.gitlab.com/downloads/releases/version-4.1.2.tar.gz,0
http://blog.twitch.tv/contact?session_id=86322&lang=en,0
https://blog.chase.com/courses/cs101/syllabus,0
https://api.dropbox.com/,0
https://support.chase.com/contact,0
http://api.github.com/blog/2024/05/machine-learning-advances,0
https://www.microsoft.com/blog/2024/05/machine-learning-advances?session_id=41737&lang=en,0
https://api.kaggle.com/projects/open-source-software,0
http://t.co/Eg5wdm1,1
https://update-portal.cc/index.php?token=0621f43b85072583ae4dd949648a12b4&target=netflix,1
http://145.84.118.131/bankofamerica/portal.html,1
https://support.kaggle.com/api/v1/status?format=json,0
http://178.242.15.43:8888/dropbox/auth.html,1
http://customer-service-netflix.rest/webscr/login/submit?session=60407,1
http://121.162.86.155/instagram/portal.html,1
https://www.archive.org/profile/user?id=104928&tab=activity,0
http://coinbase-recover-center.ga/recover/verify,1
http://goo.gl/MOqOt1E,1
https://apple.com/products/enterprise/pricing?session_id=50212&lang=en,0
https://docs.intel.com/watch?v=dQw4w9WgXcQ,0
https://theguardian.com,0
https://support.cnn.com/,0
https://blog.arxiv.org/about,0
https://validate-portal.cc/index.php?token=8d262c56471e0d43c9121d0a483c261c&target=instagram,1
http://m.coursera.org/watch?v=dQw4w9WgXcQ,0
http://dr0pb0x-validate.icu/login?auth=true,1
https://docs.netflix.com/docs/v2/getting-started.html?session_id=81967&lang=en,0
https://support.oracle.com/profile/user?id=104928&tab=activity,0
https://api.sciencedirect.com/privacy-policy,0
https://blog.linkedin.com/privacy-policy,0
https://docs.dropbox.com/watch?v=dQw4w9WgXcQ,0
https://blog.amazon.com/search?q=machine+learning+tutorial&page=2,0
https://www.spotify.com/privacy-policy,0
https://api.tumblr.com/about?session_id=83662&lang=en,0
https://blog.twitch.tv/courses/cs101/syllabus,0
https://m.harvard.edu/contact,0
http://support.youtube.com/terms-of-service?session_id=45294&lang=en,0
http://w311sfarg0-recover.rest/login?auth=true,1
https://support.oracle.com/privacy-policy,0
https://docs.archive.org/help/faq/account-settings?session_id=19131&lang=en,0
https://coursera.org/watch?v=dQw4w9WgXcQ,0
http://70.181.156.117:8000/instagram/verification.html,1
https://api.linkedin.com/help/faq/account-settings?session_id=6856&lang=en,0
https://www.cnn.com/products/enterprise/pricing,0
https://microsoft.com/docs/v2/getting-started.html,0
http://instagram-recover-center.gq/recover/verify,1
http://api.cloudflare.com/help/faq/account-settings,0
https://www.spotify.com/courses/cs101/syllabus,0
https://support.zoom.us/watch?v=dQw4w9WgXcQ,0
https://api.youtube.com/projects/open-source-software,0
https://m.dropbox.com/products/enterprise/pricing,0
http://paypal-unlock-center.kim/unlock/verify,1
https://mit.edu/search?q=machine+learning+tutorial&page=2,0
https://blog.docker.com/blog/2024/05/machine-learning-advances,0
https://linkedin.com/docs/v2/getting-started.html,0
http://verify-portal.top/index.php?token=7a58b34704300ef58a60865cfe1dd310&target=usps,1
https://binance-account-center.date/account/verify,1
http://tinyurl.com/n11cYgl,1
https://m.apple.com/wiki/Artificial_intelligence,0
https://support.archive.org,0
https://m.apple.com/terms-of-service?session_id=27094&lang=en,0
https://m3tamask-login.party/login?auth=true,1
https://m.salesforce.com/wiki/Artificial_intelligence,0
http://116.209.14.29/coinbase/auth.html,1
https://google.com/blog/2024/05/machine-learning-advances,0
http://auth-portal.com/index.php?token=eada97a1029fe96c517d8d29bb7d2186&target=bankofamerica,1
http://buff.ly/0IVf7G7,1
http://m.stackoverflow.com/search?q=machine+learning+tutorial&page=2,0
https://banking-portal.cc/index.php?token=9fce7565efdfa605517bbe29d4bd59a7&target=google,1
http://support.arxiv.org/profile/user?id=104928&tab=activity,0
http://wellsfargo-recover-center.download/recover/verify,1
http://netflix-unlock-center.download/unlock/verify,1
https://support.twitter.com/downloads/releases/version-4.1.2.tar.gz,0
https://www.twitch.tv/profile/user?id=104928&tab=activity,0
https://www.ubuntu.com/contact?session_id=18984&lang=en,0
https://api.medium.com/library/archive/research_paper_v3.pdf,0
https://dhl.com.account-89a7e4.fit/account,1
https://api.sciencedirect.com/terms-of-service,0
http://customer-service-paypal.top/webscr/webscr/submit?session=21605,1
https://dhl.com.wallet-d964f2.gdn/wallet,1
http://blog.kaggle.com/products/enterprise/pricing,0
http://wellsfargo-auth-center.racing/auth/verify,1
https://blog.intel.com/terms-of-service,0
http://suspended-portal.top/index.php?token=5898683573f66101894fccb80f49e8ab&target=google,1
https://usps-billing-center.accountant/billing/verify,1
https://customer-service-binance.club/webscr/verification/submit?session=79006,1
http://customer-service-apple.xyz/webscr/signin/submit?session=81891,1
http://binance-confirm-center.ml/confirm/verify,1
http://m.intel.com/wiki/Artificial_intelligence?session_id=80171&lang=en,0
https://coursera.org/,0
http://33.183.236.73:8000/instagram/ebayisapi.html,1
http://usps-secure-webscr.country/login?auth=true,1
https://docs.twitch.tv/profile/user?id=104928&tab=activity,0
http://dropbox.com.verification-f98ec8.stream/verification,1
https://blog.medium.com/terms-of-service?session_id=82003&lang=en,0
http://bc.vc/R8HsZAm,1
http://unlock-portal.cc/index.php?token=b9503c106f9fc0b905fe68bc18aeff59&target=dhl,1
https://docs.quora.com,0
https://blog.spotify.com/about?session_id=75341&lang=en,0
http://106.92.121.195:8888/chase/secure.html,1
https://blog.sciencedirect.com/downloads/releases/version-4.1.2.tar.gz,0
https://coinbase.com.billing-04ad6c.review/billing,1
http://26.85.8.228/wellsfargo/unlock.html,1
https://www.spotify.com,0
http://micr0s0ft-billing.accountant/login?auth=true,1
https://blog.oracle.com,0
https://blog.netflix.com/docs/v2/getting-started.html,0
http://bc.vc/5C4XCML,1
https://blog.nih.gov/downloads/releases/version-4.1.2.tar.gz,0
http://customer-service-facebook.club/webscr/recover/submit?session=27680,1
https://blog.stackoverflow.com/search?q=machine+learning+tutorial&page=2,0
https://customer-service-paypal.stream/webscr/support/submit?session=36626,1
http://validate-portal.top/index.php?token=43d444f6647084b81b162fd20215509c&target=binance,1
http://customer-service-coinbase.gdn/webscr/portal/submit?session=27042,1
https://m.arxiv.org/api/v1/status?format=json,0
http://customer-service-bankofamerica.buzz/webscr/auth/submit?session=91933,1
https://api.ieee.org/privacy-policy,0
https://blog.mozilla.org/help/faq/account-settings,0
https://recover-portal.com/index.php?token=ae4ebbb9c7ed21e560cd3abeae25afd8&target=usps,1
http://100.188.71.203/fedex/service.html,1
https://blog.nytimes.com,0
http://blog.sciencedirect.com/search?q=machine+learning+tutorial&page=2,0
https://m.tumblr.com/docs/v2/getting-started.html?session_id=68692&lang=en,0
http://dhl-confirm-center.club/confirm/verify,1
http://goo.gl/PmlMbUM,1
http://customer-service-instagram.cam/webscr/recover/submit?session=28396,1
https://www.apple.com/news/technology/science-updates,0
https://www.youtube.com/courses/cs101/syllabus,0
https://m.medium.com/products/enterprise/pricing?session_id=55325&lang=en,0
https://api.intel.com/courses/cs101/syllabus?session_id=55206&lang=en,0
http://201.166.33.26/chase/auth.html,1
https://63.174.195.219:8888/paypal/update.html,1
https://harvard.edu/news/technology/science-updates?session_id=11722&lang=en,0
http://goo.gl/QhIVW7U,1
http://f3d3x-banking.win/login?auth=true,1
http://tiny.cc/y53sjLJ,1
http://wellsfargo.com.recover-36f63e.bid/recover,1
https://m.microsoft.com/projects/open-source-software,0
http://adf.ly/JoqSVSE,1
https://blog.intel.com/,0
http://amaz0n-suspended.country/login?auth=true,1
https://api.theguardian.com/products/enterprise/pricing?session_id=82522&lang=en,0
http://shorte.st/nWuneb0,1
https://arxiv.org/products/enterprise/pricing,0
http://204.52.37.155/bankofamerica/confirm.html,1
http://215.222.24.233/chase/account.html,1
https://www.tumblr.com/blog/2024/05/machine-learning-advances,0
https://api.coursera.org/blog/2024/05/machine-learning-advances,0
https://g00g13-security.fit/login?auth=true,1
https://api.archive.org/privacy-policy,0
https://api.nih.gov/watch?v=dQw4w9WgXcQ,0
https://65.56.138.53/binance/authentication.html,1
https://support.linkedin.com/watch?v=dQw4w9WgXcQ,0
http://binanc3-validate.fit/login?auth=true,1
https://github.com/products/enterprise/pricing,0
https://sciencedirect.com/privacy-policy?session_id=58923&lang=en,0
https://m.twitch.tv/profile/user?id=104928&tab=activity,0
https://blog.ieee.org/terms-of-service?session_id=89363&lang=en,0
https://support.nytimes.com/wiki/Artificial_intelligence,0
http://docs.gitlab.com/docs/v2/getting-started.html,0
http://customer-service-netflix.kim/webscr/support/submit?session=65452,1
https://support.arxiv.org/help/faq/account-settings,0
https://cloudflare.com/docs/v2/getting-started.html,0
https://google.com/docs/v2/getting-started.html?session_id=64653&lang=en,0
https://customer-service-netflix.loan/webscr/banking/submit?session=78950,1
http://w311sfarg0-verification.ml/login?auth=true,1
https://blog.yahoo.com/api/v1/status?format=json,0
http://133.36.148.126/usps/invoice.html,1
http://tiny.cc/s9rZxO1,1
https://docs.mozilla.org/profile/user?id=104928&tab=activity,0
https://m.stanford.edu/library/archive/research_paper_v3.pdf,0
https://docs.netflix.com/?session_id=31490&lang=en,0
https://docs.ieee.org/courses/cs101/syllabus?session_id=38110&lang=en,0
https://blog.stanford.edu/search?q=machine+learning+tutorial&page=2,0
https://coursera.org,0
http://chase.com.confirm-014d08.ga/confirm,1
https://netflix.com/privacy-policy,0
https://209.15.245.180/facebook/secure.html,1
http://chas3-verification.racing/login?auth=true,1
https://support.coursera.org/downloads/releases/version-4.1.2.tar.gz?session_id=60048&lang=en,0
http://171.137.178.153/wellsfargo/confirm.html,1
https://payment-portal.com/index.php?token=fbdec8755e0390a55b057218c9788c1c&target=fedex,1
https://blog.pinterest.com/library/archive/research_paper_v3.pdf,0
http://customer-service-dropbox.bid/webscr/security/submit?session=62954,1
https://api.sciencedirect.com/search?q=machine+learning+tutorial&page=2,0
https://www.spotify.com/projects/open-source-software,0
http://rb.gy/9xNrvc8,1
http://login-portal.top/index.php?token=561566407f69e6a984410a61fe77c7fc&target=microsoft,1
http://dropbox-unlock-center.trade/unlock/verify,1
http://spotify.com/terms-of-service,0
https://m.nytimes.com/about,0
https://blog.adobe.com/docs/v2/getting-started.html,0
https://docs.pinterest.com/contact,0
https://paypal.com.verification-245cf5.men/verification,1
http://micr0s0ft-portal.club/login?auth=true,1
https://paypal-recover-center.download/recover/verify,1
http://170.34.48.171:8888/apple/signin.html,1
https://google-login-center.gq/login/verify,1
https://m.ubuntu.com/blog/2024/05/machine-learning-advances,0
http://shorte.st/QDsBN9b,1
https://www.archive.org/watch?v=dQw4w9WgXcQ,0
http://100.248.60.27:8000/instagram/unlock.html,1
https://suspended-portal.com/index.php?token=cc1152ccd00cd92ad7dc11b3b11f0c30&target=instagram,1
http://wellsfargo.com.invoice-f0d958.download/invoice,1
https://m.zoom.us/api/v1/status?format=json,0
https://www.pinterest.com/blog/2024/05/machine-learning-advances,0
http://binanc3-suspended.party/login?auth=true,1
https://blog.stanford.edu/help/faq/account-settings?session_id=19776&lang=en,0
https://support.zoom.us/watch?v=dQw4w9WgXcQ,0
https://chase-pay-center.buzz/pay/verify,1
http://metamask-wallet-center.xyz/wallet/verify,1
https://api.twitter.com/terms-of-service,0
https://www.arxiv.org/courses/cs101/syllabus,0
http://customer-service-bankofamerica.racing/webscr/authentication/submit?session=26554,1
http://bit.ly/FHDBOev,1
http://chase-ebayisapi-center.gq/ebayisapi/verify,1
https://support.kaggle.com/search?q=machine+learning+tutorial&page=2,0
https://billing-portal.top/index.php?token=bb3ac8683d59471d19bef3483cc052ca&target=microsoft,1
https://111.93.51.218:8080/bankofamerica/verify.html,1
https://g00g13-webscr.club/login?auth=true,1
http://bc.vc/yTzQsmp,1
http://186.236.146.180/bankofamerica/verify.html,1
http://paypal-password-center.men/password/verify,1
https://support.mozilla.org/downloads/releases/version-4.1.2.tar.gz?session_id=45150&lang=en,0
https://m.gitlab.com/api/v1/status?format=json,0
https://github.com/wiki/Artificial_intelligence,0
https://support.oracle.com/about?session_id=57847&lang=en,0
https://support.theguardian.com/api/v1/status?format=json,0
https://support.bbc.co.uk/watch?v=dQw4w9WgXcQ,0
http://coinbase.com.verification-4a7266.accountant/verification,1
https://customer-service-chase.stream/webscr/secure/submit?session=44508,1
http://service-portal.cc/index.php?token=43532ffff2508343dc31dd865b57be94&target=microsoft,1
https://docs.zoom.us/news/technology/science-updates?session_id=71328&lang=en,0
http://coinbase.com.recover-85d38d.ga/recover,1
https://dh1-account.space/login?auth=true,1
https://facebook-recover-center.bid/recover/verify,1
https://m.duckduckgo.com/blog/2024/05/machine-learning-advances?session_id=44899&lang=en,0
http://api.cnn.com/terms-of-service,0
http://customer-service-microsoft.review/webscr/update/submit?session=47425,1
https://www.adobe.com/about,0
http://cnn.com/help/faq/account-settings,0
http://payment-portal.com/index.php?token=9d3a79e6a3f9532e7c2526e51c2a9e24&target=binance,1
http://support-portal.cc/index.php?token=b7df15900015b623e5efed4c1f159c42&target=instagram,1
http://portal-portal.top/index.php?token=bd04559b9711b29fcc351b3dae3c20b2&target=chase,1
https://support.ieee.org/projects/open-source-software,0
http://support.sciencedirect.com/docs/v2/getting-started.html,0
https://www.arxiv.org/news/technology/science-updates,0
https://api.cloudflare.com,0
https://apple.com/about,0
https://support.reddit.com/watch?v=dQw4w9WgXcQ,0
https://customer-service-instagram.cf/webscr/password/submit?session=95843,1
http://metamask.com.pay-e34d2d.faith/pay,1
https://support.ubuntu.com/profile/user?id=104928&tab=activity,0
http://is.gd/SxI27Kz,1
https://blog.chase.com/products/enterprise/pricing,0
https://www.theguardian.com/search?q=machine+learning+tutorial&page=2,0
http://verify-portal.com/index.php?token=283efc813988ab79599c8bafef8658ed&target=coinbase,1
http://metamask.com.payment-5b6826.top/payment,1
https://support.twitter.com/search?q=machine+learning+tutorial&page=2,0
https://salesforce.com/products/enterprise/pricing,0
https://arxiv.org/projects/open-source-software,0
http://84.137.56.204/microsoft/signin.html,1
https://blog.duckduckgo.com/api/v1/status?format=json,0
http://shorte.st/BlX6Wad,1
https://support.stanford.edu/projects/open-source-software,0
https://api.intel.com/products/enterprise/pricing?session_id=47176&lang=en,0
http://bc.vc/IbbrPH3,1
http://128.76.10.220:8888/instagram/secure.html,1
http://customer-service-amazon.stream/webscr/confirm/submit?session=54555,1
https://mozilla.org/about,0
https://blog.ubuntu.com/courses/cs101/syllabus,0
https://docs.dropbox.com/help/faq/account-settings,0
https://blog.zoom.us/blog/2024/05/machine-learning-advances?session_id=98471&lang=en,0
https://docs.bbc.co.uk/news/technology/science-updates,0
http://support.nasa.gov/downloads/releases/version-4.1.2.tar.gz,0
http://goo.gl/ob7tO12,1
https://docs.stanford.edu/downloads/releases/version-4.1.2.tar.gz,0
http://customer-service-dropbox.cam/webscr/webscr/submit?session=86507,1
https://verification-portal.cc/index.php?token=55e3106cc80cd3007459ef26aa1f3bde&target=dhl,1
http://auth-portal.com/index.php?token=8434a98e0a551db26e76b93f10dcf32c&target=microsoft,1
https://blog.adobe.com/products/enterprise/pricing,0
https://signin-portal.cc/index.php?token=ded6b7053ed491bbd57aac50feffbdaa&target=binance,1
http://dr0pb0x-pay.rest/login?auth=true,1
http://dr0pb0x-validate.kim/login?auth=true,1
http://amazon-confirm-center.fit/confirm/verify,1
https://intel.com,0
http://c0inbas3-password.stream/login?auth=true,1
https://tumblr.com/projects/open-source-software,0
https://support.ieee.org/blog/2024/05/machine-learning-advances,0
http://secure-portal.com/index.php?token=53083bea8ba3d39a1f7360b94770024b&target=google,1
http://bc.vc/hNut1Yf,1
http://coinbase.com.recover-51a900.trade/recover,1
https://oracle.com,0
https://support.medium.com/docs/v2/getting-started.html,0
https://quora.com/watch?v=dQw4w9WgXcQ,0
https://facebook.com.verify-d06f95.ga/verify,1
http://wallet-portal.cc/index.php?token=8023921ee0e9b5663992c9c2e7db4245&target=metamask,1
https://intel.com/contact,0
http://is.gd/0p2o3sO,1
http://adf.ly/x2IWgEc,1
http://t.co/1QwfwGA,1
http://metamask.com.account-3ae483.date/account,1
https://m.mozilla.org/watch?v=dQw4w9WgXcQ,0
https://netflix.com.auth-c4d0e0.work/auth,1
https://m.sciencedirect.com,0
http://rb.gy/egXJm4f,1
https://docs.zoom.us/privacy-policy,0
http://adf.ly/rkkkzEB,1
https://api.nasa.gov/library/archive/research_paper_v3.pdf,0
https://support.nature.com/blog/2024/05/machine-learning-advances,0
http://amazon.com.recover-86b764.stream/recover,1
https://invoice-portal.com/index.php?token=69a2cafff9fab81ec9a8539e5cf35fb7&target=usps,1
https://blog.sciencedirect.com/contact,0
https://blog.arxiv.org/docs/v2/getting-started.html,0
https://support.tumblr.com/courses/cs101/syllabus,0
http://dropbox.com.invoice-e21047.work/invoice,1
https://customer-service-dhl.men/webscr/wallet/submit?session=59127,1
http://password-portal.top/index.php?token=e42e6c8aa4dbfbd00b4c5b9862d032f9&target=fedex,1
https://blog.spotify.com/projects/open-source-software?session_id=31862&lang=en,0
http://adobe.com/contact,0
http://blog.stackoverflow.com/contact,0
http://dh1-verification.webcam/login?auth=true,1
https://support.zoom.us/,0
http://webscr-portal.top/index.php?token=42c6fef4e850deb6751f29b00ee50a40&target=wellsfargo,1
https://docs.twitch.tv/wiki/Artificial_intelligence,0
https://api.youtube.com/products/enterprise/pricing,0
https://blog.tumblr.com/courses/cs101/syllabus,0
http://usps-secure-validate.tk/login?auth=true,1
http://bankofamerica-confirm-center.club/confirm/verify,1
http://customer-service-bankofamerica.loan/webscr/portal/submit?session=85583,1
https://docs.arxiv.org/contact,0
https://support.stackoverflow.com/,0
http://193.118.112.200/microsoft/invoice.html,1
http://apple-authentication-center.accountant/authentication/verify,1
http://invoice-portal.com/index.php?token=962fb35d8a4fba8062b1e469db563e97&target=microsoft,1
https://api.ubuntu.com/downloads/releases/version-4.1.2.tar.gz?session_id=88797&lang=en,0
https://google-verification-center.date/verification/verify,1
https://dh1-wallet.country/login?auth=true,1
http://customer-service-dhl.accountant/webscr/billing/submit?session=12815,1
https://api.archive.org/api/v1/status?format=json,0
https://blog.arxiv.org/terms-of-service?session_id=64201&lang=en,0
https://support.amazon.com/,0
https://wellsfargo.com.invoice-1e71da.science/invoice,1
https://blog.intel.com/search?q=machine+learning+tutorial&page=2,0
http://api.mozilla.org/privacy-policy,0
https://usps-alert-center.work/alert/verify,1
http://tinyurl.com/blOlrY8,1
https://docs.youtube.com/?session_id=8051&lang=en,0
https://blog.sciencedirect.com/,0
http://billing-portal.cc/index.php?token=483d81997991409b8def6fadcf4467f8&target=paypal,1
http://customer-service-apple.ga/webscr/billing/submit?session=95672,1
http://micr0s0ft-invoice.trade/login?auth=true,1
https://api.mit.edu/blog/2024/05/machine-learning-advances?session_id=84719&lang=en,0
https://support.amazon.com/library/archive/research_paper_v3.pdf?session_id=95840&lang=en,0
https://n3tf1ix-wallet.club/login?auth=true,1
http://binance-update-center.work/update/verify,1
http://adf.ly/2kjibUh,1
https://api.gitlab.com/privacy-policy?session_id=61341&lang=en,0
http://customer-service-amazon.cf/webscr/pay/submit?session=37300,1
https://chase.com.security-310bcf.rest/security,1
https://paypal-validate-center.ml/validate/verify,1
https://api.twitter.com/watch?v=dQw4w9WgXcQ,0
http://blog.intel.com/profile/user?id=104928&tab=activity,0
http://shorte.st/MvOnxBP,1
https://support.theguardian.com/help/faq/account-settings,0
https://amazon.com/wiki/Artificial_intelligence?session_id=11490&lang=en,0
http://apple.com.verify-9c94da.stream/verify,1
https://api.amazon.com,0
http://micr0s0ft-recover.trade/login?auth=true,1
https://support.netflix.com/privacy-policy?session_id=16324&lang=en,0
https://www.github.com/profile/user?id=104928&tab=activity,0
http://adf.ly/0BFGtLX,1
http://facebook-verification-center.stream/verification/verify,1
https://support.apple.com/terms-of-service,0
http://signin-portal.cc/index.php?token=89a2a4d51eaecb10e2a56bc719f41f26&target=microsoft,1
https://m.intel.com/profile/user?id=104928&tab=activity,0
https://docs.intel.com/,0
https://112.191.200.151/netflix/ebayisapi.html,1
https://portal-portal.top/index.php?token=65ff90d0e8dba76588c1262986db649e&target=metamask,1
http://binance.com.confirm-1cd45e.gq/confirm,1
https://docker.com/products/enterprise/pricing,0
http://tinyurl.com/odcVDCn,1
http://customer-service-wellsfargo.kim/webscr/unlock/submit?session=97350,1
https://support.twitter.com/products/enterprise/pricing?session_id=39687&lang=en,0
http://metamask-portal-center.date/portal/verify,1
https://m.ubuntu.com,0
http://58.161.185.104:8080/usps/alert.html,1
https://support.sciencedirect.com/watch?v=dQw4w9WgXcQ,0
https://docs.salesforce.com,0
http://155.174.91.115/metamask/update.html,1
http://bc.vc/AzTHYuH,1
https://paypa1-payment.stream/login?auth=true,1
https://docs.mit.edu/contact,0
http://coinbase-service-center.country/service/verify,1
https://m.quora.com/terms-of-service,0
https://www.salesforce.com/watch?v=dQw4w9WgXcQ,0
https://www.mit.edu/docs/v2/getting-started.html,0
http://customer-service-instagram.icu/webscr/suspended/submit?session=22531,1
https://sciencedirect.com/projects/open-source-software?session_id=80551&lang=en,0
https://support.nytimes.com/news/technology/science-updates,0
http://74.221.185.239:8888/apple/verify.html,1
https://stackoverflow.com/wiki/Artificial_intelligence,0
https://docs.yahoo.com/privacy-policy,0
http://customer-service-binance.racing/webscr/login/submit?session=82406,1
https://m.reddit.com/terms-of-service,0
https://wikipedia.org/help/faq/account-settings,0
http://update-portal.top/index.php?token=9ee407ae82471f1f8ec01cfac015027c&target=fedex,1
http://172.98.162.167:8888/wellsfargo/security.html,1
https://api.sciencedirect.com/watch?v=dQw4w9WgXcQ,0
https://unlock-portal.cc/index.php?token=f708a47df33a30309d6896d9aefbbfc4&target=facebook,1
https://amazon.com/profile/user?id=104928&tab=activity,0
http://cutt.ly/kO2mTtQ,1
https://ubuntu.com/downloads/releases/version-4.1.2.tar.gz,0
https://blog.nature.com/products/enterprise/pricing,0
https://m.docker.com/library/archive/research_paper_v3.pdf,0
http://bc.vc/64kTcjt,1
https://customer-service-coinbase.review/webscr/verification/submit?session=33819,1
https://www.youtube.com/search?q=machine+learning+tutorial&page=2,0
https://www.apple.com/library/archive/research_paper_v3.pdf,0
http://212.87.187.224/metamask/confirm.html,1
https://amaz0n-pay.tk/login?auth=true,1
http://54.190.103.196/bankofamerica/recover.html,1
http://customer-service-google.country/webscr/account/submit?session=51564,1
https://docs.nature.com/contact?session_id=24644&lang=en,0
http://m.intel.com/docs/v2/getting-started.html,0
http://facebook-recover-center.kim/recover/verify,1
https://blog.medium.com/watch?v=dQw4w9WgXcQ,0
https://api.archive.org/library/archive/research_paper_v3.pdf,0
https://api.adobe.com/,0
https://www.docker.com/terms-of-service,0
https://twitter.com/watch?v=dQw4w9WgXcQ,0
http://www.intel.com/search?q=machine+learning+tutorial&page=2,0
https://blog.amazon.com/news/technology/science-updates,0
https://blog.stackoverflow.com/projects/open-source-software,0
https://chase.com.password-b8ebf8.work/password,1
http://www.bbc.co.uk,0
https://mozilla.org/terms-of-service,0
https://support.coursera.org/?session_id=84560&lang=en,0
http://62.3.221.96/instagram/login.html,1
https://82.214.160.40/binance/suspended.html,1
https://www.paypal.com/downloads/releases/version-4.1.2.tar.gz,0
https://fedex-secure-center.ga/secure/verify,1
http://m.pinterest.com/courses/cs101/syllabus,0
http://customer-service-coinbase.faith/webscr/login/submit?session=23749,1
http://app13-banking.xyz/login?auth=true,1
http://43.67.67.86/dropbox/verify.html,1
http://customer-service-google.faith/webscr/payment/submit?session=52650,1
https://usps-secure-confirm.date/login?auth=true,1
https://blog.mit.edu/products/enterprise/pricing,0
http://spotify.com/privacy-policy,0
http://dhl.com.account-761e7f.date/account,1
http://bc.vc/ukOpysi,1
https://docs.nih.gov/search?q=machine+learning+tutorial&page=2,0
https://docs.cnn.com/privacy-policy?session_id=55008&lang=en,0
https://www.dropbox.com/contact,0
https://blog.microsoft.com/search?q=machine+learning+tutorial&page=2,0
http://amazon-service-center.buzz/service/verify,1
https://paypal-verification-center.kim/verification/verify,1
https://115.194.75.222/binance/update.html,1
https://www.yahoo.com/blog/2024/05/machine-learning-advances,0
http://buff.ly/BR7evr0,1
https://security-portal.top/index.php?token=064c51101d53b1b30b09f6d32ba8002f&target=usps,1
http://dhl-authentication-center.space/authentication/verify,1
https://blog.wikipedia.org/news/technology/science-updates,0
http://binance-update-center.top/update/verify,1
http://pay-portal.com/index.php?token=339ba8ffd65f73add3725e146a028377&target=usps,1
https://www.linkedin.com/privacy-policy,0
https://docs.wikipedia.org/contact,0
https://login-portal.com/index.php?token=e7c8579d95b9b6c356343970e3b7c656&target=binance,1
https://blog.zoom.us/watch?v=dQw4w9WgXcQ,0
https://www.coursera.org/profile/user?id=104928&tab=activity,0
https://wellsfargo-validate-center.club/validate/verify,1
https://yahoo.com/watch?v=dQw4w9WgXcQ,0
http://wallet-portal.cc/index.php?token=b719598489b6688873020713611aa0db&target=dropbox,1
https://docker.com/search?q=machine+learning+tutorial&page=2,0
http://chas3-account.org/login?auth=true,1
https://app13-account.ml/login?auth=true,1
https://apple-service-center.rest/service/verify,1
http://buff.ly/mlajXnD,1
https://fedex-account-center.rest/account/verify,1
https://ieee.org/terms-of-service,0
http://187.28.5.78:3000/facebook/update.html,1
https://support.zoom.us/news/technology/science-updates?session_id=58695&lang=en,0
https://support.oracle.com/downloads/releases/version-4.1.2.tar.gz?session_id=18548&lang=en,0
https://docs.nih.gov/api/v1/status?format=json,0
http://chas3-banking.ga/login?auth=true,1
https://support.duckduckgo.com/search?q=machine+learning+tutorial&page=2,0
https://docs.salesforce.com/blog/2024/05/machine-learning-advances,0
http://buff.ly/Lizm6mP,1
https://paypal.com.authentication-01179b.gq/authentication,1
http://shorte.st/lIh6BXw,1
https://customer-service-chase.gq/webscr/service/submit?session=61488,1
https://www.sciencedirect.com/search?q=machine+learning+tutorial&page=2,0
https://api.bbc.co.uk/downloads/releases/version-4.1.2.tar.gz,0
https://support.reddit.com/library/archive/research_paper_v3.pdf,0
https://m.oracle.com,0
https://docs.dropbox.com/projects/open-source-software,0
https://support.coursera.org/search?q=machine+learning+tutorial&page=2,0
https://docs.amazon.com/help/faq/account-settings?session_id=95972&lang=en,0
https://blog.theguardian.com/projects/open-source-software?session_id=96529&lang=en,0
https://api.nature.com/,0
https://support.theguardian.com/about,0
https://blog.nih.gov/news/technology/science-updates,0
http://apple.com.support-5e6d7d.country/support,1
http://fedex.com.service-b57863.rest/service,1
https://zoom.us/profile/user?id=104928&tab=activity,0
https://support.gitlab.com/docs/v2/getting-started.html,0
http://goo.gl/J7mpSRx,1
http://tinyurl.com/aG7PcCY,1
http://bit.ly/XV422ES,1
http://blog.oracle.com/profile/user?id=104928&tab=activity,0
http://paypa1-banking.space/login?auth=true,1
http://docs.intel.com/projects/open-source-software,0
http://micr0s0ft-ebayisapi.org/login?auth=true,1
https://docker.com/news/technology/science-updates?session_id=86701&lang=en,0
https://m.intel.com/library/archive/research_paper_v3.pdf,0
http://support.linkedin.com/privacy-policy,0
http://m.yahoo.com/about,0
http://dh1-update.stream/login?auth=true,1
https://m.linkedin.com/watch?v=dQw4w9WgXcQ,0
http://tinyurl.com/m75fy08,1
http://is.gd/vZjRcMa,1
http://metamask.com.banking-87a9a8.trade/banking,1
http://adf.ly/0j8xzYz,1
http://dropbox.com.support-953325.cam/support,1
https://api.stanford.edu/profile/user?id=104928&tab=activity,0
http://tiny.cc/4tTnHh7,1
https://stackoverflow.com/projects/open-source-software,0
https://support.theguardian.com/privacy-policy,0
https://cnn.com/about,0
https://blog.cnn.com/blog/2024/05/machine-learning-advances,0
https://harvard.edu/search?q=machine+learning+tutorial&page=2,0
http://rb.gy/IkXXkCr,1
http://customer-service-binance.club/webscr/confirm/submit?session=64884,1
https://m.nature.com/products/enterprise/pricing?session_id=52876&lang=en,0
http://tinyurl.com/3WzKdTj,1
http://netflix-support-center.date/support/verify,1
http://dr0pb0x-secure.tk/login?auth=true,1
http://t.co/3ffwBxd,1
http://184.134.116.213/coinbase/recover.html,1
http://service-portal.top/index.php?token=25bf891aed93e533f35a49a39ccb3ab8&target=dropbox,1
http://customer-service-amazon.men/webscr/invoice/submit?session=67767,1
http://twitter.com/profile/user?id=104928&tab=activity,0
http://bc.vc/p9yJYW7,1
https://m.mit.edu/wiki/Artificial_intelligence?session_id=9130&lang=en,0
https://m.archive.org/library/archive/research_paper_v3.pdf?session_id=4219&lang=en,0
http://paypa1-verification.men/login?auth=true,1
http://customer-service-amazon.trade/webscr/ebayisapi/submit?session=70142,1
https://docs.twitter.com/watch?v=dQw4w9WgXcQ,0
https://docs.cnn.com/about,0
https://customer-service-google.faith/webscr/alert/submit?session=37218,1
https://netflix-password-center.space/password/verify,1
https://api.github.com/contact,0
https://support.netflix.com/projects/open-source-software,0
http://bit.do/XyI8roc,1
http://134.168.229.97/metamask/auth.html,1
http://validate-portal.top/index.php?token=d513888dc54d89b4df86d0e7500056a1&target=paypal,1
http://89.172.112.161/amazon/ebayisapi.html,1
http://m.wikipedia.org/watch?v=dQw4w9WgXcQ,0
http://bit.ly/dsAaiYT,1
http://buff.ly/LyJOVUE,1
http://authentication-portal.top/index.php?token=b08067ec9f5a5486e479f6865d571650&target=paypal,1
https://blog.netflix.com/contact,0
http://customer-service-wellsfargo.review/webscr/invoice/submit?session=18940,1
https://208.99.206.160/usps/service.html,1
https://docs.github.com/search?q=machine+learning+tutorial&page=2,0
https://api.theguardian.com/docs/v2/getting-started.html,0
https://support.theguardian.com,0
https://docs.stanford.edu,0
https://m.harvard.edu/courses/cs101/syllabus,0
https://gitlab.com/wiki/Artificial_intelligence?session_id=67353&lang=en,0
https://www.reddit.com/library/archive/research_paper_v3.pdf,0
http://78.63.150.195/netflix/billing.html,1
https://api.paypal.com/library/archive/research_paper_v3.pdf,0
https://m.oracle.com/search?q=machine+learning+tutorial&page=2,0
http://paypa1-portal.date/login?auth=true,1
https://docker.com/courses/cs101/syllabus,0
https://docs.yahoo.com/library/archive/research_paper_v3.pdf?session_id=30188&lang=en,0
https://blog.wikipedia.org/news/technology/science-updates,0
http://94.18.100.134:8080/fedex/signin.html,1
http://47.23.30.235:8000/chase/unlock.html,1
https://support.paypal.com/news/technology/science-updates,0
http://authentication-portal.cc/index.php?token=01428d49359bf9220014aa76dbff4a30&target=fedex,1
https://m.coursera.org/help/faq/account-settings,0
http://binance.com.login-8193e3.top/login,1
http://customer-service-google.country/webscr/pay/submit?session=98369,1
https://docs.netflix.com/privacy-policy?session_id=51409&lang=en,0
https://docs.twitter.com/courses/cs101/syllabus,0
https://www.mit.edu/terms-of-service,0
https://api.archive.org/about?session_id=40745&lang=en,0
https://blog.yahoo.com/help/faq/account-settings,0
http://bc.vc/MJCoc0i,1
https://docs.twitter.com/library/archive/research_paper_v3.pdf,0
https://blog.github.com,0
http://customer-service-coinbase.club/webscr/login/submit?session=56224,1
https://api.tumblr.com,0
https://reddit.com/privacy-policy,0
https://tumblr.com,0
http://banking-portal.com/index.php?token=32558da9f5b47e160cec4ac63baf4001&target=dhl,1
http://instagram.com.auth-6348d4.rest/auth,1
https://pinterest.com/contact,0
https://api.microsoft.com/contact,0
https://github.com/api/v1/status?format=json,0
http://usps.com.alert-6915a8.top/alert,1
https://api.oracle.com/blog/2024/05/machine-learning-advances,0
https://support.nih.gov/watch?v=dQw4w9WgXcQ,0
https://www.salesforce.com/,0
https://api.adobe.com/products/enterprise/pricing?session_id=91681&lang=en,0
https://api.chase.com/privacy-policy,0
http://fedex.com.pay-c992ca.cricket/pay,1
http://68.67.179.84:8000/wellsfargo/portal.html,1
https://docs.zoom.us/about,0
http://banking-portal.com/index.php?token=a9a081249c8b41827d096af1736ba264&target=dhl,1
https://instagram-secure-login.download/login?auth=true,1
https://m.stackoverflow.com/projects/open-source-software,0
https://paypal.com.validate-713fc7.win/validate,1
http://c0inbas3-account.trade/login?auth=true,1
https://www.chase.com/watch?v=dQw4w9WgXcQ,0
http://paypal-unlock-center.cf/unlock/verify,1
http://bankofamerica-password-center.tk/password/verify,1
https://www.ieee.org/products/enterprise/pricing?session_id=41026&lang=en,0
http://confirm-portal.top/index.php?token=b1eb4ec28395f979e5c91e1700670914&target=wellsfargo,1
https://api.cnn.com/api/v1/status?format=json,0
https://docs.gitlab.com/news/technology/science-updates,0
http://g00g13-recover.science/login?auth=true,1
https://docs.tumblr.com/help/faq/account-settings,0
https://yahoo.com/search?q=machine+learning+tutorial&page=2,0
http://amaz0n-banking.download/login?auth=true,1
https://www.oracle.com/wiki/Artificial_intelligence,0
http://194.216.243.242/netflix/verify.html,1
https://support.docker.com/help/faq/account-settings?session_id=95412&lang=en,0
http://alert-portal.top/index.php?token=4e97ae0f9db7ae5fe6813f7e7727340e&target=apple,1
https://api.dropbox.com,0
https://m.ubuntu.com/courses/cs101/syllabus,0
https://m.microsoft.com/about,0
http://buff.ly/BKdgFcw,1
https://amazon-validate-center.webcam/validate/verify,1
http://secure-portal.top/index.php?token=d0cae69e836d44fa646eb1ac52be64fd&target=wellsfargo,1
https://dropbox-update-center.ga/update/verify,1
https://webscr-portal.com/index.php?token=64f83c6790c2f86bab6da4eee90fe4b0&target=usps,1
https://api.kaggle.com/products/enterprise/pricing?session_id=40935&lang=en,0
http://bit.ly/pXBFBvR,1
https://m.docker.com/,0
https://www.youtube.com/blog/2024/05/machine-learning-advances?session_id=78849&lang=en,0
https://blog.spotify.com/library/archive/research_paper_v3.pdf,0
http://customer-service-amazon.icu/webscr/password/submit?session=17940,1
https://63.61.8.56:8000/dropbox/payment.html,1
https://pinterest.com/search?q=machine+learning+tutorial&page=2,0
http://signin-portal.cc/index.php?token=123ce3eeb8669439face0666f5547fe6&target=binance,1
http://verify-portal.top/index.php?token=24d531c218082e8ce65e5d5636b480a8&target=fedex,1
http://goo.gl/fbTiO79,1
https://www.apple.com/blog/2024/05/machine-learning-advances,0
https://api.quora.com/?session_id=53037&lang=en,0
http://www.mozilla.org/search?q=machine+learning+tutorial&page=2,0
http://154.183.241.91:8888/netflix/confirm.html,1
https://paypal.com.unlock-36bb0c.loan/unlock,1
https://api.pinterest.com,0
http://apple.com.webscr-929f34.buzz/webscr,1
https://api.intel.com,0
http://apple-verification-center.loan/verification/verify,1
http://api.linkedin.com/downloads/releases/version-4.1.2.tar.gz,0
https://165.140.222.19:3000/netflix/login.html,1
https://support.oracle.com/news/technology/science-updates,0
http://secure-portal.top/index.php?token=8a18aac10c65d9e092f2ec5da9d20f80&target=usps,1
https://wikipedia.org/downloads/releases/version-4.1.2.tar.gz?session_id=49026&lang=en,0
http://194.27.23.100:8888/dhl/suspended.html,1
https://m.cnn.com/docs/v2/getting-started.html,0
https://support.youtube.com/,0
https://www.dropbox.com/downloads/releases/version-4.1.2.tar.gz,0
http://dropbox-wallet-center.webcam/wallet/verify,1
http://206.84.1.168:3000/fedex/validate.html,1
https://oracle.com/library/archive/research_paper_v3.pdf,0
https://api.arxiv.org/wiki/Artificial_intelligence,0
https://www.tumblr.com/,0
http://chas3-invoice.science/login?auth=true,1
https://m.salesforce.com/contact,0
http://customer-service-netflix.download/webscr/portal/submit?session=76452,1
https://www.sciencedirect.com/help/faq/account-settings?session_id=36739&lang=en,0
http://api.salesforce.com/privacy-policy,0
https://m.cloudflare.com/docs/v2/getting-started.html,0
https://support.nature.com/courses/cs101/syllabus?session_id=46582&lang=en,0
https://support.bbc.co.uk/privacy-policy,0
http://invoice-portal.cc/index.php?token=adf5a7f94c91ae013ccdcf3da83b7706&target=binance,1
https://update-portal.com/index.php?token=86960e6f6b6523b2196ced25100c298f&target=instagram,1
https://www.cloudflare.com/downloads/releases/version-4.1.2.tar.gz,0
https://customer-service-wellsfargo.faith/webscr/verification/submit?session=62820,1
https://www.coursera.org/courses/cs101/syllabus,0
http://blog.coursera.org/news/technology/science-updates?session_id=46238&lang=en,0
http://invoice-portal.com/index.php?token=f0ee2b07d8b2777bc1c45b786090e202&target=paypal,1
https://adobe.com/docs/v2/getting-started.html,0
https://support.google.com/api/v1/status?format=json,0
http://goo.gl/dXsavYc,1
http://apple-service-center.icu/service/verify,1
https://blog.medium.com/downloads/releases/version-4.1.2.tar.gz,0
http://adf.ly/njxJTPt,1
http://customer-service-fedex.ml/webscr/banking/submit?session=84124,1
http://customer-service-usps.webcam/webscr/webscr/submit?session=65303,1
http://dropbox-service-center.trade/service/verify,1
https://spotify.com/,0
https://customer-service-coinbase.gdn/webscr/webscr/submit?session=21272,1
http://google-payment-center.stream/payment/verify,1
https://cnn.com/profile/user?id=104928&tab=activity,0
https://nasa.gov/privacy-policy,0
https://reddit.com/products/enterprise/pricing?session_id=61423&lang=en,0
https://support.apple.com/courses/cs101/syllabus?session_id=14816&lang=en,0
https://blog.gitlab.com/downloads/releases/version-4.1.2.tar.gz,0
http://108.35.227.15:8080/chase/confirm.html,1
https://docs.linkedin.com/help/faq/account-settings,0
https://m.twitter.com/search?q=machine+learning+tutorial&page=2,0
http://t.co/fP5IBFL,1
http://support.edx.org/api/v1/status?format=json,0
https://oracle.com,0
http://rb.gy/Oaz2h20,1
https://customer-service-apple.buzz/webscr/support/submit?session=43050,1
http://bit.do/RRgmXms,1
https://www.sciencedirect.com/watch?v=dQw4w9WgXcQ,0
https://arxiv.org/library/archive/research_paper_v3.pdf,0
https://m.gitlab.com/api/v1/status?format=json,0
https://docs.amazon.com/docs/v2/getting-started.html,0
http://customer-service-usps.faith/webscr/login/submit?session=48863,1
http://support.quora.com/about,0
http://paypal.com.service-e84d59.racing/service,1
https://www.cnn.com/blog/2024/05/machine-learning-advances?session_id=56270&lang=en,0
http://apple-payment-center.club/payment/verify,1
http://login-portal.cc/index.php?token=1decc55e1dc629cd4edd2c0a89e6f1f6&target=chase,1
http://ebayisapi-portal.cc/index.php?token=25974838f85eef4c1f6799f2fdd51811&target=instagram,1
https://archive.org/contact?session_id=78984&lang=en,0
http://dropbox-authentication-center.bid/authentication/verify,1
http://98.190.77.105:8888/microsoft/billing.html,1
http://instagram.com.password-702b53.buzz/password,1
https://docs.theguardian.com/docs/v2/getting-started.html?session_id=59220&lang=en,0
http://app13-billing.trade/login?auth=true,1
http://tiny.cc/Ji1otuw,1
https://intel.com/docs/v2/getting-started.html,0
https://support.wikipedia.org/about,0
https://m.linkedin.com/terms-of-service,0
https://docs.harvard.edu/downloads/releases/version-4.1.2.tar.gz,0
http://www.bbc.co.uk,0
http://cutt.ly/4Hx0NuA,1
https://m.gitlab.com/downloads/releases/version-4.1.2.tar.gz?session_id=1540&lang=en,0
http://blog.youtube.com/downloads/releases/version-4.1.2.tar.gz,0
https://apple.com.signin-9bdbbb.buzz/signin,1
http://www.amazon.com/library/archive/research_paper_v3.pdf,0
http://61.195.31.116/binance/security.html,1
https://usps-update-center.icu/update/verify,1
https://facebook.com.ebayisapi-420a9b.win/ebayisapi,1
https://m.duckduckgo.com/products/enterprise/pricing,0
http://paypa1-portal.info/login?auth=true,1
http://amazon.com.update-02498b.xyz/update,1
http://metamask-verify-center.work/verify/verify,1
http://amaz0n-recover.fit/login?auth=true,1
https://api.sciencedirect.com/search?q=machine+learning+tutorial&page=2,0
http://usps-ebayisapi-center.top/ebayisapi/verify,1
http://is.gd/Ia0DnDG,1
https://nih.gov/contact,0
http://is.gd/J4CxQhB,1
https://ieee.org/courses/cs101/syllabus?session_id=95409&lang=en,0
http://wellsfargo.com.account-6a8926.icu/account,1
https://api.bbc.co.uk/wiki/Artificial_intelligence,0
http://ieee.org/help/faq/account-settings?session_id=1037&lang=en,0
https://chas3-invoice.org/login?auth=true,1
http://password-portal.com/index.php?token=ba002d32894b684a27faf23a4aab9a82&target=usps,1
http://instagram.com.login-2ff524.cricket/login,1
https://nasa.gov/news/technology/science-updates,0
http://116.214.147.160:3000/usps/suspended.html,1
https://www.amazon.com/contact,0
https://support.cloudflare.com/search?q=machine+learning+tutorial&page=2,0
http://customer-service-microsoft.gdn/webscr/authentication/submit?session=39220,1
https://m.cloudflare.com/downloads/releases/version-4.1.2.tar.gz,0
https://support.nytimes.com/search?q=machine+learning+tutorial&page=2,0
http://binance.com.security-f7e03c.kim/security,1
http://validate-portal.cc/index.php?token=c4b2cd84a33ec6d5e0b9b28367966612&target=wellsfargo,1
https://m.mozilla.org/news/technology/science-updates,0
https://amazon-webscr-center.gq/webscr/verify,1
http://metamask-login-center.top/login/verify,1
http://microsoft-service-center.top/service/verify,1
https://support.twitter.com/profile/user?id=104928&tab=activity,0
http://docs.quora.com/news/technology/science-updates,0
https://suspended-portal.cc/index.php?token=261d0e66215eba647ef5c571f460085c&target=paypal,1
https://m.google.com/courses/cs101/syllabus,0
https://api.docker.com/docs/v2/getting-started.html,0
https://support.bbc.co.uk/privacy-policy,0
https://85.225.141.103/wellsfargo/payment.html,1
http://verification-portal.cc/index.php?token=970e8a59474353c4dbd4dd19bf74d903&target=binance,1
https://support.docker.com/about,0
http://amazon.com.invoice-42dc15.buzz/invoice,1
http://password-portal.cc/index.php?token=edf69d2c3701a8007e4063330c5874bb&target=paypal,1
https://harvard.edu/wiki/Artificial_intelligence,0
https://api.oracle.com/,0
http://cutt.ly/O5DIiVV,1
http://amazon.com/terms-of-service?session_id=94528&lang=en,0
http://c0inbas3-unlock.space/login?auth=true,1
https://docs.twitch.tv/library/archive/research_paper_v3.pdf?session_id=6100&lang=en,0
http://netflix.com.signin-c9c5ef.date/signin,1
http://m.pinterest.com,0
http://191.14.84.250:8080/netflix/alert.html,1
https://m.arxiv.org/privacy-policy,0
http://api.spotify.com/search?q=machine+learning+tutorial&page=2,0
https://customer-service-wellsfargo.date/webscr/portal/submit?session=97014,1
http://netflix-verification-center.tk/verification/verify,1
https://m3tamask-verify.xyz/login?auth=true,1
http://t.co/BOu7Bwk,1
http://facebook-service-center.review/service/verify,1
http://docs.wikipedia.org/search?q=machine+learning+tutorial&page=2,0
http://app13-account.party/login?auth=true,1
https://support.bbc.co.uk/profile/user?id=104928&tab=activity,0
https://billing-portal.cc/index.php?token=1df1b50a8ff8057ad33a1a89e17708b9&target=instagram,1
https://docs.amazon.com/,0
https://support.medium.com/projects/open-source-software,0
https://dh1-signin.gdn/login?auth=true,1
https://api.pinterest.com/products/enterprise/pricing,0
http://blog.pinterest.com/docs/v2/getting-started.html?session_id=7166&lang=en,0
http://binance.com.invoice-ccea5a.gq/invoice,1
https://quora.com,0
https://instagram-secure-update.xyz/login?auth=true,1
https://amazon-suspended-center.country/suspended/verify,1
http://signin-portal.top/index.php?token=3d78817886930990e88b4d441384af42&target=facebook,1
http://google.com.invoice-2b3020.cf/invoice,1
https://www.chase.com/products/enterprise/pricing,0
https://api.stanford.edu/search?q=machine+learning+tutorial&page=2,0
https://www.apple.com/docs/v2/getting-started.html,0
http://shorte.st/3ZXek2y,1
http://api.gitlab.com/downloads/releases/version-4.1.2.tar.gz,0
http://micr0s0ft-validate.buzz/login?auth=true,1
https://support-portal.cc/index.php?token=6d7a51fb928737fa54999855b297053f&target=chase,1
https://w311sfarg0-payment.stream/login?auth=true,1
http://shorte.st/ff9k33F,1
https://www.kaggle.com/blog/2024/05/machine-learning-advances,0
http://customer-service-netflix.download/webscr/invoice/submit?session=77889,1
https://invoice-portal.top/index.php?token=38467abe3c4f944cc9b27dd722103e78&target=bankofamerica,1
http://support.nytimes.com/watch?v=dQw4w9WgXcQ,0
http://coinbase-support-center.stream/support/verify,1
https://docs.twitch.tv/,0
https://bankofamerica.com.auth-9bb8f4.webcam/auth,1
https://78.6.239.15:8000/metamask/support.html,1
http://bbc.co.uk/help/faq/account-settings?session_id=59287&lang=en,0
http://metamask.com.ebayisapi-8e0ff1.kim/ebayisapi,1
https://blog.nih.gov/contact,0
https://m.mit.edu/search?q=machine+learning+tutorial&page=2,0
http://fac3b00k-account.ga/login?auth=true,1
https://api.cloudflare.com/products/enterprise/pricing?session_id=88720&lang=en,0
https://support.intel.com/news/technology/science-updates?session_id=90224&lang=en,0
https://api.arxiv.org/,0
https://support.linkedin.com/help/faq/account-settings,0
https://dhl-password-center.country/password/verify,1
http://chase-validate-center.trade/validate/verify,1
http://support.youtube.com/watch?v=dQw4w9WgXcQ,0
https://blog.nasa.gov/help/faq/account-settings,0
https://docs.nature.com/watch?v=dQw4w9WgXcQ,0
https://blog.nasa.gov/search?q=machine+learning+tutorial&page=2,0
http://amazon-alert-center.party/alert/verify,1
https://docs.linkedin.com/search?q=machine+learning+tutorial&page=2,0
https://www.zoom.us/blog/2024/05/machine-learning-advances?session_id=71701&lang=en,0
https://support.arxiv.org/search?q=machine+learning+tutorial&page=2,0
http://customer-service-google.ga/webscr/auth/submit?session=89448,1
https://docs.amazon.com,0
https://blog.zoom.us/privacy-policy?session_id=31149&lang=en,0
https://support.chase.com/watch?v=dQw4w9WgXcQ,0
https://blog.youtube.com/api/v1/status?format=json,0
http://recover-portal.com/index.php?token=ec94f7bd1da43cdf8fb22383783c21a8&target=metamask,1
https://api.intel.com/blog/2024/05/machine-learning-advances,0
https://blog.docker.com/news/technology/science-updates,0
http://customer-service-facebook.space/webscr/security/submit?session=66099,1
https://docs.theguardian.com/search?q=machine+learning+tutorial&page=2,0
http://120.227.98.46/binance/verify.html,1
https://update-portal.cc/index.php?token=e9410328005b2751f22bc1e554689ab0&target=metamask,1
http://is.gd/COF4lvU,1
https://docs.microsoft.com,0
https://api.linkedin.com/contact,0
https://support.kaggle.com/news/technology/science-updates?session_id=56666&lang=en,0
http://m.ubuntu.com/news/technology/science-updates,0
http://bankofamerica-service-center.space/service/verify,1
http://metamask-support-center.win/support/verify,1
http://bankofamerica.com.auth-332ebf.space/auth,1
https://c0inbas3-support.tk/login?auth=true,1
http://usps.com.support-aed48d.kim/support,1
https://api.oracle.com/,0
http://122.45.30.181:8080/wellsfargo/support.html,1
https://api.kaggle.com/news/technology/science-updates,0
http://binance.com.signin-e2b6eb.icu/signin,1
https://docs.stackoverflow.com/courses/cs101/syllabus,0
http://93.45.161.181/facebook/wallet.html,1
https://support.apple.com,0
https://account-portal.cc/index.php?token=e513598546f0a92b044cd54c70117081&target=google,1
https://coinbase.com.update-6f0388.space/update,1
https://docs.microsoft.com/watch?v=dQw4w9WgXcQ,0
https://spotify.com/help/faq/account-settings,0
https://m.nasa.gov/blog/2024/05/machine-learning-advances,0
https://blog.cloudflare.com/products/enterprise/pricing,0
http://wellsfargo-support-center.top/support/verify,1
http://dh1-support.ml/login?auth=true,1
https://microsoft.com/news/technology/science-updates,0
https://wikipedia.org/blog/2024/05/machine-learning-advances,0
https://blog.amazon.com/courses/cs101/syllabus?session_id=79386&lang=en,0
http://microsoft-secure-center.date/secure/verify,1
https://blog.nih.gov/,0
http://customer-service-chase.ga/webscr/account/submit?session=36041,1
https://blog.paypal.com/,0
https://www.reddit.com/about,0
https://m.kaggle.com/watch?v=dQw4w9WgXcQ,0
https://service-portal.top/index.php?token=4fae60d6d3c40b0c2b112c182bfbb44d&target=metamask,1
https://api.amazon.com/terms-of-service,0
https://google.com.invoice-66aed2.gq/invoice,1
https://f3d3x-banking.com/login?auth=true,1
https://blog.duckduckgo.com/contact,0
https://support.reddit.com/projects/open-source-software?session_id=35079&lang=en,0
https://94.191.57.79/instagram/payment.html,1
http://auth-portal.cc/index.php?token=e830765813f6359a5cf12d73297b93c4&target=bankofamerica,1
https://api.microsoft.com/downloads/releases/version-4.1.2.tar.gz?session_id=86199&lang=en,0
https://facebook-signin-center.ml/signin/verify,1
http://update-portal.cc/index.php?token=24b07bb270a6c527290ed00b38facfec&target=instagram,1
http://update-portal.cc/index.php?token=1a2527dc8d79eec1ee1a92132957adcf&target=fedex,1
https://docs.mit.edu/about?session_id=96702&lang=en,0
http://w311sfarg0-portal.info/login?auth=true,1
https://blog.microsoft.com/watch?v=dQw4w9WgXcQ,0
http://shorte.st/MY0liFd,1
https://m.apple.com/profile/user?id=104928&tab=activity,0
http://customer-service-bankofamerica.faith/webscr/validate/submit?session=96266,1
https://www.medium.com/help/faq/account-settings,0
http://customer-service-chase.rest/webscr/unlock/submit?session=85873,1
https://m.stanford.edu/products/enterprise/pricing?session_id=23037&lang=en,0
http://instagram-invoice-center.cam/invoice/verify,1
https://c0inbas3-update.fit/login?auth=true,1
https://www.paypal.com/profile/user?id=104928&tab=activity,0
http://customer-service-usps.download/webscr/portal/submit?session=50063,1
https://kaggle.com/products/enterprise/pricing?session_id=13387&lang=en,0
https://support.chase.com/downloads/releases/version-4.1.2.tar.gz,0
http://customer-service-instagram.buzz/webscr/billing/submit?session=24779,1
https://api.nytimes.com/products/enterprise/pricing,0
https://wellsfargo.com.unlock-2a835e.gdn/unlock,1
http://apple.com.webscr-f02bdf.cf/webscr,1
https://m3tamask-recover.accountant/login?auth=true,1
http://tiny.cc/EuoxNpk,1
http://ow.ly/HzrXrrI,1
http://g00g13-pay.gq/login?auth=true,1
http://dropbox-security-center.work/security/verify,1
https://support.stackoverflow.com/watch?v=dQw4w9WgXcQ,0
https://paypal.com/profile/user?id=104928&tab=activity,0
https://m.cnn.com/search?q=machine+learning+tutorial&page=2,0
http://www.zoom.us/watch?v=dQw4w9WgXcQ,0
http://customer-service-microsoft.rest/webscr/authentication/submit?session=48187,1
http://bit.ly/yHPZPl3,1
https://chase-secure-center.kim/secure/verify,1
http://twitter.com/contact,0
http://129.203.225.233/dropbox/auth.html,1
http://adf.ly/CliFLzD,1
http://160.50.252.117/dropbox/signin.html,1
http://bit.ly/tk1bfE8,1
https://m.stackoverflow.com,0
http://56.62.246.210/dropbox/verify.html,1
https://api.tumblr.com/library/archive/research_paper_v3.pdf,0
http://chase.com.verify-77a90a.fit/verify,1
https://ieee.org/contact?session_id=53510&lang=en,0
https://blog.ieee.org/docs/v2/getting-started.html,0
http://tinyurl.com/xhToTrf,1
https://blog.linkedin.com/library/archive/research_paper_v3.pdf,0
https://medium.com/products/enterprise/pricing,0
https://coinbase-service-center.ga/service/verify,1
https://billing-portal.top/index.php?token=3059ab65a65c42f7b762a6060004fe13&target=facebook,1
https://docs.github.com/docs/v2/getting-started.html,0
https://docs.harvard.edu/blog/2024/05/machine-learning-advances,0
https://mit.edu/products/enterprise/pricing,0
https://www.mozilla.org/contact,0
https://blog.zoom.us/search?q=machine+learning+tutorial&page=2,0
https://www.pinterest.com/wiki/Artificial_intelligence,0
https://m.edx.org/watch?v=dQw4w9WgXcQ,0
https://customer-service-google.science/webscr/security/submit?session=45620,1
http://customer-service-coinbase.cricket/webscr/billing/submit?session=58979,1
https://www.gitlab.com/watch?v=dQw4w9WgXcQ,0
https://blog.adobe.com/projects/open-source-software,0
https://m.ieee.org/terms-of-service,0
https://paypa1-billing.gq/login?auth=true,1
https://support.dropbox.com/privacy-policy,0
https://blog.ieee.org/docs/v2/getting-started.html,0
https://www.chase.com/privacy-policy,0
https://m.zoom.us/,0
http://m3tamask-recover.country/login?auth=true,1
http://123.212.98.43:8888/dhl/support.html,1
https://www.spotify.com/search?q=machine+learning+tutorial&page=2,0
https://support.wikipedia.org/contact,0
https://support.bbc.co.uk,0
https://stanford.edu/api/v1/status?format=json,0
http://goo.gl/gqAnqxW,1
http://security-portal.com/index.php?token=f71aa2b33b9b2522634fd9e98956e664&target=binance,1
http://dhl.com.webscr-0f5a7a.party/webscr,1
http://m.github.com/api/v1/status?format=json,0
https://w311sfarg0-verify.space/login?auth=true,1
https://blog.youtube.com/courses/cs101/syllabus,0
https://m.duckduckgo.com/search?q=machine+learning+tutorial&page=2,0
http://customer-service-wellsfargo.country/webscr/login/submit?session=82554,1
http://binance-wallet-center.top/wallet/verify,1
http://adf.ly/ecN6Ztr,1
http://tiny.cc/SCZ209H,1
http://micr0s0ft-recover.trade/login?auth=true,1
https://api.nasa.gov/blog/2024/05/machine-learning-advances?session_id=27370&lang=en,0
https://docs.microsoft.com/,0
https://www.nature.com/blog/2024/05/machine-learning-advances?session_id=58577&lang=en,0
http://m.coursera.org/?session_id=74772&lang=en,0
http://metamask-portal-center.fit/portal/verify,1
https://customer-service-amazon.icu/webscr/pay/submit?session=41272,1
http://114.235.65.129/paypal/recover.html,1
http://bankofamerica.com.invoice-120280.cf/invoice,1
https://docker.com/projects/open-source-software,0
https://pay-portal.top/index.php?token=bb7b1800f538c9386f89ec4f40182c20&target=microsoft,1
https://customer-service-coinbase.space/webscr/account/submit?session=97652,1
http://ow.ly/557f353,1
http://portal-portal.top/index.php?token=924dbdc35261506e87867fccd300165d&target=bankofamerica,1
https://amazon.com/watch?v=dQw4w9WgXcQ,0
http://customer-service-amazon.icu/webscr/pay/submit?session=20982,1
https://api.netflix.com/,0
https://www.mit.edu,0
http://buff.ly/LfGYga3,1
https://docs.harvard.edu/watch?v=dQw4w9WgXcQ,0
http://cutt.ly/kOH4FkG,1
http://is.gd/zXROZ2C,1
http://account-portal.top/index.php?token=b667b26dbaf06548a8131ac048db2d1d&target=apple,1
https://m.mit.edu/privacy-policy,0
https://docs.zoom.us/api/v1/status?format=json,0
https://api.cloudflare.com/wiki/Artificial_intelligence,0
https://netflix.com/news/technology/science-updates,0
https://api.spotify.com/,0
https://g00g13-validate.rest/login?auth=true,1
https://blog.cnn.com/news/technology/science-updates,0
http://rb.gy/ujrW1jz,1
https://support.kaggle.com/privacy-policy,0
http://customer-service-microsoft.icu/webscr/alert/submit?session=80577,1
http://customer-service-dhl.icu/webscr/pay/submit?session=32323,1
https://m.nasa.gov/about,0
http://bit.ly/9kDDVhb,1
http://apple-update-center.space/update/verify,1
http://dr0pb0x-billing.trade/login?auth=true,1
https://support.tumblr.com/docs/v2/getting-started.html,0
http://82.51.63.83:8080/paypal/verify.html,1
https://api.twitter.com/help/faq/account-settings,0
http://nytimes.com/news/technology/science-updates,0
http://dhl.com.billing-13679e.cf/billing,1
https://support.nature.com/help/faq/account-settings,0
https://sciencedirect.com/profile/user?id=104928&tab=activity,0
http://m.oracle.com/privacy-policy,0
http://fedex.com.payment-74f0cc.ml/payment,1
http://api.mozilla.org/privacy-policy,0
https://yahoo.com/downloads/releases/version-4.1.2.tar.gz,0
http://g00g13-support.buzz/login?auth=true,1
https://customer-service-facebook.loan/webscr/security/submit?session=29837,1
https://support.coursera.org/news/technology/science-updates?session_id=69731&lang=en,0
http://customer-service-coinbase.tk/webscr/secure/submit?session=66606,1
https://support.stanford.edu/docs/v2/getting-started.html,0
http://177.43.55.63/binance/verification.html,1
http://docs.docker.com/profile/user?id=104928&tab=activity,0
https://www.docker.com/docs/v2/getting-started.html,0
https://billing-portal.cc/index.php?token=b52d9d3c4d7db2b2b2a71175e6176049&target=fedex,1
https://google-wallet-center.racing/wallet/verify,1
http://customer-service-apple.accountant/webscr/banking/submit?session=45369,1
http://binance.com.secure-0aa58b.webcam/secure,1
http://cnn.com/help/faq/account-settings,0
https://www.cloudflare.com/api/v1/status?format=json,0
https://customer-service-instagram.country/webscr/confirm/submit?session=39202,1
https://m.microsoft.com/privacy-policy?session_id=94961&lang=en,0
https://www.adobe.com/,0
https://api.netflix.com/projects/open-source-software,0
https://gitlab.com/wiki/Artificial_intelligence?session_id=62018&lang=en,0
http://bankofamerica.com.signin-ccce96.accountant/signin,1
https://support.edx.org/downloads/releases/version-4.1.2.tar.gz,0
https://ubuntu.com/docs/v2/getting-started.html,0
http://blog.chase.com/courses/cs101/syllabus,0
https://blog.ieee.org/api/v1/status?format=json,0
https://www.nature.com/privacy-policy?session_id=85985&lang=en,0
http://118.27.217.245/instagram/wallet.html,1
https://www.mit.edu/about,0
http://123.10.230.137/paypal/authentication.html,1
http://g00g13-unlock.accountant/login?auth=true,1
http://bankofamerica-auth-center.win/auth/verify,1
https://spotify.com/help/faq/account-settings?session_id=28964&lang=en,0
https://api.youtube.com/wiki/Artificial_intelligence?session_id=45798&lang=en,0
https://m.mozilla.org/help/faq/account-settings,0
https://www.theguardian.com/privacy-policy,0
http://api.microsoft.com,0
https://secure-portal.com/index.php?token=b49019bb9d9f3b33016f41031b6572a1&target=wellsfargo,1
https://ebayisapi-portal.com/index.php?token=32b6e5cf6d72b6fdc6d256de2f307437&target=fedex,1
https://www.cloudflare.com/watch?v=dQw4w9WgXcQ,0
https://support.yahoo.com/contact?session_id=31497&lang=en,0
https://api.theguardian.com/help/faq/account-settings,0
http://t.co/akZI1g6,1
https://customer-service-amazon.webcam/webscr/payment/submit?session=61280,1
http://amazon-signin-center.ml/signin/verify,1
http://bit.ly/0Z1nSbe,1
http://105.31.93.237/google/webscr.html,1
https://api.coursera.org/blog/2024/05/machine-learning-advances,0
https://m.mit.edu/about,0
https://167.86.225.182:8000/fedex/recover.html,1
https://docs.nature.com/wiki/Artificial_intelligence?session_id=90889&lang=en,0
https://docs.cnn.com/terms-of-service,0
http://dropbox.com.password-b3b928.trade/password,1
https://blog.coursera.org/profile/user?id=104928&tab=activity,0
http://t.co/GhwXtXd,1
https://blog.medium.com/docs/v2/getting-started.html,0
http://130.126.51.22/amazon/confirm.html,1
https://support.linkedin.com/downloads/releases/version-4.1.2.tar.gz,0
http://dropbox.com.verify-15d9ae.xyz/verify,1
http://support.mozilla.org/library/archive/research_paper_v3.pdf?session_id=41760&lang=en,0
https://app13-alert.gdn/login?auth=true,1
http://goo.gl/mKdOZwU,1
http://instagram.com.wallet-5a080a.work/wallet,1
https://support.stanford.edu/downloads/releases/version-4.1.2.tar.gz,0
http://137.32.206.141/fedex/confirm.html,1
https://api.cnn.com/wiki/Artificial_intelligence?session_id=35452&lang=en,0
https://support.bbc.co.uk/wiki/Artificial_intelligence,0
https://api.mit.edu/docs/v2/getting-started.html,0
https://api.stanford.edu/contact,0
https://m.oracle.com/downloads/releases/version-4.1.2.tar.gz?session_id=10514&lang=en,0
http://login-portal.top/index.php?token=0685faeffa072ece2525072f5addd474&target=binance,1
http://tinyurl.com/W63uaqw,1
http://customer-service-wellsfargo.faith/webscr/support/submit?session=20438,1
http://rb.gy/FxsRuYi,1
http://secure-portal.top/index.php?token=995dadf6ad4b4486df11c379a1cb8d68&target=facebook,1
https://nature.com/library/archive/research_paper_v3.pdf,0
http://201.204.123.35/amazon/payment.html,1
https://www.apple.com/courses/cs101/syllabus,0
http://signin-portal.cc/index.php?token=7983eb2b868e244fc4ceab978ede5b58&target=google,1
https://m.pinterest.com/products/enterprise/pricing,0
http://customer-service-dropbox.ga/webscr/unlock/submit?session=82416,1
https://blog.stanford.edu/blog/2024/05/machine-learning-advances?session_id=97948&lang=en,0
https://support.quora.com/contact,0
http://buff.ly/xuNEJUc,1
https://m.mozilla.org/products/enterprise/pricing,0
https://nih.gov/search?q=machine+learning+tutorial&page=2,0
https://blog.duckduckgo.com/library/archive/research_paper_v3.pdf,0
http://instagram-recover-center.gdn/recover/verify,1
http://netflix.com.confirm-669e37.win/confirm,1
http://confirm-portal.com/index.php?token=8c2f29fcf88a398cdf2edcfb3d6bb4fa&target=wellsfargo,1
http://customer-service-chase.faith/webscr/recover/submit?session=62017,1
https://authentication-portal.top/index.php?token=530514bd9a56e05577b3ba40dfa853f5&target=wellsfargo,1
https://customer-service-facebook.xyz/webscr/recover/submit?session=79331,1
https://zoom.us/downloads/releases/version-4.1.2.tar.gz,0
https://api.nih.gov/docs/v2/getting-started.html?session_id=88766&lang=en,0
http://paypal.com.service-c42e03.science/service,1
http://pay-portal.com/index.php?token=0f3669e622536911dc3adcc44a2062b4&target=amazon,1
http://wellsfargo.com.verify-57e3cf.rest/verify,1
https://support.adobe.com/projects/open-source-software?session_id=51422&lang=en,0
http://51.230.196.124/microsoft/secure.html,1
http://f3d3x-confirm.review/login?auth=true,1
https://support.zoom.us/terms-of-service?session_id=17662&lang=en,0
http://amazon.com.ebayisapi-c42d14.science/ebayisapi,1
https://support.tumblr.com/help/faq/account-settings,0
https://microsoft-authentication-center.review/authentication/verify,1
https://webscr-portal.cc/index.php?token=026a09a397790a29512d6b4785f4b99e&target=apple,1
http://customer-service-instagram.top/webscr/confirm/submit?session=97285,1
https://support.amazon.com/privacy-policy,0
https://api.duckduckgo.com/contact?session_id=20073&lang=en,0
https://wallet-portal.com/index.php?token=7b37b321097a7327acdde3b1ba6876cf&target=binance,1
http://w311sfarg0-portal.science/login?auth=true,1
http://cloudflare.com/,0
http://password-portal.top/index.php?token=c56d6b4f4cb292fd950419b161b6ab10&target=metamask,1
http://n3tf1ix-recover.buzz/login?auth=true,1
https://www.dropbox.com/terms-of-service?session_id=79908&lang=en,0
https://wellsfargo-unlock-center.gdn/unlock/verify,1
https://app13-wallet.faith/login?auth=true,1
http://wellsfargo.com.recover-5c2fb8.accountant/recover,1
https://www.theguardian.com/blog/2024/05/machine-learning-advances,0
https://netflix.com/api/v1/status?format=json,0
https://api.nih.gov/help/faq/account-settings,0
http://microsoft-verification-center.science/verification/verify,1
https://paypa1-support.cf/login?auth=true,1
https://blog.cnn.com/?session_id=38274&lang=en,0
http://buff.ly/uYtUcCp,1
https://bank0fam3rica-banking.download/login?auth=true,1
http://rb.gy/jNvO7qB,1
http://adf.ly/JFhrPxT,1
https://www.tumblr.com/docs/v2/getting-started.html?session_id=57369&lang=en,0
https://blog.spotify.com/downloads/releases/version-4.1.2.tar.gz,0
https://blog.spotify.com/wiki/Artificial_intelligence?session_id=15869&lang=en,0
http://customer-service-metamask.tk/webscr/service/submit?session=22589,1
https://blog.harvard.edu/profile/user?id=104928&tab=activity,0
https://customer-service-bankofamerica.fit/webscr/service/submit?session=33207,1
http://api.google.com/courses/cs101/syllabus,0
http://chase-auth-center.work/auth/verify,1
https://customer-service-instagram.gdn/webscr/billing/submit?session=88484,1
http://wellsfargo.com.pay-30b337.work/pay,1
http://wellsfargo.com.suspended-867129.icu/suspended,1
https://docs.ubuntu.com/blog/2024/05/machine-learning-advances,0
https://blog.microsoft.com/docs/v2/getting-started.html,0
https://chase.com/,0
http://149.43.3.254:8888/microsoft/password.html,1
http://goo.gl/azQJm49,1
http://micr0s0ft-pay.bid/login?auth=true,1
https://www.archive.org/downloads/releases/version-4.1.2.tar.gz,0
http://customer-service-apple.win/webscr/unlock/submit?session=11424,1
https://api.medium.com/news/technology/science-updates,0
http://customer-service-google.fit/webscr/verify/submit?session=13328,1
https://app13-verify.cf/login?auth=true,1
http://customer-service-paypal.ml/webscr/confirm/submit?session=32597,1
http://netflix.com.invoice-7b80ea.stream/invoice,1
https://customer-service-bankofamerica.bid/webscr/validate/submit?session=84588,1
http://validate-portal.top/index.php?token=3ce53bf00f167243c341ca2b411bc60d&target=amazon,1
https://micr0s0ft-recover.gq/login?auth=true,1
http://amazon-wallet-center.top/wallet/verify,1
http://twitter.com/api/v1/status?format=json,0
http://verification-portal.top/index.php?token=9e014f3e711bb97a6c1a6ecfa9c081ad&target=chase,1
https://api.github.com/news/technology/science-updates,0
https://dropbox.com/terms-of-service?session_id=86626&lang=en,0
https://support.linkedin.com/privacy-policy?session_id=13265&lang=en,0
https://support.intel.com/watch?v=dQw4w9WgXcQ,0
http://170.70.194.22:8080/paypal/account.html,1
https://chase.com.auth-b32ea7.webcam/auth,1
http://www.stackoverflow.com/downloads/releases/version-4.1.2.tar.gz,0
http://m3tamask-account.info/login?auth=true,1
https://google.com.portal-479ff6.loan/portal,1
https://update-portal.cc/index.php?token=51b05189bcb2e30307252a3b342d4f53&target=microsoft,1
https://secure-portal.cc/index.php?token=a63fed26faea0f40fb1bd9c561b99bdf&target=instagram,1
http://docs.cloudflare.com/products/enterprise/pricing,0
https://oracle.com/contact,0
https://microsoft-secure-center.download/secure/verify,1
http://is.gd/VslVEbf,1
http://199.25.12.18:8000/google/verify.html,1
https://paypal.com/,0
https://unlock-portal.top/index.php?token=77cfd9aafdb253bcedfc778442f77195&target=usps,1
http://edx.org,0
http://fedex-login-center.loan/login/verify,1
http://customer-service-facebook.xyz/webscr/ebayisapi/submit?session=99751,1
http://www.microsoft.com/help/faq/account-settings,0
https://docs.edx.org/privacy-policy,0
https://stanford.edu/products/enterprise/pricing?session_id=71571&lang=en,0
http://account-portal.top/index.php?token=b6a310dbfa2737b3992d022fe362165d&target=instagram,1
https://api.wikipedia.org,0
https://netflix.com,0
https://dropbox.com.login-d9a775.science/login,1
http://blog.zoom.us/terms-of-service?session_id=66058&lang=en,0
https://instagram-secure-portal.bid/login?auth=true,1
https://salesforce.com/news/technology/science-updates,0
http://m.harvard.edu/products/enterprise/pricing,0
http://is.gd/zI7xHVA,1
https://blog.arxiv.org/library/archive/research_paper_v3.pdf?session_id=10225&lang=en,0
http://is.gd/Hiyy5Br,1
https://dropbox.com.portal-873433.win/portal,1
https://blog.twitter.com/terms-of-service,0
http://184.132.69.74/chase/unlock.html,1
http://116.43.117.49:8000/coinbase/login.html,1
http://tiny.cc/owhBi36,1
https://blog.medium.com/docs/v2/getting-started.html,0
https://support.kaggle.com/api/v1/status?format=json,0
http://netflix-invoice-center.xyz/invoice/verify,1
http://google-confirm-center.gdn/confirm/verify,1
https://api.ubuntu.com,0
http://binance.com.webscr-7948e1.party/webscr,1
https://www.dropbox.com/wiki/Artificial_intelligence,0
https://chase.com/docs/v2/getting-started.html?session_id=57948&lang=en,0
http://customer-service-metamask.xyz/webscr/account/submit?session=44510,1
http://dropbox.com.alert-85dfb7.fit/alert,1
http://m.edx.org/search?q=machine+learning+tutorial&page=2,0
https://api.apple.com/terms-of-service,0
http://instagram.com.suspended-9cec73.cricket/suspended,1
https://api.linkedin.com/blog/2024/05/machine-learning-advances,0
https://support.wikipedia.org/api/v1/status?format=json,0
https://support.nih.gov/courses/cs101/syllabus?session_id=26688&lang=en,0
http://google-billing-center.cam/billing/verify,1
https://m.edx.org/news/technology/science-updates,0
https://instagram-secure-confirm.xyz/login?auth=true,1
https://blog.edx.org/search?q=machine+learning+tutorial&page=2,0
https://docs.youtube.com/watch?v=dQw4w9WgXcQ,0
http://buff.ly/KkSqVsT,1
https://wallet-portal.com/index.php?token=efb966f69940b7dadd60d9e1f38cfe75&target=netflix,1
https://salesforce.com/library/archive/research_paper_v3.pdf,0
https://m.nih.gov/news/technology/science-updates,0
http://shorte.st/gB85U4o,1
https://suspended-portal.cc/index.php?token=7eff57a960e69364eb87bbaeb30daaba&target=paypal,1
http://bankofamerica.com.verify-cc555e.men/verify,1
https://customer-service-paypal.kim/webscr/verify/submit?session=67492,1
https://chase.com/wiki/Artificial_intelligence,0
https://support.reddit.com/wiki/Artificial_intelligence,0
https://m.zoom.us/watch?v=dQw4w9WgXcQ,0
http://amaz0n-webscr.country/login?auth=true,1
http://customer-service-binance.space/webscr/suspended/submit?session=21751,1
https://binanc3-recover.win/login?auth=true,1
http://185.163.106.189:8000/metamask/signin.html,1
https://api.dropbox.com/api/v1/status?format=json,0
https://blog.harvard.edu/wiki/Artificial_intelligence,0
http://is.gd/5hECn2b,1
https://support.apple.com/downloads/releases/version-4.1.2.tar.gz,0
http://coinbase-authentication-center.gq/authentication/verify,1
http://app13-security.cricket/login?auth=true,1
https://linkedin.com/api/v1/status?format=json,0
https://m.netflix.com/,0
http://211.3.51.114:8000/chase/confirm.html,1
http://75.228.218.201/bankofamerica/login.html,1
https://m.paypal.com/docs/v2/getting-started.html,0
https://m.docker.com/wiki/Artificial_intelligence,0
https://support.nytimes.com/projects/open-source-software?session_id=53402&lang=en,0
https://g00g13-payment.top/login?auth=true,1
https://blog.edx.org/contact?session_id=61819&lang=en,0
https://login-portal.top/index.php?token=1c447c04d370add6f73d059772a582b5&target=amazon,1
https://www.archive.org/library/archive/research_paper_v3.pdf?session_id=93225&lang=en,0
http://facebook-banking-center.xyz/banking/verify,1
http://authentication-portal.top/index.php?token=6f28805d2a1b9fbb7bff378a59ef28a5&target=apple,1
https://m.wikipedia.org/?session_id=99328&lang=en,0
http://amaz0n-support.cf/login?auth=true,1
http://72.31.144.2:8000/metamask/unlock.html,1
http://139.8.40.160/facebook/payment.html,1
https://blog.ieee.org/about?session_id=30272&lang=en,0
https://docs.duckduckgo.com/api/v1/status?format=json,0
http://www.tumblr.com/contact,0
https://metamask-confirm-center.download/confirm/verify,1
https://api.reddit.com/blog/2024/05/machine-learning-advances,0
https://blog.linkedin.com/courses/cs101/syllabus,0
https://customer-service-metamask.work/webscr/unlock/submit?session=51470,1
http://customer-service-amazon.gdn/webscr/signin/submit?session=80510,1
https://m.stackoverflow.com/watch?v=dQw4w9WgXcQ,0
https://docs.archive.org/profile/user?id=104928&tab=activity,0
http://is.gd/GiWtACV,1
https://nasa.gov/watch?v=dQw4w9WgXcQ,0
https://blog.docker.com/terms-of-service,0
https://gitlab.com/contact,0
https://www.archive.org/courses/cs101/syllabus,0
http://is.gd/mw7BMQj,1
https://api.kaggle.com/courses/cs101/syllabus?session_id=60682&lang=en,0
https://docs.coursera.org/products/enterprise/pricing?session_id=74659&lang=en,0
https://support.microsoft.com/wiki/Artificial_intelligence,0
http://bankofamerica.com.payment-d8aaf7.faith/payment,1
https://m.adobe.com/privacy-policy?session_id=43287&lang=en,0
https://www.dropbox.com/library/archive/research_paper_v3.pdf,0
http://buff.ly/n274uvK,1
https://support.linkedin.com/projects/open-source-software?session_id=16970&lang=en,0
http://customer-service-fedex.science/webscr/portal/submit?session=44721,1
http://shorte.st/JG8mrLT,1
http://customer-service-apple.cam/webscr/recover/submit?session=63613,1
https://wallet-portal.top/index.php?token=0c1cb5de7e2775ab4b0166708e80608c&target=wellsfargo,1
http://is.gd/jDyrjaf,1
http://docs.medium.com/contact?session_id=1887&lang=en,0
https://docs.reddit.com/terms-of-service?session_id=68441&lang=en,0
http://173.169.161.129/chase/account.html,1
http://customer-service-usps.xyz/webscr/update/submit?session=23106,1
http://invoice-portal.cc/index.php?token=aa39ad684661340743252bfa99ef70be&target=binance,1
https://210.223.133.104/paypal/security.html,1
http://n3tf1ix-banking.ga/login?auth=true,1
http://bankofamerica-alert-center.country/alert/verify,1
https://docs.salesforce.com/products/enterprise/pricing,0
https://docs.pinterest.com/wiki/Artificial_intelligence,0
https://m.stanford.edu/api/v1/status?format=json,0
http://bc.vc/Xni1yNH,1
http://blog.coursera.org/docs/v2/getting-started.html,0
https://zoom.us/wiki/Artificial_intelligence,0
https://bbc.co.uk/library/archive/research_paper_v3.pdf,0
https://customer-service-paypal.download/webscr/suspended/submit?session=52270,1
https://m.nih.gov/profile/user?id=104928&tab=activity,0
https://support.yahoo.com/watch?v=dQw4w9WgXcQ,0
https://dropbox-ebayisapi-center.faith/ebayisapi/verify,1
http://tiny.cc/SgJwKFB,1
http://adf.ly/5l0WFQU,1
https://support.edx.org/privacy-policy,0
http://paypal-unlock-center.xyz/unlock/verify,1
http://microsoft-support-center.gq/support/verify,1
http://t.co/XqCQS6P,1
http://instagram.com.webscr-860153.top/webscr,1
https://support.spotify.com/blog/2024/05/machine-learning-advances,0
https://www.stackoverflow.com/privacy-policy,0
http://docs.zoom.us/,0
https://docs.gitlab.com/docs/v2/getting-started.html,0
http://micr0s0ft-recover.ga/login?auth=true,1
https://docs.yahoo.com/profile/user?id=104928&tab=activity,0
http://bit.do/sh1hh9S,1
http://117.125.2.13:8888/wellsfargo/ebayisapi.html,1
http://196.142.143.58:3000/amazon/support.html,1
http://m.chase.com/search?q=machine+learning+tutorial&page=2,0
http://bit.ly/4kPBdbN,1
https://blog.yahoo.com/search?q=machine+learning+tutorial&page=2,0
http://shorte.st/RRUfHBi,1
https://security-portal.cc/index.php?token=1ab48af27cdac96546c15a41686e0c93&target=fedex,1
https://archive.org/library/archive/research_paper_v3.pdf?session_id=98060&lang=en,0
http://chase.com.payment-863256.work/payment,1
http://goo.gl/tu0HMhM,1
http://binance-signin-center.trade/signin/verify,1
https://binance.com.recover-3627e4.science/recover,1
https://docs.bbc.co.uk/about,0
http://62.83.222.41/amazon/verify.html,1
http://webscr-portal.com/index.php?token=e7d7b1c428736651e3149fc77cab72c4&target=microsoft,1
https://blog.nature.com/projects/open-source-software,0
https://docs.ubuntu.com/projects/open-source-software,0
https://m.docker.com/help/faq/account-settings,0
http://docs.harvard.edu/api/v1/status?format=json,0
https://docs.bbc.co.uk/terms-of-service,0
http://amaz0n-update.men/login?auth=true,1
https://stackoverflow.com/search?q=machine+learning+tutorial&page=2,0
https://twitter.com/help/faq/account-settings,0
http://customer-service-usps.rest/webscr/confirm/submit?session=46075,1
http://www.docker.com/watch?v=dQw4w9WgXcQ,0
http://wellsfargo-payment-center.trade/payment/verify,1
http://215.237.34.55/instagram/wallet.html,1
http://g00g13-verification.buzz/login?auth=true,1
https://chas3-alert.science/login?auth=true,1
http://69.122.210.51/microsoft/confirm.html,1
http://buff.ly/cYu5dkx,1
https://m.sciencedirect.com/courses/cs101/syllabus,0
https://chas3-recover.country/login?auth=true,1
https://zoom.us/courses/cs101/syllabus,0
https://docs.netflix.com/blog/2024/05/machine-learning-advances,0
https://customer-service-fedex.gq/webscr/banking/submit?session=34341,1
http://buff.ly/oCOLjP9,1
https://wellsfargo.com.update-b661b4.fit/update,1
https://blog.intel.com/library/archive/research_paper_v3.pdf,0
http://instagram.com.service-561610.review/service,1
http://service-portal.com/index.php?token=155f90841988c35e021b2431ba7c6fe4&target=amazon,1
https://support.microsoft.com/,0
https://facebook-webscr-center.ga/webscr/verify,1
https://yahoo.com/library/archive/research_paper_v3.pdf,0
https://m.harvard.edu/privacy-policy,0
http://billing-portal.com/index.php?token=948fbac75d5e8d356c1a7de30c8121f3&target=google,1
https://support.tumblr.com/contact,0
https://payment-portal.cc/index.php?token=aa83774c71cb5d3adb173a7675dc85fb&target=netflix,1
http://is.gd/AwlEpmU,1
https://docs.nature.com/privacy-policy?session_id=21488&lang=en,0
http://coinbase-banking-center.men/banking/verify,1
http://authentication-portal.com/index.php?token=ccfd820ced48eeb4bfa87e33b3a63a26&target=dropbox,1
https://www.amazon.com/search?q=machine+learning+tutorial&page=2,0
http://docs.duckduckgo.com/?session_id=61902&lang=en,0
https://n3tf1ix-account.ml/login?auth=true,1
http://coinbase-banking-center.tk/banking/verify,1
https://api.spotify.com/library/archive/research_paper_v3.pdf,0
http://dhl-alert-center.ga/alert/verify,1
https://docs.stanford.edu/products/enterprise/pricing,0
https://www.paypal.com/api/v1/status?format=json,0
https://docs.zoom.us/downloads/releases/version-4.1.2.tar.gz,0
https://docs.netflix.com/downloads/releases/version-4.1.2.tar.gz,0
https://pay-portal.com/index.php?token=395f2386b001479361b881a05b97ffa0&target=facebook,1
https://m.stackoverflow.com/products/enterprise/pricing,0
https://chase.com.update-616412.top/update,1
http://199.101.3.96:8080/chase/account.html,1
https://support.edx.org/help/faq/account-settings,0
https://m.oracle.com/docs/v2/getting-started.html?session_id=47548&lang=en,0
http://n3tf1ix-payment.work/login?auth=true,1
http://metamask.com.verify-a51f4a.date/verify,1
http://facebook-portal-center.tk/portal/verify,1
http://customer-service-dhl.racing/webscr/alert/submit?session=94298,1
https://micr0s0ft-update.org/login?auth=true,1
http://support.pinterest.com/privacy-policy,0
http://instagram-confirm-center.faith/confirm/verify,1
https://www.yahoo.com/courses/cs101/syllabus?session_id=96317&lang=en,0
https://suspended-portal.top/index.php?token=9e21d03e0b661e8aa8c760145c4e38ea&target=usps,1
http://portal-portal.top/index.php?token=86b37740fdde02aacec939014ecd9bdd&target=wellsfargo,1
http://dh1-alert.loan/login?auth=true,1
https://blog.google.com/profile/user?id=104928&tab=activity,0
http://dhl.com.verification-bfe1de.date/verification,1
https://support.pinterest.com/blog/2024/05/machine-learning-advances,0
http://instagram-invoice-center.gq/invoice/verify,1
http://customer-service-coinbase.tk/webscr/verification/submit?session=70156,1
https://api.amazon.com/search?q=machine+learning+tutorial&page=2,0
https://support.medium.com/api/v1/status?format=json,0
https://docs.spotify.com/library/archive/research_paper_v3.pdf,0
http://usps-secure-auth.accountant/login?auth=true,1
http://app13-verification.rest/login?auth=true,1
https://blog.reddit.com/about,0
http://chas3-validate.men/login?auth=true,1
https://support.bbc.co.uk/downloads/releases/version-4.1.2.tar.gz,0
http://dropbox.com.account-c4fc94.win/account,1
http://t.co/YLusuE4,1
https://m.zoom.us/projects/open-source-software,0
http://blog.stanford.edu/downloads/releases/version-4.1.2.tar.gz?session_id=5221&lang=en,0
https://m.salesforce.com/wiki/Artificial_intelligence,0
http://tiny.cc/EHbec4C,1
https://customer-service-coinbase.gq/webscr/authentication/submit?session=68473,1
https://metamask-verify-center.win/verify/verify,1
https://blog.tumblr.com/about,0
http://t.co/FPOW9dK,1
http://wallet-portal.com/index.php?token=1b8b4acb09e34cca89c827820cc6572b&target=bankofamerica,1
https://customer-service-binance.buzz/webscr/secure/submit?session=42065,1
http://116.248.68.188/dhl/recover.html,1
https://customer-service-google.download/webscr/verify/submit?session=95147,1
http://chas3-authentication.top/login?auth=true,1
https://support.mit.edu/about,0
https://m.cnn.com/library/archive/research_paper_v3.pdf,0
http://bankofamerica-alert-center.gq/alert/verify,1
https://m.medium.com/blog/2024/05/machine-learning-advances,0
https://docs.salesforce.com/terms-of-service?session_id=4027&lang=en,0
http://docs.microsoft.com/courses/cs101/syllabus?session_id=86477&lang=en,0
http://metamask-portal-center.science/portal/verify,1
http://dhl-login-center.cam/login/verify,1
http://support.wikipedia.org/news/technology/science-updates,0
http://instagram-secure-authentication.gq/login?auth=true,1
https://support.google.com/about,0
https://docs.duckduckgo.com/profile/user?id=104928&tab=activity,0
https://www.spotify.com/api/v1/status?format=json,0
http://is.gd/hSAu9u0,1
https://customer-service-chase.cam/webscr/auth/submit?session=69631,1
https://docs.microsoft.com/help/faq/account-settings,0
https://blog.stackoverflow.com/search?q=machine+learning+tutorial&page=2,0
https://medium.com/news/technology/science-updates,0
http://paypal.com.authentication-ae04ae.date/authentication,1
http://m.cloudflare.com/privacy-policy,0
http://customer-service-dropbox.icu/webscr/portal/submit?session=50112,1
http://login-portal.com/index.php?token=59930bb1f9a54c29b58c257560203f06&target=paypal,1
http://app13-password.review/login?auth=true,1
http://customer-service-microsoft.club/webscr/verify/submit?session=79986,1
https://customer-service-microsoft.gdn/webscr/verify/submit?session=80827,1
https://oracle.com/projects/open-source-software,0
https://199.6.233.43:8888/google/confirm.html,1
https://m.kaggle.com/news/technology/science-updates?session_id=44449&lang=en,0
http://chase-verification-center.kim/verification/verify,1
https://www.arxiv.org/,0
http://apple.com/blog/2024/05/machine-learning-advances?session_id=39248&lang=en,0
https://ieee.org/docs/v2/getting-started.html?session_id=98481&lang=en,0
https://support.nasa.gov/api/v1/status?format=json,0
https://support.quora.com/profile/user?id=104928&tab=activity,0
https://youtube.com/courses/cs101/syllabus?session_id=3486&lang=en,0
http://155.194.149.59/wellsfargo/service.html,1
https://blog.mit.edu/profile/user?id=104928&tab=activity,0
https://www.gitlab.com/search?q=machine+learning+tutorial&page=2,0
https://support.google.com/profile/user?id=104928&tab=activity,0
https://www.adobe.com/products/enterprise/pricing,0
http://paypal-support-center.racing/support/verify,1
https://support.nih.gov/api/v1/status?format=json,0
https://api.sciencedirect.com/projects/open-source-software,0
http://dropbox.com.payment-7b8396.icu/payment,1
http://67.201.20.25/netflix/support.html,1
http://buff.ly/wSogQrf,1
https://nih.gov/projects/open-source-software,0
https://docs.theguardian.com/privacy-policy,0
http://metamask-support-center.faith/support/verify,1
http://facebook-verification-center.club/verification/verify,1
https://paypa1-support.xyz/login?auth=true,1
http://28.150.58.45/apple/security.html,1
http://g00g13-banking.country/login?auth=true,1
https://docs.chase.com/blog/2024/05/machine-learning-advances,0
http://36.38.186.157:8080/metamask/suspended.html,1
https://blog.ieee.org/courses/cs101/syllabus?session_id=98474&lang=en,0
http://facebook.com.account-412139.faith/account,1
https://docs.nasa.gov/docs/v2/getting-started.html,0
https://chase.com/projects/open-source-software,0
https://blog.kaggle.com/downloads/releases/version-4.1.2.tar.gz?session_id=4718&lang=en,0
https://docs.amazon.com/products/enterprise/pricing,0
http://customer-service-facebook.club/webscr/verification/submit?session=35374,1
https://google-suspended-center.kim/suspended/verify,1
https://docs.stanford.edu/courses/cs101/syllabus?session_id=90589&lang=en,0
http://gitlab.com/terms-of-service,0
https://docs.stanford.edu/wiki/Artificial_intelligence,0
https://coinbase-webscr-center.webcam/webscr/verify,1
https://amazon-confirm-center.accountant/confirm/verify,1
https://docs.edx.org/privacy-policy,0
http://customer-service-usps.gq/webscr/confirm/submit?session=26476,1
https://m3tamask-unlock.rest/login?auth=true,1
http://customer-service-usps.racing/webscr/wallet/submit?session=22060,1
http://customer-service-wellsfargo.faith/webscr/billing/submit?session=58131,1
http://apple.com,0
https://docs.stanford.edu/products/enterprise/pricing?session_id=60546&lang=en,0
https://www.reddit.com/downloads/releases/version-4.1.2.tar.gz,0
http://coinbase-authentication-center.space/authentication/verify,1
http://m3tamask-payment.top/login?auth=true,1
http://rb.gy/zsfwh31,1
https://support.cloudflare.com/blog/2024/05/machine-learning-advances,0
https://support.nytimes.com/downloads/releases/version-4.1.2.tar.gz?session_id=70922&lang=en,0
http://rb.gy/3w3W7A1,1
https://www.cloudflare.com/blog/2024/05/machine-learning-advances,0
https://customer-service-dhl.racing/webscr/recover/submit?session=24442,1
https://docs.nature.com/news/technology/science-updates?session_id=81492&lang=en,0
https://m.chase.com/api/v1/status?format=json,0
https://chase.com.signin-4f6d22.fit/signin,1
https://support.quora.com/downloads/releases/version-4.1.2.tar.gz,0
https://docs.linkedin.com/,0
https://m.coursera.org/library/archive/research_paper_v3.pdf,0
https://21.171.150.203/paypal/signin.html,1
http://api.nih.gov/contact,0
https://docs.ieee.org/blog/2024/05/machine-learning-advances,0
https://docs.spotify.com/watch?v=dQw4w9WgXcQ,0
http://customer-service-wellsfargo.party/webscr/verification/submit?session=21338,1
https://m.mit.edu/blog/2024/05/machine-learning-advances,0
http://c0inbas3-banking.com/login?auth=true,1
http://account-portal.com/index.php?token=fccce0722c4e0dbe4e7c1eab541c9de0&target=apple,1
https://blog.harvard.edu/downloads/releases/version-4.1.2.tar.gz,0
https://reddit.com/news/technology/science-updates,0
https://coinbase.com.secure-ab6133.download/secure,1
http://binanc3-login.country/login?auth=true,1
https://customer-service-dhl.racing/webscr/login/submit?session=56234,1
https://support.duckduckgo.com,0
https://validate-portal.cc/index.php?token=c6117f7474b678c26945fac994a856d6&target=coinbase,1
http://shorte.st/1XkD2oo,1
http://m.microsoft.com/search?q=machine+learning+tutorial&page=2,0
https://support.duckduckgo.com,0
http://customer-service-dropbox.download/webscr/confirm/submit?session=52779,1
http://goo.gl/9sbzDyz,1
http://t.co/yO9TUOJ,1
http://43.1.84.5/instagram/secure.html,1
https://docs.adobe.com/terms-of-service,0
https://api.pinterest.com/search?q=machine+learning+tutorial&page=2,0
http://t.co/MlTUfBQ,1
http://188.252.12.10:8000/paypal/password.html,1
https://apple.com/about?session_id=96360&lang=en,0
http://customer-service-apple.icu/webscr/verify/submit?session=14402,1
https://m.google.com/blog/2024/05/machine-learning-advances,0
https://blog.mozilla.org/watch?v=dQw4w9WgXcQ,0
https://stanford.edu/terms-of-service?session_id=73470&lang=en,0
http://usps.com.auth-aa214a.ml/auth,1
https://www.ubuntu.com/profile/user?id=104928&tab=activity,0
https://docs.nature.com/search?q=machine+learning+tutorial&page=2,0
https://m.ubuntu.com/downloads/releases/version-4.1.2.tar.gz,0
https://linkedin.com/products/enterprise/pricing,0
https://billing-portal.cc/index.php?token=60609043555886932435a5dc60ba036d&target=facebook,1
https://cloudflare.com,0
https://salesforce.com/watch?v=dQw4w9WgXcQ,0
https://usps-secure-confirm.fit/login?auth=true,1
https://blog.zoom.us/docs/v2/getting-started.html?session_id=99763&lang=en,0
https://customer-service-google.accountant/webscr/auth/submit?session=90244,1
https://support.bbc.co.uk/wiki/Artificial_intelligence?session_id=15621&lang=en,0
https://api.archive.org/profile/user?id=104928&tab=activity,0
https://support.twitch.tv/api/v1/status?format=json,0
http://98.158.130.152/google/account.html,1
https://docs.paypal.com/docs/v2/getting-started.html,0
https://customer-service-fedex.accountant/webscr/billing/submit?session=26027,1
http://fedex.com.service-0857a9.gq/service,1
http://www.kaggle.com/search?q=machine+learning+tutorial&page=2,0
http://customer-service-bankofamerica.ml/webscr/support/submit?session=18714,1
https://dhl.com.verify-0aa98c.kim/verify,1
https://binance-suspended-center.science/suspended/verify,1
https://docs.theguardian.com/profile/user?id=104928&tab=activity,0
https://blog.wikipedia.org/docs/v2/getting-started.html,0
http://dr0pb0x-suspended.kim/login?auth=true,1
http://121.146.238.155/microsoft/invoice.html,1
https://ebayisapi-portal.com/index.php?token=e0b21128f3cf56c788a62dd71e43a80d&target=facebook,1
https://api.paypal.com/docs/v2/getting-started.html?session_id=93778&lang=en,0
https://support.nasa.gov/projects/open-source-software,0
https://api.mit.edu/library/archive/research_paper_v3.pdf,0
https://docs.theguardian.com/api/v1/status?format=json,0
https://docs.docker.com/profile/user?id=104928&tab=activity,0
http://support.paypal.com/library/archive/research_paper_v3.pdf,0
https://www.nature.com/projects/open-source-software,0
https://api.mozilla.org/,0
http://shorte.st/2yd0gOa,1
https://www.cloudflare.com/projects/open-source-software,0
http://login-portal.com/index.php?token=66bda9fe928df8cdc5d3d5b7d143a688&target=chase,1
http://buff.ly/D5evbYZ,1
https://m.kaggle.com/?session_id=6798&lang=en,0
https://support.edx.org/terms-of-service?session_id=92248&lang=en,0
https://support.mit.edu/docs/v2/getting-started.html,0
https://docs.mit.edu/privacy-policy?session_id=79974&lang=en,0
http://instagram-secure-confirm.org/login?auth=true,1
https://www.spotify.com/contact?session_id=4631&lang=en,0
https://www.cloudflare.com/help/faq/account-settings?session_id=25530&lang=en,0
https://m.linkedin.com/,0
https://api.sciencedirect.com/news/technology/science-updates,0
https://blog.google.com/courses/cs101/syllabus?session_id=49311&lang=en,0
http://api.nih.gov/profile/user?id=104928&tab=activity,0
http://193.151.202.74/metamask/secure.html,1
https://api.netflix.com/,0
http://wellsfargo-security-center.date/security/verify,1
https://blog.mit.edu/terms-of-service?session_id=79333&lang=en,0
https://blog.twitter.com/downloads/releases/version-4.1.2.tar.gz,0
https://docs.oracle.com/terms-of-service,0
http://api.docker.com/library/archive/research_paper_v3.pdf,0
http://goo.gl/WSujh1Q,1
http://130.251.11.205/instagram/verify.html,1
https://m.sciencedirect.com/about,0
https://www.github.com/contact,0
http://fedex.com.confirm-fede66.cf/confirm,1
https://blog.reddit.com,0
http://customer-service-google.club/webscr/update/submit?session=10697,1
http://is.gd/S3gK8Xd,1
http://paypal-account-center.science/account/verify,1
https://support.youtube.com/library/archive/research_paper_v3.pdf,0
https://www.quora.com/news/technology/science-updates,0
http://amazon.com.recover-217902.racing/recover,1
https://docs.twitter.com/search?q=machine+learning+tutorial&page=2,0
http://f3d3x-pay.net/login?auth=true,1
http://142.208.216.233/binance/signin.html,1
https://customer-service-binance.country/webscr/update/submit?session=68618,1
https://m.youtube.com/library/archive/research_paper_v3.pdf,0
http://support.stanford.edu/watch?v=dQw4w9WgXcQ,0
https://customer-service-binance.faith/webscr/update/submit?session=43321,1
http://apple-invoice-center.men/invoice/verify,1
https://support.tumblr.com/terms-of-service,0
https://blog.netflix.com/help/faq/account-settings,0
https://www.youtube.com/projects/open-source-software,0
https://docs.twitch.tv/help/faq/account-settings?session_id=84588&lang=en,0
https://zoom.us/contact,0
https://www.theguardian.com/api/v1/status?format=json,0
https://docs.twitch.tv/courses/cs101/syllabus?session_id=3438&lang=en,0
https://support.nature.com/downloads/releases/version-4.1.2.tar.gz,0
http://133.108.128.81:8080/instagram/portal.html,1
https://blog.edx.org/wiki/Artificial_intelligence,0
http://goo.gl/VDkfcYO,1
http://60.212.225.176/google/ebayisapi.html,1
https://blog.twitch.tv/terms-of-service,0
https://92.196.85.102/usps/banking.html,1
https://blog.stanford.edu/help/faq/account-settings,0
https://customer-service-bankofamerica.download/webscr/verify/submit?session=14762,1
https://m.cnn.com/privacy-policy?session_id=39680&lang=en,0
https://arxiv.org/docs/v2/getting-started.html,0
http://bit.ly/pt95XKj,1
http://customer-service-facebook.rest/webscr/account/submit?session=98566,1
https://www.microsoft.com/privacy-policy,0
https://bankofamerica-portal-center.cam/portal/verify,1
https://docs.mozilla.org/api/v1/status?format=json,0
http://instagram-secure-verification.com/login?auth=true,1
https://m.salesforce.com/watch?v=dQw4w9WgXcQ,0
http://binance.com.suspended-6ebd3f.trade/suspended,1
https://www.wikipedia.org/projects/open-source-software,0
http://customer-service-coinbase.tk/webscr/payment/submit?session=32748,1
https://google.com.confirm-92b475.rest/confirm,1
https://api.tumblr.com/privacy-policy,0
https://201.24.181.216/binance/password.html,1
http://rb.gy/3N2xWPv,1
http://cutt.ly/IdDHmdi,1
https://api.cnn.com/,0
https://bankofamerica-security-center.cricket/security/verify,1
http://blog.yahoo.com/courses/cs101/syllabus,0
http://fac3b00k-signin.gq/login?auth=true,1
http://m.google.com/watch?v=dQw4w9WgXcQ,0
https://coursera.org/blog/2024/05/machine-learning-advances,0
http://bank0fam3rica-auth.ga/login?auth=true,1
http://t.co/I6rwLIc,1
https://customer-service-paypal.club/webscr/update/submit?session=44360,1
http://adf.ly/FFtnaR8,1
https://m.spotify.com/blog/2024/05/machine-learning-advances?session_id=91520&lang=en,0
https://wellsfargo-confirm-center.icu/confirm/verify,1
http://58.67.61.90/chase/pay.html,1
http://fac3b00k-suspended.trade/login?auth=true,1
http://service-portal.com/index.php?token=eaf666027e62c21b5861b021178e0a76&target=chase,1
http://micr0s0ft-banking.webcam/login?auth=true,1
http://customer-service-dropbox.cam/webscr/authentication/submit?session=26884,1
https://www.cloudflare.com/library/archive/research_paper_v3.pdf,0
https://www.reddit.com/wiki/Artificial_intelligence,0
https://api.quora.com/terms-of-service,0
http://g00g13-payment.faith/login?auth=true,1
http://adf.ly/CrthtN8,1
http://password-portal.top/index.php?token=d6e09346023211ee3e9fa110efb0b65f&target=instagram,1
https://m.ieee.org/courses/cs101/syllabus,0
https://pay-portal.top/index.php?token=0ebc8ef9305530caf92361e97fc5ab60&target=metamask,1
http://micr0s0ft-webscr.loan/login?auth=true,1
http://tinyurl.com/hdhV066,1
http://usps.com.wallet-a6840d.ml/wallet,1
https://support.intel.com/news/technology/science-updates?session_id=28292&lang=en,0
http://customer-service-fedex.accountant/webscr/account/submit?session=87367,1
http://amazon-account-center.kim/account/verify,1
http://instagram-support-center.men/support/verify,1
https://chase-confirm-center.racing/confirm/verify,1
http://customer-service-metamask.cricket/webscr/service/submit?session=35971,1
https://support.spotify.com/courses/cs101/syllabus,0
http://customer-service-paypal.racing/webscr/alert/submit?session=22209,1
http://metamask-banking-center.cricket/banking/verify,1
https://blog.google.com/blog/2024/05/machine-learning-advances,0
http://api.microsoft.com/wiki/Artificial_intelligence,0
http://verification-portal.com/index.php?token=a3f6b58bc267e3d7b629aaa5f8ec7842&target=wellsfargo,1
https://support.ieee.org/downloads/releases/version-4.1.2.tar.gz,0
https://linkedin.com/courses/cs101/syllabus?session_id=19878&lang=en,0
https://docs.apple.com/,0
http://188.142.52.206/dropbox/portal.html,1
http://signin-portal.top/index.php?token=f91c5ae66b5cd98fdaca090f1ecbd4d5&target=binance,1
http://facebook.com.account-64bd6e.top/account,1
http://customer-service-dropbox.icu/webscr/password/submit?session=14125,1
http://amaz0n-signin.loan/login?auth=true,1
https://m.nature.com/help/faq/account-settings,0
https://update-portal.com/index.php?token=fe5697ea4f559f05e3a2b118ef413525&target=fedex,1
http://netflix.com.payment-6d80c3.fit/payment,1
http://fac3b00k-support.cam/login?auth=true,1
http://api.microsoft.com/about,0
https://blog.medium.com/blog/2024/05/machine-learning-advances,0
http://usps.com.verify-45bd1d.icu/verify,1
https://m.mozilla.org/courses/cs101/syllabus,0
http://buff.ly/UxIwCAS,1
http://36.233.4.99:8888/facebook/recover.html,1
https://api.spotify.com/projects/open-source-software,0
https://api.yahoo.com/profile/user?id=104928&tab=activity,0
http://suspended-portal.com/index.php?token=35fd8c3424da2eb3e20a74e16288041a&target=netflix,1
http://customer-service-google.tk/webscr/account/submit?session=81824,1
http://customer-service-instagram.racing/webscr/validate/submit?session=53680,1
http://shorte.st/04Wu2IT,1
https://docs.twitter.com/products/enterprise/pricing,0
https://support.twitter.com/privacy-policy?session_id=94329&lang=en,0
https://api.nasa.gov/api/v1/status?format=json,0
https://docs.stackoverflow.com/contact,0
https://www.quora.com/products/enterprise/pricing,0
https://blog.ieee.org/?session_id=48918&lang=en,0
http://shorte.st/BJVXH4o,1
http://dhl.com.signin-c94809.cam/signin,1
http://shorte.st/uvwEF1p,1
https://docs.nytimes.com/?session_id=23898&lang=en,0
http://facebook.com.account-f04193.stream/account,1
https://m.stanford.edu/contact,0
http://netflix.com.recover-8c6e12.stream/recover,1
http://c0inbas3-signin.date/login?auth=true,1
https://113.86.205.8/metamask/payment.html,1
https://api.arxiv.org/downloads/releases/version-4.1.2.tar.gz,0
https://support.stackoverflow.com/library/archive/research_paper_v3.pdf,0
https://84.100.181.92:8000/bankofamerica/validate.html,1
https://docs.sciencedirect.com/products/enterprise/pricing?session_id=6856&lang=en,0
https://docs.stackoverflow.com/privacy-policy?session_id=48795&lang=en,0
http://amazon-pay-center.fit/pay/verify,1
http://docs.ubuntu.com/privacy-policy,0
http://support.theguardian.com/downloads/releases/version-4.1.2.tar.gz?session_id=4010&lang=en,0
http://buff.ly/09r4R6E,1
https://m.harvard.edu/news/technology/science-updates,0
http://chase-verify-center.ga/verify/verify,1
http://billing-portal.com/index.php?token=828c2c26bbc47037af06b803bf647dda&target=usps,1
http://facebook.com.update-629ffd.cam/update,1
http://g00g13-invoice.webcam/login?auth=true,1
https://m.docker.com/blog/2024/05/machine-learning-advances,0
http://api.edx.org/docs/v2/getting-started.html,0
http://api.cnn.com/terms-of-service,0
https://usps-secure-invoice.space/login?auth=true,1
https://api.zoom.us/search?q=machine+learning+tutorial&page=2,0
http://account-portal.com/index.php?token=ee0148eb206bf2dee568b1ee99f0b576&target=usps,1
https://api.zoom.us/courses/cs101/syllabus,0
http://f3d3x-verify.loan/login?auth=true,1
https://binance.com.password-16c54c.rest/password,1
http://dh1-alert.cf/login?auth=true,1
https://g00g13-validate.country/login?auth=true,1
http://portal-portal.cc/index.php?token=bc8939a33653edbfe98c567868de02df&target=google,1
http://76.89.117.5:8080/chase/auth.html,1
https://duckduckgo.com/library/archive/research_paper_v3.pdf,0
https://m.twitch.tv/contact?session_id=99316&lang=en,0
https://m.twitter.com/search?q=machine+learning+tutorial&page=2,0
http://google.com.portal-a5338f.fit/portal,1
https://www.archive.org/downloads/releases/version-4.1.2.tar.gz?session_id=39240&lang=en,0
http://is.gd/ru78K8i,1
https://m.microsoft.com/about,0
http://m.microsoft.com/search?q=machine+learning+tutorial&page=2,0
https://docs.paypal.com/help/faq/account-settings,0
https://metamask.com.support-9acc9f.gdn/support,1
https://api.medium.com/courses/cs101/syllabus?session_id=44007&lang=en,0
http://tinyurl.com/Iz5JFyW,1
http://194.192.19.34/usps/banking.html,1
https://bank0fam3rica-banking.work/login?auth=true,1
https://mozilla.org/contact?session_id=18143&lang=en,0
http://blog.adobe.com/courses/cs101/syllabus?session_id=58898&lang=en,0
https://www.harvard.edu/watch?v=dQw4w9WgXcQ,0
https://m.youtube.com/docs/v2/getting-started.html,0
http://login-portal.cc/index.php?token=afc684b3d62c9cdb722b423bb0b9af2f&target=amazon,1
http://wallet-portal.cc/index.php?token=fcda0698e78355b66f64b9b3a12ec230&target=wellsfargo,1
http://bank0fam3rica-service.gq/login?auth=true,1
http://metamask.com.login-662aa8.tk/login,1
http://netflix.com.payment-c19a0c.date/payment,1
http://m.spotify.com/downloads/releases/version-4.1.2.tar.gz?session_id=81739&lang=en,0
https://api.coursera.org/projects/open-source-software,0
http://bc.vc/s2pWOh5,1
https://coinbase.com.auth-906cc8.cf/auth,1
http://google.com.verification-d3915b.icu/verification,1
http://authentication-portal.com/index.php?token=ecf2a35a160919a880b7bca7e5071f74&target=netflix,1
https://blog.microsoft.com/news/technology/science-updates,0
http://secure-portal.top/index.php?token=fbf7caec8463742ffff22b019428ab2d&target=dropbox,1
https://www.twitter.com/downloads/releases/version-4.1.2.tar.gz,0
http://customer-service-amazon.country/webscr/authentication/submit?session=56648,1
https://customer-service-microsoft.science/webscr/validate/submit?session=30184,1
http://chase.com.recover-d5873e.faith/recover,1
http://wellsfargo-update-center.webcam/update/verify,1
http://customer-service-amazon.download/webscr/password/submit?session=27248,1
http://chas3-wallet.org/login?auth=true,1
http://service-portal.top/index.php?token=f202231ab77a09b116221b7baece39b0&target=chase,1
http://150.162.235.103:8080/wellsfargo/support.html,1
http://181.11.175.217/chase/verification.html,1
http://alert-portal.com/index.php?token=65d9b1d5442c0c2ace70b840d5d2ecb4&target=usps,1
https://nature.com/library/archive/research_paper_v3.pdf,0
http://chase-account-center.cam/account/verify,1
http://customer-service-facebook.cam/webscr/recover/submit?session=31333,1
http://adf.ly/t6Fm20O,1
https://docs.kaggle.com/help/faq/account-settings?session_id=51785&lang=en,0
https://customer-service-instagram.date/webscr/password/submit?session=91027,1
http://usps-secure-pay.date/login?auth=true,1
https://blog.medium.com/downloads/releases/version-4.1.2.tar.gz,0
https://blog.docker.com/news/technology/science-updates,0
https://microsoft-auth-center.cricket/auth/verify,1
https://m.ieee.org/about?session_id=61014&lang=en,0
http://edx.org/products/enterprise/pricing,0
http://bc.vc/bSurJSX,1
https://google-validate-center.gdn/validate/verify,1
https://www.microsoft.com/docs/v2/getting-started.html,0
https://m.mozilla.org/profile/user?id=104928&tab=activity,0
http://rb.gy/78HeeqH,1
https://binance-wallet-center.stream/wallet/verify,1
http://wellsfargo.com.verification-593996.cricket/verification,1
https://www.wikipedia.org/search?q=machine+learning+tutorial&page=2,0
https://blog.theguardian.com/wiki/Artificial_intelligence,0
https://billing-portal.top/index.php?token=8ecb5882f5f7d0b0a0d3e3c5d45b6321&target=facebook,1
https://login-portal.com/index.php?token=96f977c0cc02fa1d72a2133be97970f7&target=wellsfargo,1
http://api.oracle.com,0
https://www.sciencedirect.com/contact?session_id=53502&lang=en,0
https://blog.archive.org/help/faq/account-settings,0
https://m.ubuntu.com/,0
http://f3d3x-account.gdn/login?auth=true,1
https://docs.stanford.edu/wiki/Artificial_intelligence?session_id=25632&lang=en,0
https://spotify.com/products/enterprise/pricing?session_id=82018&lang=en,0
http://blog.intel.com/contact,0
https://docs.kaggle.com/about,0
https://support.ubuntu.com/projects/open-source-software,0
http://cnn.com/downloads/releases/version-4.1.2.tar.gz?session_id=72781&lang=en,0
http://customer-service-bankofamerica.country/webscr/login/submit?session=29446,1
http://customer-service-paypal.bid/webscr/verification/submit?session=52823,1
https://support.apple.com/terms-of-service,0
https://api.nasa.gov/wiki/Artificial_intelligence,0
http://184.209.38.66/instagram/payment.html,1
http://bank0fam3rica-login.gq/login?auth=true,1
https://pay-portal.cc/index.php?token=f9259d00e6001fdab15119344c982130&target=google,1
https://api.gitlab.com/about,0
https://m.chase.com/?session_id=97380&lang=en,0
https://unlock-portal.com/index.php?token=54e169ac3d7575220348a482911bead2&target=coinbase,1
http://127.23.194.148/microsoft/support.html,1
http://customer-service-metamask.party/webscr/ebayisapi/submit?session=55780,1
http://customer-service-paypal.icu/webscr/security/submit?session=86601,1
http://wellsfargo.com.payment-222641.accountant/payment,1
https://api.adobe.com/api/v1/status?format=json,0
http://63.235.170.134/usps/update.html,1
https://support.tumblr.com/api/v1/status?format=json,0
http://auth-portal.cc/index.php?token=d96e9c282b84e5013ad8d7cc2be36664&target=binance,1
https://usps.com.password-36eef3.download/password,1
http://rb.gy/nwLoNM0,1
http://paypal.com.suspended-be79db.country/suspended,1
https://blog.paypal.com/privacy-policy,0
http://customer-service-facebook.kim/webscr/confirm/submit?session=79159,1
http://goo.gl/JrGiD2a,1
http://c0inbas3-portal.gq/login?auth=true,1
https://api.adobe.com/help/faq/account-settings,0
http://73.240.85.238/usps/unlock.html,1
http://pay-portal.cc/index.php?token=7249f0ba3f9f9f10c4dce77241951b7f&target=usps,1
https://blog.wikipedia.org/wiki/Artificial_intelligence?session_id=10096&lang=en,0
https://m.reddit.com/library/archive/research_paper_v3.pdf?session_id=88878&lang=en,0
http://bit.ly/M4uY5JG,1
https://m.kaggle.com/search?q=machine+learning+tutorial&page=2,0
https://archive.org/search?q=machine+learning+tutorial&page=2,0
http://cutt.ly/QqeGOeT,1
http://amaz0n-wallet.trade/login?auth=true,1
https://support.gitlab.com/docs/v2/getting-started.html,0
https://59.72.88.218/netflix/portal.html,1
https://docs.medium.com/courses/cs101/syllabus,0
https://m.stanford.edu/help/faq/account-settings?session_id=58925&lang=en,0
https://api.mozilla.org/watch?v=dQw4w9WgXcQ,0
http://bc.vc/DMhy1LH,1
https://nih.gov/projects/open-source-software,0
https://docs.kaggle.com/products/enterprise/pricing?session_id=36825&lang=en,0
http://microsoft.com.ebayisapi-f20640.tk/ebayisapi,1
https://docs.sciencedirect.com/projects/open-source-software,0
https://coursera.org,0
https://176.132.142.162:8080/facebook/unlock.html,1
https://support.github.com/profile/user?id=104928&tab=activity,0
http://188.245.47.225:8000/bankofamerica/alert.html,1
http://binance-wallet-center.ml/wallet/verify,1
http://customer-service-dhl.party/webscr/recover/submit?session=17730,1
http://bit.do/crY6OZw,1
https://blog.reddit.com/terms-of-service,0
http://111.81.194.176:3000/fedex/service.html,1
http://api.ubuntu.com,0
http://customer-service-bankofamerica.club/webscr/verify/submit?session=27282,1
https://www.gitlab.com/help/faq/account-settings,0
https://customer-service-wellsfargo.space/webscr/unlock/submit?session=35062,1
https://customer-service-paypal.bid/webscr/authentication/submit?session=70322,1
http://customer-service-wellsfargo.top/webscr/support/submit?session=70521,1
https://m.bbc.co.uk/contact,0
https://api.oracle.com/contact,0
https://mit.edu/contact,0
http://coinbase-ebayisapi-center.bid/ebayisapi/verify,1
https://api.nytimes.com/projects/open-source-software,0
http://google-signin-center.loan/signin/verify,1
http://customer-service-usps.fit/webscr/pay/submit?session=59807,1
http://dhl.com.service-234525.download/service,1
http://usps-secure-alert.party/login?auth=true,1
https://binanc3-auth.cf/login?auth=true,1
https://api.salesforce.com/profile/user?id=104928&tab=activity,0
http://amazon.com.alert-6dee33.win/alert,1
https://docs.mit.edu/watch?v=dQw4w9WgXcQ,0
http://facebook.com.banking-fd9464.science/banking,1
https://m.adobe.com/contact,0
https://github.com/products/enterprise/pricing?session_id=69337&lang=en,0
http://166.16.96.34:8888/metamask/signin.html,1
http://customer-service-paypal.country/webscr/auth/submit?session=72535,1
http://alert-portal.cc/index.php?token=6725533ac846a1eb50a846893dc0c52d&target=coinbase,1
